/*
Navicat MySQL Data Transfer

Source Server         : localhost
Source Server Version : 50721
Source Host           : localhost:3306
Source Database       : j_monkey

Target Server Type    : MYSQL
Target Server Version : 50721
File Encoding         : 65001

Date: 2019-02-13 08:58:50
*/

SET FOREIGN_KEY_CHECKS=0;

-- ----------------------------
-- Table structure for act_evt_log
-- ----------------------------
DROP TABLE IF EXISTS `act_evt_log`;
CREATE TABLE `act_evt_log` (
  `LOG_NR_` bigint(20) NOT NULL AUTO_INCREMENT,
  `TYPE_` varchar(64) COLLATE utf8_bin DEFAULT NULL,
  `PROC_DEF_ID_` varchar(64) COLLATE utf8_bin DEFAULT NULL,
  `PROC_INST_ID_` varchar(64) COLLATE utf8_bin DEFAULT NULL,
  `EXECUTION_ID_` varchar(64) COLLATE utf8_bin DEFAULT NULL,
  `TASK_ID_` varchar(64) COLLATE utf8_bin DEFAULT NULL,
  `TIME_STAMP_` timestamp(3) NOT NULL DEFAULT CURRENT_TIMESTAMP(3) ON UPDATE CURRENT_TIMESTAMP(3),
  `USER_ID_` varchar(255) COLLATE utf8_bin DEFAULT NULL,
  `DATA_` longblob,
  `LOCK_OWNER_` varchar(255) COLLATE utf8_bin DEFAULT NULL,
  `LOCK_TIME_` timestamp(3) NULL DEFAULT NULL,
  `IS_PROCESSED_` tinyint(4) DEFAULT '0',
  PRIMARY KEY (`LOG_NR_`)
) ENGINE=InnoDB DEFAULT CHARSET=utf8 COLLATE=utf8_bin;

-- ----------------------------
-- Records of act_evt_log
-- ----------------------------

-- ----------------------------
-- Table structure for act_ge_bytearray
-- ----------------------------
DROP TABLE IF EXISTS `act_ge_bytearray`;
CREATE TABLE `act_ge_bytearray` (
  `ID_` varchar(64) COLLATE utf8_bin NOT NULL,
  `REV_` int(11) DEFAULT NULL,
  `NAME_` varchar(255) COLLATE utf8_bin DEFAULT NULL,
  `DEPLOYMENT_ID_` varchar(64) COLLATE utf8_bin DEFAULT NULL,
  `BYTES_` longblob,
  `GENERATED_` tinyint(4) DEFAULT NULL,
  PRIMARY KEY (`ID_`),
  KEY `ACT_FK_BYTEARR_DEPL` (`DEPLOYMENT_ID_`),
  CONSTRAINT `ACT_FK_BYTEARR_DEPL` FOREIGN KEY (`DEPLOYMENT_ID_`) REFERENCES `act_re_deployment` (`ID_`)
) ENGINE=InnoDB DEFAULT CHARSET=utf8 COLLATE=utf8_bin;

-- ----------------------------
-- Records of act_ge_bytearray
-- ----------------------------
INSERT INTO `act_ge_bytearray` VALUES ('2502', '1', 'D:\\WorkSpace\\JMonkey2.0\\target\\classes\\processes\\message-publish.bpmn', '2501', 0x3C3F786D6C2076657273696F6E3D22312E302220656E636F64696E673D225554462D3822207374616E64616C6F6E653D22796573223F3E0D0A3C646566696E6974696F6E7320786D6C6E733D22687474703A2F2F7777772E6F6D672E6F72672F737065632F42504D4E2F32303130303532342F4D4F44454C2220786D6C6E733A61637469766974693D22687474703A2F2F61637469766974692E6F72672F62706D6E2220786D6C6E733A62706D6E64693D22687474703A2F2F7777772E6F6D672E6F72672F737065632F42504D4E2F32303130303532342F44492220786D6C6E733A6F6D6764633D22687474703A2F2F7777772E6F6D672E6F72672F737065632F44442F32303130303532342F44432220786D6C6E733A6F6D6764693D22687474703A2F2F7777772E6F6D672E6F72672F737065632F44442F32303130303532342F44492220786D6C6E733A746E733D22687474703A2F2F7777772E61637469766974692E6F72672F746573742220786D6C6E733A7873643D22687474703A2F2F7777772E77332E6F72672F323030312F584D4C536368656D612220786D6C6E733A7873693D22687474703A2F2F7777772E77332E6F72672F323030312F584D4C536368656D612D696E7374616E6365222065787072657373696F6E4C616E67756167653D22687474703A2F2F7777772E77332E6F72672F313939392F5850617468222069643D226D3135343939333637323633373222206E616D653D2222207461726765744E616D6573706163653D22687474703A2F2F7777772E61637469766974692E6F72672F746573742220747970654C616E67756167653D22687474703A2F2F7777772E77332E6F72672F323030312F584D4C536368656D61223E0D0A20203C70726F636573732069643D226D6573736167655075626C69736822206973436C6F7365643D2266616C73652220697345786563757461626C653D227472756522206E616D653D22E6B688E681AFE58F91E5B883E6B581E7A88B222070726F63657373547970653D224E6F6E65223E0D0A202020203C73746172744576656E742061637469766974693A696E69746961746F723D22247B7075626C6973685573657249647D222069643D2273746172745075626C69736822206E616D653D22E5BC80E5A78BE58F91E5B883222F3E0D0A202020203C757365725461736B2061637469766974693A61737369676E65653D22247B7075626C6973685573657249647D222061637469766974693A6578636C75736976653D2274727565222069643D227075626C69736822206E616D653D22E58F91E5B883E6B688E681AF222F3E0D0A202020203C73657175656E6365466C6F772069643D225F342220736F757263655265663D2273746172745075626C69736822207461726765745265663D227075626C697368222F3E0D0A202020203C6578636C7573697665476174657761792067617465776179446972656374696F6E3D22556E737065636966696564222069643D226973417564697422206E616D653D22E698AFE590A6E99C80E8A681E5AEA1E6A0B8222F3E0D0A202020203C73657175656E6365466C6F772069643D225F322220736F757263655265663D227075626C69736822207461726765745265663D2269734175646974222F3E0D0A202020203C656E644576656E742069643D22656E645075626C69736822206E616D653D22E58F91E5B883E68890E58A9F222F3E0D0A202020203C73657175656E6365466C6F772069643D225F3622206E616D653D22E590A62220736F757263655265663D226973417564697422207461726765745265663D22656E645075626C697368223E0D0A2020202020203C636F6E646974696F6E45787072657373696F6E207873693A747970653D2274466F726D616C45787072657373696F6E223E3C215B43444154415B247B697341756469743D3D274E6F277D5D5D3E3C2F636F6E646974696F6E45787072657373696F6E3E0D0A202020203C2F73657175656E6365466C6F773E0D0A202020203C757365725461736B2061637469766974693A61737369676E65653D22247B61756469745573657249647D222061637469766974693A6578636C75736976653D2274727565222069643D2261756469744D65737361676522206E616D653D22E5AEA1E6A0B8E6B688E681AF222F3E0D0A202020203C73657175656E6365466C6F772069643D225F3822206E616D653D22E698AF2220736F757263655265663D226973417564697422207461726765745265663D2261756469744D657373616765223E0D0A2020202020203C636F6E646974696F6E45787072657373696F6E207873693A747970653D2274466F726D616C45787072657373696F6E223E3C215B43444154415B247B697341756469743D3D27596573277D5D5D3E3C2F636F6E646974696F6E45787072657373696F6E3E0D0A202020203C2F73657175656E6365466C6F773E0D0A202020203C6578636C7573697665476174657761792067617465776179446972656374696F6E3D22556E737065636966696564222069643D226175646974537461746522206E616D653D22E698AFE590A6E5AEA1E6A0B8E9809AE8BF87222F3E0D0A202020203C73657175656E6365466C6F772069643D225F31302220736F757263655265663D2261756469744D65737361676522207461726765745265663D2261756469745374617465222F3E0D0A202020203C73657175656E6365466C6F772069643D225F313122206E616D653D22E5AEA1E6A0B8E69CAAE9809AE8BF87EFBC8CE4BFAEE694B9E5908EE9878DE696B0E58F91E5B8832220736F757263655265663D226175646974537461746522207461726765745265663D227075626C697368223E0D0A2020202020203C636F6E646974696F6E45787072657373696F6E207873693A747970653D2274466F726D616C45787072657373696F6E223E3C215B43444154415B247B73746174653D3D274E6F277D5D5D3E3C2F636F6E646974696F6E45787072657373696F6E3E0D0A202020203C2F73657175656E6365466C6F773E0D0A202020203C73657175656E6365466C6F772069643D225F313222206E616D653D22E5AEA1E6A0B8E9809AE8BF872220736F757263655265663D226175646974537461746522207461726765745265663D22656E645075626C697368223E0D0A2020202020203C636F6E646974696F6E45787072657373696F6E207873693A747970653D2274466F726D616C45787072657373696F6E223E3C215B43444154415B247B73746174653D3D27596573277D5D5D3E3C2F636F6E646974696F6E45787072657373696F6E3E0D0A202020203C2F73657175656E6365466C6F773E0D0A20203C2F70726F636573733E0D0A20203C62706D6E64693A42504D4E4469616772616D20646F63756D656E746174696F6E3D226261636B67726F756E643D233343334634313B636F756E743D313B686F72697A6F6E74616C636F756E743D313B6F7269656E746174696F6E3D303B77696474683D3834322E343B6865696768743D313139352E323B696D61676561626C6557696474683D3833322E343B696D61676561626C654865696768743D313138352E323B696D61676561626C65583D352E303B696D61676561626C65593D352E30222069643D224469616772616D2D5F3122206E616D653D224E6577204469616772616D223E0D0A202020203C62706D6E64693A42504D4E506C616E652062706D6E456C656D656E743D226D6573736167655075626C697368223E0D0A2020202020203C62706D6E64693A42504D4E53686170652062706D6E456C656D656E743D2273746172745075626C697368222069643D2253686170652D73746172745075626C697368223E0D0A20202020202020203C6F6D6764633A426F756E6473206865696768743D2233322E30222077696474683D2233322E302220783D2235302E302220793D2238352E30222F3E0D0A20202020202020203C62706D6E64693A42504D4E4C6162656C3E0D0A202020202020202020203C6F6D6764633A426F756E6473206865696768743D2233322E30222077696474683D2233322E302220783D22302E302220793D22302E30222F3E0D0A20202020202020203C2F62706D6E64693A42504D4E4C6162656C3E0D0A2020202020203C2F62706D6E64693A42504D4E53686170653E0D0A2020202020203C62706D6E64693A42504D4E53686170652062706D6E456C656D656E743D227075626C697368222069643D2253686170652D7075626C697368223E0D0A20202020202020203C6F6D6764633A426F756E6473206865696768743D2235352E30222077696474683D223130352E302220783D223135352E302220793D2237352E30222F3E0D0A20202020202020203C62706D6E64693A42504D4E4C6162656C3E0D0A202020202020202020203C6F6D6764633A426F756E6473206865696768743D2235352E30222077696474683D223130352E302220783D22302E302220793D22302E30222F3E0D0A20202020202020203C2F62706D6E64693A42504D4E4C6162656C3E0D0A2020202020203C2F62706D6E64693A42504D4E53686170653E0D0A2020202020203C62706D6E64693A42504D4E53686170652062706D6E456C656D656E743D2269734175646974222069643D2253686170652D69734175646974222069734D61726B657256697369626C653D2266616C7365223E0D0A20202020202020203C6F6D6764633A426F756E6473206865696768743D2233322E30222077696474683D2233322E302220783D223337302E302220793D2238352E30222F3E0D0A20202020202020203C62706D6E64693A42504D4E4C6162656C3E0D0A202020202020202020203C6F6D6764633A426F756E6473206865696768743D2233322E30222077696474683D2233322E302220783D22302E302220793D22302E30222F3E0D0A20202020202020203C2F62706D6E64693A42504D4E4C6162656C3E0D0A2020202020203C2F62706D6E64693A42504D4E53686170653E0D0A2020202020203C62706D6E64693A42504D4E53686170652062706D6E456C656D656E743D22656E645075626C697368222069643D2253686170652D656E645075626C697368223E0D0A20202020202020203C6F6D6764633A426F756E6473206865696768743D2233322E30222077696474683D2233322E302220783D223537352E302220793D2238352E30222F3E0D0A20202020202020203C62706D6E64693A42504D4E4C6162656C3E0D0A202020202020202020203C6F6D6764633A426F756E6473206865696768743D2233322E30222077696474683D2233322E302220783D22302E302220793D22302E30222F3E0D0A20202020202020203C2F62706D6E64693A42504D4E4C6162656C3E0D0A2020202020203C2F62706D6E64693A42504D4E53686170653E0D0A2020202020203C62706D6E64693A42504D4E53686170652062706D6E456C656D656E743D2261756469744D657373616765222069643D2253686170652D61756469744D657373616765223E0D0A20202020202020203C6F6D6764633A426F756E6473206865696768743D2235352E30222077696474683D2238352E302220783D223335302E302220793D223234352E30222F3E0D0A20202020202020203C62706D6E64693A42504D4E4C6162656C3E0D0A202020202020202020203C6F6D6764633A426F756E6473206865696768743D2235352E30222077696474683D2238352E302220783D22302E302220793D22302E30222F3E0D0A20202020202020203C2F62706D6E64693A42504D4E4C6162656C3E0D0A2020202020203C2F62706D6E64693A42504D4E53686170653E0D0A2020202020203C62706D6E64693A42504D4E53686170652062706D6E456C656D656E743D2261756469745374617465222069643D2253686170652D61756469745374617465222069734D61726B657256697369626C653D2266616C7365223E0D0A20202020202020203C6F6D6764633A426F756E6473206865696768743D2233322E30222077696474683D2233322E302220783D223337302E302220793D223337302E30222F3E0D0A20202020202020203C62706D6E64693A42504D4E4C6162656C3E0D0A202020202020202020203C6F6D6764633A426F756E6473206865696768743D2233322E30222077696474683D2233322E302220783D22302E302220793D22302E30222F3E0D0A20202020202020203C2F62706D6E64693A42504D4E4C6162656C3E0D0A2020202020203C2F62706D6E64693A42504D4E53686170653E0D0A2020202020203C62706D6E64693A42504D4E456467652062706D6E456C656D656E743D225F3132222069643D2242504D4E456467655F5F31322220736F75726365456C656D656E743D225F392220746172676574456C656D656E743D225F33223E0D0A20202020202020203C6F6D6764693A776179706F696E7420783D223430322E302220793D223338362E30222F3E0D0A20202020202020203C6F6D6764693A776179706F696E7420783D223539302E302220793D223230352E30222F3E0D0A20202020202020203C6F6D6764693A776179706F696E7420783D223539302E302220793D223131362E3936383731393432323637313331222F3E0D0A20202020202020203C62706D6E64693A42504D4E4C6162656C3E0D0A202020202020202020203C6F6D6764633A426F756E6473206865696768743D22302E30222077696474683D22302E302220783D22302E302220793D22302E30222F3E0D0A20202020202020203C2F62706D6E64693A42504D4E4C6162656C3E0D0A2020202020203C2F62706D6E64693A42504D4E456467653E0D0A2020202020203C62706D6E64693A42504D4E456467652062706D6E456C656D656E743D225F32222069643D2242504D4E456467655F5F322220736F75726365456C656D656E743D227075626C6973682220746172676574456C656D656E743D225F35223E0D0A20202020202020203C6F6D6764693A776179706F696E7420783D223236302E302220793D223130302E30222F3E0D0A20202020202020203C6F6D6764693A776179706F696E7420783D223331302E302220793D223130302E30222F3E0D0A20202020202020203C6F6D6764693A776179706F696E7420783D223337312E302220793D223130302E30222F3E0D0A20202020202020203C62706D6E64693A42504D4E4C6162656C3E0D0A202020202020202020203C6F6D6764633A426F756E6473206865696768743D22302E30222077696474683D22302E302220783D22302E302220793D22302E30222F3E0D0A20202020202020203C2F62706D6E64693A42504D4E4C6162656C3E0D0A2020202020203C2F62706D6E64693A42504D4E456467653E0D0A2020202020203C62706D6E64693A42504D4E456467652062706D6E456C656D656E743D225F34222069643D2242504D4E456467655F5F342220736F75726365456C656D656E743D2273746172745075626C6973682220746172676574456C656D656E743D227075626C697368223E0D0A20202020202020203C6F6D6764693A776179706F696E7420783D2238312E39363837313934323236373133312220793D223130302E30222F3E0D0A20202020202020203C6F6D6764693A776179706F696E7420783D223132352E302220793D223130302E30222F3E0D0A20202020202020203C6F6D6764693A776179706F696E7420783D223135352E302220793D223130302E30222F3E0D0A20202020202020203C62706D6E64693A42504D4E4C6162656C3E0D0A202020202020202020203C6F6D6764633A426F756E6473206865696768743D22302E30222077696474683D22302E302220783D22302E302220793D22302E30222F3E0D0A20202020202020203C2F62706D6E64693A42504D4E4C6162656C3E0D0A2020202020203C2F62706D6E64693A42504D4E456467653E0D0A2020202020203C62706D6E64693A42504D4E456467652062706D6E456C656D656E743D225F36222069643D2242504D4E456467655F5F362220736F75726365456C656D656E743D225F352220746172676574456C656D656E743D225F33223E0D0A20202020202020203C6F6D6764693A776179706F696E7420783D223430322E302220793D223130312E30222F3E0D0A20202020202020203C6F6D6764693A776179706F696E7420783D223537352E302220793D223130312E30222F3E0D0A20202020202020203C62706D6E64693A42504D4E4C6162656C3E0D0A202020202020202020203C6F6D6764633A426F756E6473206865696768743D22302E30222077696474683D22302E302220783D22302E302220793D22302E30222F3E0D0A20202020202020203C2F62706D6E64693A42504D4E4C6162656C3E0D0A2020202020203C2F62706D6E64693A42504D4E456467653E0D0A2020202020203C62706D6E64693A42504D4E456467652062706D6E456C656D656E743D225F38222069643D2242504D4E456467655F5F382220736F75726365456C656D656E743D225F352220746172676574456C656D656E743D225F37223E0D0A20202020202020203C6F6D6764693A776179706F696E7420783D223338362E302220793D223131372E30222F3E0D0A20202020202020203C6F6D6764693A776179706F696E7420783D223338362E302220793D223234352E30222F3E0D0A20202020202020203C62706D6E64693A42504D4E4C6162656C3E0D0A202020202020202020203C6F6D6764633A426F756E6473206865696768743D22302E30222077696474683D22302E302220783D22302E302220793D22302E30222F3E0D0A20202020202020203C2F62706D6E64693A42504D4E4C6162656C3E0D0A2020202020203C2F62706D6E64693A42504D4E456467653E0D0A2020202020203C62706D6E64693A42504D4E456467652062706D6E456C656D656E743D225F3131222069643D2242504D4E456467655F5F31312220736F75726365456C656D656E743D225F392220746172676574456C656D656E743D227075626C697368223E0D0A20202020202020203C6F6D6764693A776179706F696E7420783D223337302E302220793D223338362E30222F3E0D0A20202020202020203C6F6D6764693A776179706F696E7420783D223230352E302220793D223231302E30222F3E0D0A20202020202020203C6F6D6764693A776179706F696E7420783D223230352E302220793D223133302E30222F3E0D0A20202020202020203C62706D6E64693A42504D4E4C6162656C3E0D0A202020202020202020203C6F6D6764633A426F756E6473206865696768743D22302E30222077696474683D22302E302220783D22302E302220793D22302E30222F3E0D0A20202020202020203C2F62706D6E64693A42504D4E4C6162656C3E0D0A2020202020203C2F62706D6E64693A42504D4E456467653E0D0A2020202020203C62706D6E64693A42504D4E456467652062706D6E456C656D656E743D225F3130222069643D2242504D4E456467655F5F31302220736F75726365456C656D656E743D225F372220746172676574456C656D656E743D225F39223E0D0A20202020202020203C6F6D6764693A776179706F696E7420783D223338362E302220793D223330302E30222F3E0D0A20202020202020203C6F6D6764693A776179706F696E7420783D223338362E302220793D223337302E30222F3E0D0A20202020202020203C62706D6E64693A42504D4E4C6162656C3E0D0A202020202020202020203C6F6D6764633A426F756E6473206865696768743D22302E30222077696474683D22302E302220783D22302E302220793D22302E30222F3E0D0A20202020202020203C2F62706D6E64693A42504D4E4C6162656C3E0D0A2020202020203C2F62706D6E64693A42504D4E456467653E0D0A202020203C2F62706D6E64693A42504D4E506C616E653E0D0A20203C2F62706D6E64693A42504D4E4469616772616D3E0D0A3C2F646566696E6974696F6E733E0D0A, '0');
INSERT INTO `act_ge_bytearray` VALUES ('2503', '1', 'D:\\WorkSpace\\JMonkey2.0\\target\\classes\\processes\\message-publish.messagePublish.png', '2501', 0x89504E470D0A1A0A0000000D49484452000002690000019C080600000082C637E5000032AA4944415478DAEDDD0B8C15E5F9C7F10DB1C61A634C6324A631C4101BDB18A26D888D7FA36B9A9AA2D96A7639339D397B7075651551AA453112362ED5A815AA568897A8ADB7D86A63BD500DB0802B1450410BD41501451090CB82C87D776177FECF43DF430FCB39676FE7F2CECCF793BC39EC85BD3CFBBE33BFB9BD6F4505000000000000803EBAFDF10541B6C6C74BF3710000809C212DDFFBF878713F0E0000404823A4010000421A1F27A4010000421A210D000010D2F838210D0000143DA4F1F4254F770200000000000000000000000000000000228A1BDB0100002C0D697D791F00000008690000008434421A000000210D00000084340000809086349EEE04000000000000000000000000000000000000000000000000000000000000000000000000000000000000000000000000000000000000000000000000000000000000000000000000000000000000000000000000000000000000000000000000000000000000000000000000000000000000000000000000000000000000000000000000000000000000000000000000000000000000000000000000000000000000000000000000000000000000000000000000000000000000000000000000000000000000000040A1044170CAFAF5EB372D5DBA34983F7F7ED0DCDC4CB3A0CD9B372F58B87061B7B427E9A50000C49006B4458B16053B76EC083A3A3A6816B5B6B6B6A0A5A5A55B02DB747A2A000031A367D008687607B5E6E6E60E7A2A000031A3973809437637BDFC494F05002066340010840869000020A4216DFF775B83F5CBFE12B4CEFBFDD1A6FFD6F711A208690000A04C216DDFEE2DC1A7731A8395EFDC755CD3F7E9C7085284340000508690B6A9F5ED13025ABA6D6E9D459022A40100807284B4D5EFFD216748D38F11A408690000A00C21EDD3E6A69C214D3F469022A4A128865102E044959595A7FCE637BF99226D91B436691DD2828C7644DA2E694B7DDF7FB2AEAEEE0CAA360841109C3167CE9C3767CE9CB97FFAF4E9DD13274E0CA4A8478B9D4AA5823BEEB823686C6CEC9C3A75EA96091326FC8E8A11D2086988B849BA699436955200FF555353334272418B04AFCE1EA12C6FF33CAFCB75DD5679BD942AF6C337DF7C937CE9A597F6FEF6B7BF0D6EB9E596E02F7FF94BF0C1071F045BB76E0D0E1D3A14A8CECECEA393AD2E5BB62C78F9E5978371E3C605B7DE7A6BF7E4C993174AC18752C5E287347D9A335748D38F11A40869287840EB96F6897925A821F667CE2464CD967016F4279CE5684B39B3D6FB99B3A10B162CD879DB6DB705D3A74F0F56AD5A75348CF5556B6B6B3073E6CCE0C61B6F0C264E9CC806ACC8216DDDE29939439A7E8C20454843C1035A7ABB3685A086381B3D7AF42F3CCF3BD4336CE9899DA79F7EFAE8899D2D5BB61C3BB1A3AF7A62E7E38F3F0E5E78E185E0F6DB6F3F21A849E03BE838CEB55437C7D9B33FFDE94FDD5AB8152B560483F1F9E79F0713264C086EBEF9E6ED24E3E285B45D5B56059FCEBDF7C44B9DF23EFD18418A9086A204B4DEDE0F449A84A91B93C9645766C0BAEBAEBB8E06B023478EF4392B68D6983C7972CFB0D62D5F9F319569DFBE7D131A1B1B83C71F7F3CD8BB776F50089A9AF5EB8D1F3FFE3B2E7F1627A469FB6AF98B2784347D1F218A9086A206B49E1F9F42A910978096797953C25A306BD6AC7E85B39E66CF9E7DEC7EF78CB36A04B5F419340D680F3FFCF0A08A9CCB934F3EA967D4BED56BD754BBC021ADBD3D58B7E4C9132F75CAFBF4630429421A8A1AD0D2B8F48958D04B9C12D0BA332F6DAE5DBBB6205961C3860D81DE6A9579462DF6973EF51E34BDC4A967BC8A11D0D21E7BECB1A0B6B676235DBC70214D571458BB7846CE7BD2F463AC3A404843D1035A6650EBE28C1AA24A4FB464DE83A6014DEF312B24FD7A99414DEF518BF52D53FA9080DE8356A84B9CF92E7D8E1B37AE5BFEC0B7D3D50719D2DADB83ADEB1604FF993D3967404B37FD1CFD5CCEAA11D250D48096F9FFBA38A38628D2A738332F7116EA0C5AB6336A3D2E7D7E14CB82EB654E4DACFA046729E8C3047AA321F7A70D3CA4F576F68CB36A8434942DA0F5FCFF9C514364E83C6899F7A1E93D68C5A4F7A865DE9FA697596357749D074DA7D928A5FBEFBF5F27BA9B45971F5848EBCBD9B37C67D508568434F42BA00D91F68C79CDA7E7E7718F1A224527AACD7C8AB33F53730DD4DD77DF9D79D9B3355605D7950474A2DA529D454B5BBD7AB5CE307C38CE0F11F47566E56C216DA0012DDD085684B4281BE476255B405B53F1DFD505D6E4096AB93E8F336A88CCB8CA5C4940A7D92805CD27992B13C4EA2A9CEC5CFEA937FD15F361815CEAEAEA7419881B637C447258DAA6DEC25A5FA7E0A011D2706C6CED916DCB6B03B8D138DB25CE674CF00AF204B5CC80966E4FF7F275019BC6CC2ED917DD92EF73742A8CCC87054A991B3227BCD5B53E63F387D1B53875A9A77278F4D1470FEAE2AB310F69E953B89F4BFB11218D9086C28D2D3DEA96D757FA18D67205A96C012C33A8F5F6F1342E7DC2E631930E41BB729D3C318BA51FFDBC679F7DB6A47941979CCC5C362A367F185D2C5D976C2887254B961CD13349711D143210BA7B4CD8A74FBDBED1F3520D218D9086FE31E12C73A37E58DEF7E000025A6F41EDA43E06B4CCEFC3539FB039A4A55B5BCF336BFABEF4C74B9D1BF4D26AC625CFDDB1F9C34C9C38F1E862E9E5B073E74E0D291D212AD790220F8A74EBC83C9D4B4823A4A160636BBFB429FD0C68F9825A473F025ACFA0C63D6A08C398397619545E8FDD8F56EADCA0F3A665FC4C4762F38749A552C7163D2D357D2A440B9E48244ED31B015DD71DAE8FF7CAEBCFF5315BF9D8D5F2EF84E338D749BB59DA1D125E264BBB4FDA34F9F80CF97FCFC8EB8BD25E95F6A6B477A5CDD7D3B2F27F3F90F689B4FFE8E544F9DC2FE4FD1BE4DF9BA56D93A6470ADF4ADB6336DE7AF9B55D9A76443DCBA747E3DD59167EED361F3B6C3EFF80F91ABBA46D937F6F92D72FA57D266D859E9A354FC4BC2BBFC33FE4F525F91A4FE71914E976503EEF0F84B47084B486868653ABAAAACE94BFDB397AE95AFAE885B5B5B597A4FBB2B4D1D2376AF55282FC7BBCFC7B62BA3FCBFB1E96B71FD3702E7DE439ED23DAA7F5CCAAB477E4E3CDA60F2D96B73F34FD7A95E963EBE47D5FC9EBD7D2B6681FD4BE2DAFDF4AFB4EDA3EEDA3D274F2C90ED3BF0F9B3E9CB58F67AC9BD76DCE4A75993171D87C8D76F3F5F4EBEED3FE2F9FBBDB8C01FDDEDBA47D63C6C2061D0FF2EFB5FAF3EA78D471216F2F3763E35FE6779BA76344DEFFB68E13A9C5DFB40EF2F69FCD789921EF7F445E1FD29A69D892B727E99C8BBA1391B76F30F54DF4616CE9CFFD4045FFEF15CB16D4FA13D0D2B8F489B084B46367D632DF2E756ED0EF97F9FD63F58729A7CC1D8236B34338627624ED2638EDD79D80062ADDF99880B5D96CFC3578AD363BAC8FCD467FA16EF075E7A63B39DDD8CBEB0B26D0CDD0806782DE640D7E26005E6736EE57CBBFAF90D78BE5ED0B24C49E2BED2CDD016BBDF4DE96FAFAFA61BA0396CFBB4C5A95EE18CCD798A43756EA8E445E9F323BDAD74D707C4F7F36F9DC7FEB8ECA04C6A02F8D90667F93BF67CFBE9C0E3687CDD1E7D15023FDE280094D1A9E8EF56713AE36CABFD7678499551AC634949920A37D68AEF4AF7F6ABF3607262F69A893CF7B42DEF7A80618ED83DAB735046A1834A150DEE5574BBB4AFBB71E08691FD630A9A152C365FA32BBBE6A3FD70327EDEB72E074BE7EAE8E09EDF3F27FAED47EAFA153BFAE8623EDFFF23A41C7808627FD19F4F2A2095533743CA4C3A7095FAFCBDB6FE9D83001F43DF33B2E95B797E93831614E43E89AF40196097D5B4CCDDACC51FE6E7390B4CFD4F7605FC6557575753A5CF5F791FE93B29C41EB30EFEF8FD97DDD06D068B6B532E785F884B4EBAEBBAE9C67D2BA6355ECBE1FB96C4A26932E973BB9DC89C28E2D13E86ECF72A9B3AF971E0B7D26ED41FE5AB0FD16013DE8D28337CEA495C1EF7EF7BBB2DD93B663C78ECE90DD9356307A86A2C740E832674D4E988E8390464843DFE959C02C3B9A6FF24C2F50EA7BD2D26B7B72A9133687B463E12CFD39DC935606F7DE7B6F47B99EEE9C3367CE8EB83EDDA961CC1CD977EAA5AB7C5304D81CD2729C5128D9C70969C835B6D253DBF471D2E8523EDDC9C4B6B039A4E93DA60F669B109AA73BCBE0BEFBEEDB58AE79D21A1B1BB7C5759E34732FD0B37D9919DDF69096EF7DC5FE38210D3D2593C991E6618A4BFBF95F733D7559A879D252153CD5097B43DA0967CEB27C0EF3A495DA840913AE1F376E5C59561CD065A1E2BCE2405F11D2086928992959CE741572C581E9941861A567D8CAB5E2802E5F19CB15074C50EB2AF5DA9D4B972ED54B9DB15EBB9390464883958AB57627010DA1661E1E38C2DA9DA53E749C32E5BD69D3A69534A4353434E8A5CE59747B421A210D169F51CB0C6A4F57F4FE5040CFCF633E34448AECB73F4A07A6BBEEBAAB2467D3264F9E9C394F696BEC8AAE37AD8F1D3BB6BBB5B5B52401EDC30F3FDC69E68F1A4A9727A411D260F119B5C1DC43464043E4E884F3991360CF9A35ABA87961F6ECD9C73D75AA9383C7B2F0B7DE7A6BE36DB7DD16ECDDBBB7A8053F78F06097EFFB9D3DE62A02218D9086309C51EB4FC023A021AA67D38E3D40904C2683B56BD716252F6CD8B021D0B95C3342DA47B12EFCB871E3B63EFAE8A3C53C7DD92DDF6387CEAA4E378F4E48AB600A0E425AF4CFA8F5277011D010697AF54DF6E307331F22D079CC0A3D2FDAADB7DE9A7999F360BEA9AA62416F0A94A2EC9C39736631825AF7E4C993756DC14DB12F7484421A8D9016A3336A7DB9F499AAE02101C480E338D7665EF6D4A056A8336A7A062D33A0E9F7D1EF47D54D506B6868D8F1C73FFE313870E040C12E718E1F3F5E1F14D8C47D688434421A227A462D7D0F1B010D71096A9332839A5EFAD47BD406739247EF41EB718953CFA27156BA67504BA552EB6FBAE9A6EE952B570EFA2101BD074D2F7172068D9046484344835AB6F9D580D805B5F4539F2B56ACE8F7341B8D8D8D3D97A6EA26A0E5A137F7D7D6D61EB9F7DE7B0F6B58EB4F3A5EBE7C799BDEE3669EE2E42101421A210D510B6AE940D658C14A02887750BB36F31EB5CC4BA0BA32C1B265CB8EAEF5995E945D5FF59E330D72BA9240E644B599F7A07189B30FCC0D82AFE9D9B03163C6744F9F3EFDE0FBEFBF7F64DBB66D5D9D9D9D470B2EAFDDBA58FADCB97377EA524FBA928086339D078DCB9B8434421A22287DE6AC45B68FFAB77F889220EE5921F3A9CF41B68FB8F2360052B894B479D2366649CD1D7ACF99AEA9A54B3DB19200218D9086189C51D323FE209148FC807200FF9D474DC6C427992B13F4A5E94A023A51ADEFFB57514510D268843414C230D9B174CB51FF799402F81F3D5163D6FAD4B36B6DF2EFCE9EA14CDA6E3DB1A36B7172D50D84341A210D0567CE185C4C2580DCF4DEF48C80760B1501218D46484329763E1D8944E2575402C83B4E76679C49DB45454048A311D2508A3369076507E4510920E7189992E51E34CEA681904623A4A1E86708F6388E733395007286B43D591E16D846654048A311D250EC1DD04E69775309E044AEEB4ECFF54467329974A910086934421A8A19D274D2EE07A80490757C1CCA33F5C6462A04421A8D908662EE84364A9B412580E3992938F2CE8FC6AA0220A4D108692866485B23ED792A011C2FDB525159DA262A85509B3F7F3E418890067B43DA4A5D3A8F4A00BD8E958B755E412A814859B46851972E464B18B2B36DDEBC79A384B40E7A6A6CCF167CE079DE3B5402C84FC6C9A5BAAE379540A42C58B0E081969696EEEDDBB7138A2C0C68F3E6CD3B2C6D3A3D35B66707DE93D6422580FC1CC7B942C64A279540E4480898DADCDCBC5F2FAB85B93DFFFCF347EF4308FBEF91D13A0868B1DFF1FCD3F3BC0FA904909FEBBA57CAF69FAB0E80C5671D8E4E6A482510A13EFDAAEC7C565109203FDFF7AF22A4019662815D4491E338CF497F5E4B25805E43DA357240D34E25000BF5781C9BC7AE1195838FC7989413E89D8C93D13AB92D9500EC0B68D399C410113D3B709FF46FD621047A3FA0F164DB7F904A00760DCCA1D2BAB24C62F811D54104CE0EDC296D1795007A1D2B2969FBA9046057487B23D76CD3AEEBFE880A21E43B9EB1D28FF75209A0D7B17283B47D5402B027A00DD519A6F32C09C2D934849A04B4049770803EED0F6E92C6010D60D191D3A25ED66DEBAEAFAF1F46A510E29076251374027DDA1F8C97F61D9500EC386AD2B368FB7519905E825A0BD542582593C991AC4708F4699F70BBB4DD540208C120D59D9BAEE55653533382CA20AC5CD71DAE6784A904901F0FD90096731CE71E09663BA904A2A2AEAEEE0C56D100D8FE03A1C79C5288E81982A0A9A9E9242A01E41D2753A4B55109C0DE90364D42DA662A81A885B4542A75169500F28E932669DBA90460EF209D216D03954094E864CD353535E7530920EF38B95FB6FF5BA904606F487B56DA3A2A8128715DF7706D6DED255402C8BBFD7F48DA162A01D83B485F92F6199540C4FA75BBB4ABA90490F76046D770DE4425004B799EF77719A82BA80422B6F339207DBB964A0079B7FF8F4948DB4825007B07E9DBB2435B462510253A8BBACEA64E2580BCE364A6B4AFA80460EF209D236D09954094C881479BEFFB93A90490779C3C25DBFF2FA904606F486B91F61E9540C4FAF516BD299A4A0079C7090F8E01960FD2257A368D4A2062FDFA2BD7759FA01240DE71F2BCB4355402B094E779CB1DC7798B4A204A24A07D2E3B9F17A9049037A4F1743F60F9205D293BB4D7A80422D6AF57487B9D4A0079C7C92BB2FD6FA51280BD83F4333D9AA2128858BF5E2A3B9FD95402C83B4E5E9571B28A4A00F60ED22F3CCF7B864A2062FD7ABEB4855402C83B4E5ED7B3CE5402B077906ED0F53BA904A284F9FF803E6DFFDF94F6319500EC1DA45B6467F630954094489FFEABF4ED4FA9049077FB3F4BDA475402B077906E931DDA542A8128D14BF87A299F4A0079B7FFEFEAFD9B5402B07767B6D3719C7BA804A244FAF423D2B759381AC81FD2E64A5B4C25004BB9AEBB5B06E9042A8188ED7C9AA46DA71240DE71C2033680E5216DAF0CD2B1540251E238CE1D9EE77D4B2580BC218D650101CB07E901693E9540C4FAF50DD2F6510920EF3859246D1E9500EC1DA4871CC7B9964A204A7CDFAFD6BE4D2580BCDB7FD66E062C1FA41DAEEB5E49251025A3478FFE85F4ED4E2A01E4DDFE2FD5273CA90460290968876B6B6B2FA11288D8CEE722695D5402C83B4E3ED2B9D2A80460EF20EDF27DFF422A8128A9AFAF1F260720DD5402C8BBFDFF58571DA01280BD83B45B7666C3A904A22491489C267D3BA01240DEEDFF0A5DBF934A00168734CFF386520944B06F0712D64EA61240767280BE4AC6C9AB5402B07B47761A9540140F40AAABABCFA61240CE90D62AE3E4152A01581CD2A80222DAB7BB642774019500728E91D5D25EA4128085B86F0711DF011D761CE7322A01E41C236B3CCFFB3395002CA49782F49210954014B9AEDBEEFBFE355402C819D2BE9090F60C95002C545757771ED31420C23BA0FD8EE35C4725809C0732EBE540E6492A015848E74763C24F447807B45BFAF7042A01E43C90D9206D0695002CE479DEA57ADF0E95404477403BA435520920E718D928FB81C7A80460215DB353D7EEA4128868FFDEECFBFE342A01E40C699B649C4CA71280856407562D83F41095404443DA7A694F5109206748DB22ED212A0158C8F3BC5AD9891DA01288E80EE833E9E32F530920E718D92A63E47E2A01D83940C74A48DB4B251045D2B73F911DD01B5402C8B90FD82EAD894A0016921DD8EDD2765309447407B458DA5C2A01E41C236DD2A65009C0428EE3DC23216D27954014B9AEDB2C3BA07F5109206748DB29ED6E2A0158C8F7FDFB6447B68D4A20A23BA037A57D4C25809C63E45B39509F4825003B43DA349DA6804A208AF4A101E9DFAD5402C88E099F01BB8FA266E88CD3540211DD013D25FDFB4B2A01E4DC07EC9183995BA80460E7007D56DA3A2A8128E24C31D0EB81CC5E7DCA9F4A007686B497742E292A8188F6EF465D1A8A4A0039C7C83E69375009C0429EE7FD5D8EA45650094474073441EFB9A11240CE31B25F5A8A4A007686B4B76527B68C4A208A1CC7B94E77425402C819D20ECA7EC0A312809D03748EB4255402110D69D7CA41483B950072EE030E491B4D25003B07688BB4F7A804A2C8F3BCCBA57F1FA61240767A10E3FBFE355402B033A42DD1B3695402515453533342FA7717950072EE033A24A45D4525000B799EB7DC719CB7A804A268CC98313F745DB79B4A0039435AA7EC077E4925003B07E84AD989BD46251045959595A7481F0FA8049037A45D4E25003B07E8673A571A954084FB78D0D0D0702A95004E2407E9876B6B6B2FA112809D3BB02FE428EA192A8108F7F16E69E7500920EBF838924C26475209C0CE01BA41D7EFA41288701FEFF27DFF422A01303E80B00DD02DAEEB3E4C2510E13EDEE938CE155402C81ED2641F70019500EC1CA0DB64804EA51288701F3FE4FB7E3595007286B41F5109C0429EE7ED741CE71E2A8108EF8458401AC83D3EBA53A9D4B95402B0902E3EAD8B50530944F840E45B3910B9834A0059F701DD3A9F209500EC1CA07B25A48DA51288F09982EDD29AA80490757C04A954EA2C2A01D839400F48F3A90422DCC737398EF3089500B287B4BABABA33A80460E7003D243BB06BA904A2CAF33CE60204F28434267B06EC1DA01DAEEB5E49251055D2BF5BA5FD954A00D9435A5353D3495402B07307C692208834CFF3963B8EF31695004ED8FE4FD5905655557526D500EC3C8A62B66944BD8F2F92368F4A00C71DBCBCACDB7F3980B98E6A00F6EEC0BAE5686A38954084FBF81C694BA804706C4C2CD65B5D24A85D4E3500CB439A0CD4A1540251E538CE3FA48FFF9B4A20EEF40101D9E67FA9532FB1CA00108E9016241289D3A80422DCC75F94B69A4A20CE74C25A1907BBA47D23DBFC1F5011C0723A81A18634CFF326520D4495EBBA4F481FFF8A4A20AE2494FD4CA75B92B6922739811091413B5E6F1E9536856A20A27DFC21695BA804E2C8F7FD6BA4FF1F96039577A8061042AEEBDE689EF2BC8F6A20823BA9C9D2C7DBA804E24682D9EDE6207C06D500C23D986B4D509B46351025E66CF177540231EBF733749BAE418D6A00D118D4A3CD51D74CAA81281D80B8AE7B804A202E1CC7F9A75EE2D44B9D540388D6E0AE92C17D44DAB3540311EAD3ED540251A70F05E8C301FA90803E2C40458008D2B53C35A8E98CD454036127FDF8525DFE8C4A20CA745A0D9D5E43A7D9D0E936A80810ED1DDBE57ABA5CDAEB540361964C267F22FDB98B4A20AAEAEAEACED3096A75A25A9DB0968A00312083FEE7B273EBD4FB1BA806427CC0315457D6A01288F00175872EF54435809891817F916C043A58A01A6165EED309A804A2461747E7D61420E65CD7BD405ABB6C0C16510D84F4602318356AD4E9540211EAD34D7A199FF92D016850FB91B483B261F8886A20843BB4EE542A752E954044FAF34B660EB4EBA90680A37427271B86FD12D656C89B43A80842B4533BC2940488485FFE9734BD57F80AAA01E038FA68B71CBDE953449F11D410A21D5BA7F4DB5F520984953EB5297DF80BE9CBFBF4CA06150190953E2D271B89DDB2B158A7376553118420A41D943E9BA01208A3EAEAEAB3A50FEF94B655E743A32200F2AAAAAA3A53274D94B641361A275311D8CCCC2135964A208407181799838CFF70500CA0CFEAEAEACE900DC70E699B99401196EFE8F480E24E2A8130D125CD74B50CE9BBEF520D00FD9648244ED3A5486443B28D290E602BED9F4C5580901D584CD02738A5CDA41A0006ACB2B2F214D9907C2DAD4DCFAE511158B8C3FBDAF3BCC7A804C240FBAA0634C771EEA01A00064DEF4B735D77BD6C58BE4DA5526751115816D2D6C90EEF392A8110F4D559BA6EB2F4D76BA906808231CBEFAC91F69D3E8D4445600BBDE95AFAE5AB5402366F3F750E4AE9A78798D30F40B10C918DCCA73A978FB47328076CA02B65E8190A2A011BE96D22D23FB7E895089D8B928A00282A3922FC44DA0169C3A906CACDF3BCF7A52F2EA012B030A09DA71384EBED223C250FA064E4A870A99EBAAFA9A9399F6AA0CC7DF15DED8F540236711CE732E9971DD29654B0820B8032EC1C5BA4B54B501B4135502E9EE7FDDDAC397B94F64796D64199B78D295D5356FAE15FA90680726E8CE6E8D16232991C4935506CDACFCCE4B587F42939D374BEA9A0477B966AA11C7CDFBF570E1CBAA4DD4F3500949DE3386FE922D7B5B5B597500D94E0C0A02D4B283BD664E7D8A9F3FB512994A16FBE680E1A6EA01A006CDA38BDAA4B9C4860BB826AA0987CDFBF2A5F48937EF81A554219B6810BF50061F4E8D1BFA01A00AC231BA817F43E8C4422F12BAA8122EF1057E608695DAC8C8152D2A736A5DF7DA15313F1201500ABB9AEFB94063566D44631D5D7D70FCB712FDA475407A5A2137BCBC1E94EE9775BABAAAACEA42200ACA76BD3E98DB3C964D2A51A2816B3C44ECFFBD12EA5322805DFF72F9483D2833AC1B72E9D474500846907FA905944F83AAA81623033B91FCE08691BA90A4A41B66B557A0FAEB4D954034058835A930635CFF36EA21A2806731FE4D190C62576948204B3DB74BB26AF4F500D00610F6A779B7B8726500D14A98FE95AB2019540090E0A1E35079E13A90680A86CD86ED77BD41CC79944355068D2AF9A086928C176EC6D7D28CAF7FD6AAA01206A3BD29BF5085467E3A61AE11104C129EBD7AFDFB474E9D260FEFCF9417373336D006DDEBC79C1C2850BBBA53D49AF0A97A6A6A69364DBB54257B960651500513E12BDDE5C2A78906A848306B4458B16053B76EC083A3A3A6883686D6D6D414B4B4BB704B6E9F4AC70D087535CD7DD2CDBAC6F65DB750E150110F5A0E69975ED1EA51AF6D3336804B4C206B5E6E6E60E7A96FD249C0D97EDD41E09675F251289D3A8088058D0A7F0CCBD1D5CFAB19C5EE2245C15B6E9E54F7A96F5DBA8CB24A075C8766AA9BC39848A008815B3FEE21169CF530D7B69A0205811D2E244C259AD3988FC1BD500105BBA10B14E46EABAEE5FA946B843DAFEEFB606EB97FD25689DF7FBA34DFFADEF239411D2C244B6478D7A3B86BC3E40350070D4EA7997CA06B1535EDFA01AE10C69FB766F093E9DD318AC7CE7AEE39ABE4F3F463023A48524A03DAF014D0E1A6FA41A0060E863ED1AD45862259C216D53EBDB2704B474DBDC3A8B6046480BC3C1E2FBD23AF5EC3ED500801E74B162096AEDD2DEA31AE10A69ABDFFB43CE90A61F239811D26C555959798A84B3B5B2DDD95F5353733E1501801C92C9E44F74C248694BA8467842DAA7CD4D39439A7E8C604648B39184B3A1AEEBB649DB56555575261501805ED4D5D59D2721ED806C4097530D421A210DC560CEDC1F9480D69A48244EA62200D047F5F5F5C374D16CD980AEAA608E22EB439A3ECD992BA4E9C7086684349BC8B6E56A7DAA5CDA1CAA010003505D5D7DB66C44F74850FB5CD7CEA322F686B4758B67E60C69FA31821921CDA28036DEAC21CC44DA003018A954EA2CB366DE975C92B037A4EDDAB22AF874EEBD275EEA94F7E9C7086684341B388EF38806346977520D00280009673F90A0B65336AC1BF5492C2A625F48D3F6D5F2174F0869FA3E421921CD06B2FD78D3AC70329A6A0040018D1A35EA74D9B86E93B685858E2D0C69EDEDC1BA254F9E78A953DEA71F239811D2CA456F95705DF713F3D4F8C55404008AA0A1A1E1540D69D2B66B68A3227684345D5160EDE21939EF49D38FB1EA0021AD1CEAEAEACE90EDC526CFF376CBEB395404008A482F77EA654F693BF53228152963486B6F0FB6AE5B10FC67F6E49C012DDDF473F47339AB46482B15D77587EB8347D23670F61D004A442F5FC886F70B3D3AD6070BA848E9435A6F67CF38AB46482B27B31E708704B50F2A98C207004A6E886C8457CBC678CF9831637E48394A1BD2FA72F62CDF5935421A21AD5864BBE09B07045EA51A0050DEA0B652D7DCD3C96F2947E942DA40035ABA11D20869450A6853E4C0AD4BDA835403002CE0BAEE325DDE459793A21AA5096934429A6D2498FD59039A6C0F6EA41A0060D711F4627DC45E1768A71A8434425AECC67F8BB44E0969BFA41A0060E7867ABEDE2C2CED22AA414823A4459F79DA7B8DDEF2C0011A00584E8EA4DF91D6C9A4958434425AE4C7FA5019E76D3AC9755555D59954040042C0719C7FC886FBB0BC5E4635086984B4E8A9A9A9192163FC80B4CF58D31700424636DEAF6850E31E15421A212D5A7CDFBF4AC7B6EBBACD54030042CA719CE7CC7C4957530D421A212DFCE4A0EB1619CFFA04E7D3540300424E36E64FE8465D8EBEABA906218D9016EAB13C5DC7B21C7C4DA21A001011B2517F44E74FD299C8A94638429A7CDBACAD541F27A4D945C6EF1B7A565C825A826A0040C4C806FE013D0A977603D5084748CBF7BE627F9C90660D5D55E4630967ED3CB10D00D10E6A8D1AD4F4BE16AA414823A4D96DD4A851A7CB58DD24016D37CBBE01403C82DA9D7AE9D3719C3BA806218D9066A7542A75AE8CD5EFA46D4C2412A751110088093932BFCD3C4C30996A10D2086976A9ADADBD44C667BB1C4C7D286F0EA122001033B213186B1EE59F4A35086984343B4830F3CC0302AF510D008877504B99A0F630D520A411D2CA4BCF6C9B877B1EA21A0000BDF4993041ED71AA615748AB600A8ED8D089A7CD343963A9060020F308FE1ABDC4223B8967A8861D218DC96C6375A0B440C65FA7BC5E49350000D97614579A25A45EA41A8434425AF15556569E22E36D8DB4FDC964F2278C3400404E9EE75D6E166EE6A665421A21ADB8636DA88CB51DD2B6A752A9B3186500805E99C7FF3B6527F236D520A411D20A4F0E822E907640C6D9EA44227132230C00D067B2E3F89984B40ED989CCA51A8434425A41C7D6AFF46CB5B4798C2C00C080D4D4D48C30EB052E24A411D2086983E738CECD6659361ED001000C3AA89D2F3B958312D63E20A411AC086903E7FBFE343307DADD6C5900000521016DB83E7D2647FFFF26A4D10869FDE738CE3FF4C9E96432E9B24501001494EC60CE91B0B6575A6B450CD71224A411D20668881CDC2CD7753865ECFC9C2D0900A028CC9401DFC9EBDAA6A6A693086934425A6EA3468D3A5DC6CBD73A66EAEBEB87B105010014555555D599B2D3D92541EDAB384D1D404823A4F5472A953A57C399B48D1AD6D87200004AA2AEAEEE0C3309E7A68686865309693442DAFFE8654D73797359450C6F0D000094592291384D76445BB5E9BF096934425A45853E186096567B9DAD0400A06CF42C9AE7799BF4AC9A9E5D23A4D1E21CD21CC7B947A7D8705DF761B60E0080B2D3FBD2F4FE34BD4F4DEF5723A4D1E218D2A4FF3F2BE34027A9BD89AD0200C01AFAA4A73EF1699EFC1C1AC5DF71FEFCF9042B425AAE80365FD7BAD5E59ED81A00006C3444E750D3B9D4744EB5A8FD728B162DEADAB16307E1AA406DF3E6CD1B25A47584B94F5456569E22FDFD735D285D174C67130000B09AAE4AA0AB13E82A0551FABD162C58F0404B4B4BF7F6EDDBAD0D3EEDEDEDA10968F3E6CD3B2C6D7A58FB432A953A4BFAF80E6DFA6F463E002014749D4F5DEF53D7FD8CD2EF25A1626A7373F37EBD4C6763F37D3F983B776E60EBCF97D13AC21CD0F4AC993910F95CCFA631E20100A1223BB185B2136B97A036826A14DF9831637E28F5EEA612450F6857EAFD677A1F1AD500008439A8CDF53CAF239148FC8C6A14BDD617EBFC5C54A278F4C94D7D82539FE4A41A008028ECD8DED6330FB5B5B597508DE2F17DFF1A3D7349258A43E73ED339D0742E34AA010088D20EEE35D9C11D96C07639D5285A18BE499FACA51245A9EDDFF52CA5AE264035000091233BB9177547A7F7F4508DA2D4778AB4362A515043A4A61FE93A9C9C090600449AE779CF6850D34B7354A3E0B57D4C6AFB3595288C51A3469D2EF5DCA81334A752A973A9080020F25CD77DDCAC6F98A01A8563CE54AEA61283575F5F3F4CFAE76E0DBD1AD6A80800204E41EDE84DD8D25254A330F4010DA9EB322A31E8BEF973BDBC29F55C2E6F0EA122008038EE0CA79AA036966A0C9E99976E019518549F4CE8E578C771FE41350000B1E6FBFE6473E9F336AA3138BA1C17E1625021F76EED8BD227A7510D000084048B3BCC04A177528D41858C7552CBE7A844FFC941C2D3660EB49BA90600001924A4DD622E7D36528D0187B42D7AAF1F95E877DDE6E91C7E8944E25754030080EC3BCB1B4C507B806A0CA87EBB1CC7994425FA4642D9C952B3CFA41D607D5900007A0F1ABE5EFA94B0F108D5E877EDF64BEDAEA712BD4BA5526749BDB64BDB21351B4A450000E803DFF7ABCDC3044F508DBE330BD973C9AE17C964F2271A68A5ADA9ACAC3C858A0000D00FB203BDDA4C85C08DF07D0F69FA64E2855422375D924CFA55A7B4F7A8060000030F1DBFD41BBAA5BD4235FA146C83AAAAAA33A944CEFA8C3597D209FE00000C96EC502FD3A0C6FC5FF9E9653B0D69542267407BC89C699C4C35000028DC0EF662D9C1764A7B876A64E7BAEE70A9533795C85A9BD7F4D2B9F41F8F6A000050F8A07691B40E69F3A9C689247F5CAA671CA9C47186485D3ED47E535B5B7B09E50000A048CC537987A42DA61AC7336B4E1EA212FF9548244E937A6C94F65D2A953A978A00005064757575E7C98EF7A084926554E37FA426E3359050898A8AFAFAFA619EE7ED96B669D4A851A7531100004AB81336F35CAD9437875091A367D2A6EAE4AC84D5DF5C2CB56897D78FE91B000094C19831637EE879DE1ED919AF66677C349CCC94F655CC836AC23C20F0062304008032D2A57DF4B296EC98BF686A6A3A29E601E5AFD25AE3FAFBEB9AA566958AE98C0C00002C9048247E203BE79D7A93789C97F891DFFF5D694B631A509FD2802681FD164604000016D19BC3CD62D95B1A1A1A4E8D69485B2C6D6E0C7FEFB93AF588EFFB5731120000B0909972618BB46D717CA2CF75DD553A696B8CFEDE27EBE55DF97B1FA8A9A919C1080000C0626669A48D9EE7EDD4CBA071FADDE5F7FE522FFBC5E177D5F549358C4B6B93BFF5507A3E000021A0675834B0C8CEFB5B7DB02046216DABB407A2FE7B9A098D75FA953571BE0711008050D2273D5DD7FD5C76E47BAAABABCF8EC3EF6C266FBD3DE2BFE32FE56FDA29AD855E0E0040780DD1FBB46487BE4F27BF8DFA2FABF76649F3A3FAFBC9DFF2460969FA04E79FE9DA00004480ECD4976B80D1E5A4221ED23A1DC7B922A27FC30735A0C9EF38851E0D0040B402CC125D7C5CEF678A7018EDAAA9A9393F827FBB57751581289F25040020EE41ED3D69EDBEEF5F18D1DF2F88D8D4237AB9FA03F9BD3A24805E4A0F060020C264A73F5B2F0B2693C99151FABDCC64BE41547E1F33E7DD57FAE087FCCD86D373010088015D7C5B835A94CECEE8655CBDDC1985DF45FE36E7E8F42912CE36D7D5D59D418F050020467431725D4A68F4E8D1BF88C2EFA3BF87049BCE0884CD917AEFA0FC2EFFD66954E8A90000C4908481E7F586F428ACF9A837D5EB13AC21FF1D46EBDFC3719CB7E89D0000C49C04B4274D30B836CCBF87FCFC77E864B6210E68774AEB92DFE3117A250000384AC2CDA36692542FC421E7015D162AC44159E7401B4F6F0400003D83DA831A14E4F5FA30FEFCAEEB3EADEB9586305CCED17B03A55D4D2F04000059F9BE7FAFB9E476730843DA6BF2B3AF0CCBCF9B48244E969FB9557EE683519DB70E0000149004B449E6D267A8162A97C0D32C816771187ED6AAAAAA33E5E7DD26ADADBABAFA6C7A1D0000E813093B13CC19B57B4214D23E9060F98EED3FA72E5B25B5DD2F6D5D6565E529F4360000D02F12786E3237B3378524A4E9A5C3576CFE19D373B9497B9F1E06000006CC719CEB4C507BC8F69F557EC60DD2665AFCF3DD601ECC78819E050000062D994CBAE61EB5C72C0F69DB6D3DEB27B5BB5F6B283F5F233D0A0000148C4E74AB13DEBAAEFB94C5216D8F8DF38CF9BEFF37AD9D84B45A7A12000028B84422F12B1336ACBC5CA7EB5DEAB24A16FD4843E4E7592AF5EA90907B193D080000148D848D2B5CD7D589575FB5ED67D39F4B02D1A59604DAD3E467F94ADA1EF9B986D373000040D1D5D6D65E2221ADD3B645C0E567EA4EA552E75AF0739C23ED5B695BEAEAEACEA0C70000809249269323258474E892461685B4A0DCF38E99BAE865D7154D4D4D27D153000040C9D5D4D48C9030D22EADA5DC3F4B2A953A4B435A397F06DFF7ABCD3D7B6FD33B000040B983DAF9E6CCD1D23207A40B750EB2727D7F096613CD1C688FD12B00008015F4C6786907A47D52C69076953E4559A6DFFF090D68F27A1BBD01000058C5DC2CBF4FDAA7F2E690527F7F0968D7EB7A98650868B3F5A952C771AAE8050000C04AD5D5D5674B50FA4EDA9A52DF342F2169927CDF5DA5FA7E8944E2640DA412D00EEAA556FEFA0000C06AE606FE6F25BCACD72053AAEF2B41699A4E79518AEF55555575A67CAFADD2766A30E5AF0E00004241E7069300D326EDEB624C892101F047F2B5533A71AD36FD1E8EE33C27FF5E5BECDFCD7C6FBDACFB454343C3A9FCB5010040A88C1A35EA740934DB24CC7CA3B3EF1721280539DA61D374A6FF1B0BF97D75B50509829DF2B517F117060000A1A5679A24286D96B6A3D033EF4B505A9927A8051AA60A7916CF3C98D025ED45FEB2000020F4CC0DF61BF4A67EBD97AB505F37994CBABD84B4070BF5BD7CDFBF4FBE5E97BCDECB5F14000044863EE929C1699DEBBABB25EC0C2DD4D7D529377284B44D05FC1EAFE82A027A0F1C7F49000010454324A4B54A48DB3B66CC981F16E20BEAD9B26C21CD719C6B0BF1F3CAD75AA2EB93CAD7BB8C3F1F0000887A505BA167C052A9D4B985F8826691F76301AD10AB1E987BE9D66BA0ACABAB3B8F3F1B0000880509531FE924B0FA94E660BF96CEF89F19D292C9E4C8C17C3D3DCBA7F7CFE99C6B8944E207FCB5000040DC82DA220958EDD22E18CCD7D1509611D2960DE66B4928FB992E16AF67FB4ABD62020000804D416D9E2E8A2EAF170DE6EB5C73CD355F9BB368FF37D0AFA1F7B199F9D566F197010000B127E1E89F3AA799EBBA3F1FE09798242DB8ECB2CB82813E90203FC31D3A079AFC0C8FF317010000302420BDAE67B124AC5D3E8080D62DED93EF7DEF7B81BCDE3780EF3DD34C523B81BF040000400F12D05ED6F9C85CD7BDB29F016DAA79BBB1C7DB7DF99EEFC8F73BECFBFE35FC05000000729090F6AC0635C771AAFA19D07A7BFF71F4A1000967ABE47B1D1CECFD7000000071096AE9CB8FA3FB19D07A7E7C4AB60FEAB41AF2B5B7EA341BD5D5D56753710000803EF27D7F9A0635CFF36AFB19D0D2A664FB3C9D974DBEEE3EF9BA5FE884B5541A0000A0FF41ED3EF3C4E58DFD0C689941ADCBBCEA139C57C8D7EB94F62FAA0B0000300812A8A668501B3162C49BFD0C681519C1AEEBC73FFEF19BE612EA4B54150000A0007EFAD39FCEFAF5AF7F1D7CFFFBDF9F3690FF7FFAE9A7FF5EFFFFC89123E7534D000080C2387A893323A00D91F68C79CDE7B8CF3BF5D4531FA818D89938000000640B6819C14A03D71A6981791D9227A065FBBCBC4F7D020000A0FF014D3D6382579027A86506B4747BBA97AF0B0000800106B45C012C33A8F5F6F1B4290435000080C204B4DE82DA497D0C6899DFA78BA006000030F880962FA875F423A0F50C6ADCA306000030C880962FA8F527A0A571E9130000208761265CB5F6F3FFE925CE9E67D03ACCFBFB63B6F9BFC3F8530000001CAFBFD36314FA4CDA83FC09000000F207B552DD93965EDB934B9D000000830C6A857CBA93896D010000FA19D4B23D7559A879D252153CD50900003020E97BC532835421571C984E8901000006A6586B7712D000000006694A96A0F67445EF0F05F4FC3CE64303000028B0C1AE0C404003000028928106AD49150434000080A2EA6FE022A001000094487A02DADE2E7DA62A7848000000A0A47A3B4396BE878D80060000604950CB36BF1A000000CA10D4A66404345612000000B040FACC598B797D9092000000D841CFA8050434000000FB0CA3040000000000000000000000000000000000000000000000000000000000A037FF0F2B03575B19777B630000000049454E44AE426082, '1');
INSERT INTO `act_ge_bytearray` VALUES ('5002', '1', 'D:\\WorkSpace\\JMonkey2.0\\target\\classes\\processes\\message-publish.bpmn', '5001', 0x3C3F786D6C2076657273696F6E3D22312E302220656E636F64696E673D225554462D3822207374616E64616C6F6E653D22796573223F3E0D0A3C646566696E6974696F6E7320786D6C6E733D22687474703A2F2F7777772E6F6D672E6F72672F737065632F42504D4E2F32303130303532342F4D4F44454C2220786D6C6E733A61637469766974693D22687474703A2F2F61637469766974692E6F72672F62706D6E2220786D6C6E733A62706D6E64693D22687474703A2F2F7777772E6F6D672E6F72672F737065632F42504D4E2F32303130303532342F44492220786D6C6E733A6F6D6764633D22687474703A2F2F7777772E6F6D672E6F72672F737065632F44442F32303130303532342F44432220786D6C6E733A6F6D6764693D22687474703A2F2F7777772E6F6D672E6F72672F737065632F44442F32303130303532342F44492220786D6C6E733A746E733D22687474703A2F2F7777772E61637469766974692E6F72672F746573742220786D6C6E733A7873643D22687474703A2F2F7777772E77332E6F72672F323030312F584D4C536368656D612220786D6C6E733A7873693D22687474703A2F2F7777772E77332E6F72672F323030312F584D4C536368656D612D696E7374616E6365222065787072657373696F6E4C616E67756167653D22687474703A2F2F7777772E77332E6F72672F313939392F5850617468222069643D226D3135343939333637323633373222206E616D653D2222207461726765744E616D6573706163653D22687474703A2F2F7777772E61637469766974692E6F72672F746573742220747970654C616E67756167653D22687474703A2F2F7777772E77332E6F72672F323030312F584D4C536368656D61223E0D0A20203C70726F636573732069643D226D6573736167655075626C69736822206973436C6F7365643D2266616C73652220697345786563757461626C653D227472756522206E616D653D22E6B688E681AFE58F91E5B883E6B581E7A88B222070726F63657373547970653D224E6F6E65223E0D0A202020203C73746172744576656E742061637469766974693A696E69746961746F723D22247B7075626C6973685573657249647D222069643D2273746172745075626C69736822206E616D653D22E5BC80E5A78BE58F91E5B883222F3E0D0A202020203C757365725461736B2061637469766974693A61737369676E65653D22247B7075626C6973685573657249647D222061637469766974693A6578636C75736976653D2274727565222069643D227075626C69736822206E616D653D22E58F91E5B883E6B688E681AF222F3E0D0A202020203C73657175656E6365466C6F772069643D225F342220736F757263655265663D2273746172745075626C69736822207461726765745265663D227075626C697368222F3E0D0A202020203C6578636C7573697665476174657761792067617465776179446972656374696F6E3D22556E737065636966696564222069643D226973417564697422206E616D653D22E698AFE590A6E99C80E8A681E5AEA1E6A0B8222F3E0D0A202020203C73657175656E6365466C6F772069643D225F322220736F757263655265663D227075626C69736822207461726765745265663D2269734175646974222F3E0D0A202020203C656E644576656E742069643D22656E645075626C69736822206E616D653D22E58F91E5B883E68890E58A9F222F3E0D0A202020203C73657175656E6365466C6F772069643D225F3622206E616D653D22E590A62220736F757263655265663D226973417564697422207461726765745265663D22656E645075626C697368223E0D0A2020202020203C636F6E646974696F6E45787072657373696F6E207873693A747970653D2274466F726D616C45787072657373696F6E223E3C215B43444154415B247B697341756469743D3D274E6F277D5D5D3E3C2F636F6E646974696F6E45787072657373696F6E3E0D0A202020203C2F73657175656E6365466C6F773E0D0A202020203C757365725461736B2061637469766974693A61737369676E65653D22247B61756469745573657249647D222061637469766974693A6578636C75736976653D2274727565222069643D2261756469744D65737361676522206E616D653D22E5AEA1E6A0B8E6B688E681AF222F3E0D0A202020203C73657175656E6365466C6F772069643D225F3822206E616D653D22E698AF2220736F757263655265663D226973417564697422207461726765745265663D2261756469744D657373616765223E0D0A2020202020203C636F6E646974696F6E45787072657373696F6E207873693A747970653D2274466F726D616C45787072657373696F6E223E3C215B43444154415B247B697341756469743D3D27596573277D5D5D3E3C2F636F6E646974696F6E45787072657373696F6E3E0D0A202020203C2F73657175656E6365466C6F773E0D0A202020203C6578636C7573697665476174657761792067617465776179446972656374696F6E3D22556E737065636966696564222069643D226175646974537461746522206E616D653D22E698AFE590A6E5AEA1E6A0B8E9809AE8BF87222F3E0D0A202020203C73657175656E6365466C6F772069643D225F31302220736F757263655265663D2261756469744D65737361676522207461726765745265663D2261756469745374617465222F3E0D0A202020203C73657175656E6365466C6F772069643D225F313122206E616D653D22E5AEA1E6A0B8E69CAAE9809AE8BF87EFBC8CE4BFAEE694B9E5908EE9878DE696B0E58F91E5B8832220736F757263655265663D226175646974537461746522207461726765745265663D227075626C697368223E0D0A2020202020203C636F6E646974696F6E45787072657373696F6E207873693A747970653D2274466F726D616C45787072657373696F6E223E3C215B43444154415B247B73746174653D3D274E6F277D5D5D3E3C2F636F6E646974696F6E45787072657373696F6E3E0D0A202020203C2F73657175656E6365466C6F773E0D0A202020203C73657175656E6365466C6F772069643D225F313222206E616D653D22E5AEA1E6A0B8E9809AE8BF872220736F757263655265663D226175646974537461746522207461726765745265663D22656E645075626C697368223E0D0A2020202020203C636F6E646974696F6E45787072657373696F6E207873693A747970653D2274466F726D616C45787072657373696F6E223E3C215B43444154415B247B73746174653D3D27596573277D5D5D3E3C2F636F6E646974696F6E45787072657373696F6E3E0D0A202020203C2F73657175656E6365466C6F773E0D0A20203C2F70726F636573733E0D0A20203C62706D6E64693A42504D4E4469616772616D20646F63756D656E746174696F6E3D226261636B67726F756E643D233343334634313B636F756E743D313B686F72697A6F6E74616C636F756E743D313B6F7269656E746174696F6E3D303B77696474683D3834322E343B6865696768743D313139352E323B696D61676561626C6557696474683D3833322E343B696D61676561626C654865696768743D313138352E323B696D61676561626C65583D352E303B696D61676561626C65593D352E30222069643D224469616772616D2D5F3122206E616D653D224E6577204469616772616D223E0D0A202020203C62706D6E64693A42504D4E506C616E652062706D6E456C656D656E743D226D6573736167655075626C697368223E0D0A2020202020203C62706D6E64693A42504D4E53686170652062706D6E456C656D656E743D2273746172745075626C697368222069643D2253686170652D73746172745075626C697368223E0D0A20202020202020203C6F6D6764633A426F756E6473206865696768743D2233322E30222077696474683D2233322E302220783D2235302E302220793D2238352E30222F3E0D0A20202020202020203C62706D6E64693A42504D4E4C6162656C3E0D0A202020202020202020203C6F6D6764633A426F756E6473206865696768743D2233322E30222077696474683D2233322E302220783D22302E302220793D22302E30222F3E0D0A20202020202020203C2F62706D6E64693A42504D4E4C6162656C3E0D0A2020202020203C2F62706D6E64693A42504D4E53686170653E0D0A2020202020203C62706D6E64693A42504D4E53686170652062706D6E456C656D656E743D227075626C697368222069643D2253686170652D7075626C697368223E0D0A20202020202020203C6F6D6764633A426F756E6473206865696768743D2235352E30222077696474683D223130352E302220783D223135352E302220793D2237352E30222F3E0D0A20202020202020203C62706D6E64693A42504D4E4C6162656C3E0D0A202020202020202020203C6F6D6764633A426F756E6473206865696768743D2235352E30222077696474683D223130352E302220783D22302E302220793D22302E30222F3E0D0A20202020202020203C2F62706D6E64693A42504D4E4C6162656C3E0D0A2020202020203C2F62706D6E64693A42504D4E53686170653E0D0A2020202020203C62706D6E64693A42504D4E53686170652062706D6E456C656D656E743D2269734175646974222069643D2253686170652D69734175646974222069734D61726B657256697369626C653D2266616C7365223E0D0A20202020202020203C6F6D6764633A426F756E6473206865696768743D2233322E30222077696474683D2233322E302220783D223337302E302220793D2238352E30222F3E0D0A20202020202020203C62706D6E64693A42504D4E4C6162656C3E0D0A202020202020202020203C6F6D6764633A426F756E6473206865696768743D2233322E30222077696474683D2233322E302220783D22302E302220793D22302E30222F3E0D0A20202020202020203C2F62706D6E64693A42504D4E4C6162656C3E0D0A2020202020203C2F62706D6E64693A42504D4E53686170653E0D0A2020202020203C62706D6E64693A42504D4E53686170652062706D6E456C656D656E743D22656E645075626C697368222069643D2253686170652D656E645075626C697368223E0D0A20202020202020203C6F6D6764633A426F756E6473206865696768743D2233322E30222077696474683D2233322E302220783D223537352E302220793D2238352E30222F3E0D0A20202020202020203C62706D6E64693A42504D4E4C6162656C3E0D0A202020202020202020203C6F6D6764633A426F756E6473206865696768743D2233322E30222077696474683D2233322E302220783D22302E302220793D22302E30222F3E0D0A20202020202020203C2F62706D6E64693A42504D4E4C6162656C3E0D0A2020202020203C2F62706D6E64693A42504D4E53686170653E0D0A2020202020203C62706D6E64693A42504D4E53686170652062706D6E456C656D656E743D2261756469744D657373616765222069643D2253686170652D61756469744D657373616765223E0D0A20202020202020203C6F6D6764633A426F756E6473206865696768743D2235352E30222077696474683D2238352E302220783D223334352E302220793D223234352E30222F3E0D0A20202020202020203C62706D6E64693A42504D4E4C6162656C3E0D0A202020202020202020203C6F6D6764633A426F756E6473206865696768743D2235352E30222077696474683D2238352E302220783D22302E302220793D22302E30222F3E0D0A20202020202020203C2F62706D6E64693A42504D4E4C6162656C3E0D0A2020202020203C2F62706D6E64693A42504D4E53686170653E0D0A2020202020203C62706D6E64693A42504D4E53686170652062706D6E456C656D656E743D2261756469745374617465222069643D2253686170652D61756469745374617465222069734D61726B657256697369626C653D2266616C7365223E0D0A20202020202020203C6F6D6764633A426F756E6473206865696768743D2233322E30222077696474683D2233322E302220783D223337302E302220793D223337302E30222F3E0D0A20202020202020203C62706D6E64693A42504D4E4C6162656C3E0D0A202020202020202020203C6F6D6764633A426F756E6473206865696768743D2233322E30222077696474683D2233322E302220783D22302E302220793D22302E30222F3E0D0A20202020202020203C2F62706D6E64693A42504D4E4C6162656C3E0D0A2020202020203C2F62706D6E64693A42504D4E53686170653E0D0A2020202020203C62706D6E64693A42504D4E456467652062706D6E456C656D656E743D225F3132222069643D2242504D4E456467655F5F31322220736F75726365456C656D656E743D22617564697453746174652220746172676574456C656D656E743D22656E645075626C697368223E0D0A20202020202020203C6F6D6764693A776179706F696E7420783D223430322E302220793D223338362E30222F3E0D0A20202020202020203C6F6D6764693A776179706F696E7420783D223539302E302220793D223230352E30222F3E0D0A20202020202020203C6F6D6764693A776179706F696E7420783D223539302E302220793D223131362E3936383731393432323637313331222F3E0D0A20202020202020203C62706D6E64693A42504D4E4C6162656C3E0D0A202020202020202020203C6F6D6764633A426F756E6473206865696768743D22302E30222077696474683D22302E302220783D22302E302220793D22302E30222F3E0D0A20202020202020203C2F62706D6E64693A42504D4E4C6162656C3E0D0A2020202020203C2F62706D6E64693A42504D4E456467653E0D0A2020202020203C62706D6E64693A42504D4E456467652062706D6E456C656D656E743D225F32222069643D2242504D4E456467655F5F322220736F75726365456C656D656E743D227075626C6973682220746172676574456C656D656E743D2269734175646974223E0D0A20202020202020203C6F6D6764693A776179706F696E7420783D223236302E302220793D223130302E30222F3E0D0A20202020202020203C6F6D6764693A776179706F696E7420783D223331302E302220793D223130302E30222F3E0D0A20202020202020203C6F6D6764693A776179706F696E7420783D223337312E302220793D223130302E30222F3E0D0A20202020202020203C62706D6E64693A42504D4E4C6162656C3E0D0A202020202020202020203C6F6D6764633A426F756E6473206865696768743D22302E30222077696474683D22302E302220783D22302E302220793D22302E30222F3E0D0A20202020202020203C2F62706D6E64693A42504D4E4C6162656C3E0D0A2020202020203C2F62706D6E64693A42504D4E456467653E0D0A2020202020203C62706D6E64693A42504D4E456467652062706D6E456C656D656E743D225F34222069643D2242504D4E456467655F5F342220736F75726365456C656D656E743D2273746172745075626C6973682220746172676574456C656D656E743D227075626C697368223E0D0A20202020202020203C6F6D6764693A776179706F696E7420783D2238312E39363837313934323236373133312220793D223130302E30222F3E0D0A20202020202020203C6F6D6764693A776179706F696E7420783D223132352E302220793D223130302E30222F3E0D0A20202020202020203C6F6D6764693A776179706F696E7420783D223135352E302220793D223130302E30222F3E0D0A20202020202020203C62706D6E64693A42504D4E4C6162656C3E0D0A202020202020202020203C6F6D6764633A426F756E6473206865696768743D22302E30222077696474683D22302E302220783D22302E302220793D22302E30222F3E0D0A20202020202020203C2F62706D6E64693A42504D4E4C6162656C3E0D0A2020202020203C2F62706D6E64693A42504D4E456467653E0D0A2020202020203C62706D6E64693A42504D4E456467652062706D6E456C656D656E743D225F36222069643D2242504D4E456467655F5F362220736F75726365456C656D656E743D22697341756469742220746172676574456C656D656E743D22656E645075626C697368223E0D0A20202020202020203C6F6D6764693A776179706F696E7420783D223430322E302220793D223130312E30222F3E0D0A20202020202020203C6F6D6764693A776179706F696E7420783D223537352E302220793D223130312E30222F3E0D0A20202020202020203C62706D6E64693A42504D4E4C6162656C3E0D0A202020202020202020203C6F6D6764633A426F756E6473206865696768743D22302E30222077696474683D22302E302220783D22302E302220793D22302E30222F3E0D0A20202020202020203C2F62706D6E64693A42504D4E4C6162656C3E0D0A2020202020203C2F62706D6E64693A42504D4E456467653E0D0A2020202020203C62706D6E64693A42504D4E456467652062706D6E456C656D656E743D225F38222069643D2242504D4E456467655F5F382220736F75726365456C656D656E743D22697341756469742220746172676574456C656D656E743D2261756469744D657373616765223E0D0A20202020202020203C6F6D6764693A776179706F696E7420783D223338362E302220793D223131372E30222F3E0D0A20202020202020203C6F6D6764693A776179706F696E7420783D223338362E302220793D223234352E30222F3E0D0A20202020202020203C62706D6E64693A42504D4E4C6162656C3E0D0A202020202020202020203C6F6D6764633A426F756E6473206865696768743D22302E30222077696474683D22302E302220783D22302E302220793D22302E30222F3E0D0A20202020202020203C2F62706D6E64693A42504D4E4C6162656C3E0D0A2020202020203C2F62706D6E64693A42504D4E456467653E0D0A2020202020203C62706D6E64693A42504D4E456467652062706D6E456C656D656E743D225F3131222069643D2242504D4E456467655F5F31312220736F75726365456C656D656E743D22617564697453746174652220746172676574456C656D656E743D227075626C697368223E0D0A20202020202020203C6F6D6764693A776179706F696E7420783D223337302E302220793D223338362E30222F3E0D0A20202020202020203C6F6D6764693A776179706F696E7420783D223230352E302220793D223231302E30222F3E0D0A20202020202020203C6F6D6764693A776179706F696E7420783D223230352E302220793D223133302E30222F3E0D0A20202020202020203C62706D6E64693A42504D4E4C6162656C3E0D0A202020202020202020203C6F6D6764633A426F756E6473206865696768743D22302E30222077696474683D22302E302220783D22302E302220793D22302E30222F3E0D0A20202020202020203C2F62706D6E64693A42504D4E4C6162656C3E0D0A2020202020203C2F62706D6E64693A42504D4E456467653E0D0A2020202020203C62706D6E64693A42504D4E456467652062706D6E456C656D656E743D225F3130222069643D2242504D4E456467655F5F31302220736F75726365456C656D656E743D2261756469744D6573736167652220746172676574456C656D656E743D2261756469745374617465223E0D0A20202020202020203C6F6D6764693A776179706F696E7420783D223338362E302220793D223330302E30222F3E0D0A20202020202020203C6F6D6764693A776179706F696E7420783D223338362E302220793D223337302E30222F3E0D0A20202020202020203C62706D6E64693A42504D4E4C6162656C3E0D0A202020202020202020203C6F6D6764633A426F756E6473206865696768743D22302E30222077696474683D22302E302220783D22302E302220793D22302E30222F3E0D0A20202020202020203C2F62706D6E64693A42504D4E4C6162656C3E0D0A2020202020203C2F62706D6E64693A42504D4E456467653E0D0A202020203C2F62706D6E64693A42504D4E506C616E653E0D0A20203C2F62706D6E64693A42504D4E4469616772616D3E0D0A3C2F646566696E6974696F6E733E0D0A, '0');
INSERT INTO `act_ge_bytearray` VALUES ('5003', '1', 'D:\\WorkSpace\\JMonkey2.0\\target\\classes\\processes\\message-publish.messagePublish.png', '5001', 0x89504E470D0A1A0A0000000D49484452000002690000019C080600000082C637E50000329B4944415478DAEDDD0D6C55F5FDC7F18618E38C31663112B318638C8B5B0C717F63B618A335CBC8D0749A967B8EE7DC5EBC13A802C2704C8C044219469C74E2948804B7F914A72E4E27BA002D586182023A40ABF2200F0252CA933C95B640EFFFFBED7E975D4A1F4EDBFBF0BBE7BC5FC92F17DA52DAEFFDFDCEF99CA7DFAFA4040000000000004040139F5E96EAAAF1F9FC7C1E0000A0DB90D6D3C7F87C6E3F0F0000404823A4010000421A9F27A4010000421A210D000010D2F83C210D0000E43CA4F1F4254F770200000000000000000000000000000000428A1BDB0100002C0D69413E06000000421A000000218D90060000404803000000210D0000A048431A4F77020000000000000000000000000000000000000000000000000000000000000000000000000000000000000000000000000000000000000000000000000000000000000000000000000000000000000000000000000000000000000000000000000000000000000000000000000000000000000000000000000000000000000000000000000000000000000000000000000000000000000000000000000000000000000000000000000000000000000000000000000000000000000000000000000000000000000000205B52A9D4055BB76EDDB96AD5AAD4D2A54B53B5B5B5340B5A5D5D5D6AF9F2E5EDD2E6D14B010088200D682B56AC48353535A55A5B5B6916B57DFBF6A5EAEBEBDB25B0D5D053010088183D834640B33BA8D5D6D6B6D25301008818BDC44918B2BBE9E54F7A2A000011A30180204448030000451AD28E7DB727B575CD5F530D75BFEF68FA67FD18218A900600000A14D28E1EDA9DFA7CF1B4D4FAF71E3AABE9C7F4730429421A0000284048DBD9F0CE39012DDD76352C244811D20000402142DA97EFFFA1DB90A69F234811D20000400142DAE7B5D5DD8634FD1C418A90869CB8921200E72A2D2DBDE0EEBBEF9E2A6D85B47DD25AA5A532DA296907A4ADF27D7F5E3299BC84AA0D402A95BA64F1E2C56FCF9D3BF7584D4D4DFBA449935252D48E62271289D4830F3E989A366D5ADB8C1933764F9830E1B7548C90464843C84DD64DA3B4199402F8AF8A8A8A21920BEA2578B5750A653D36CFF34EBBAEDB20AF3753C53EF8F6DB6FE32FBFFCF291DFFCE637A9B163C7A6FEFAD7BFA63EFAE8A3D49E3D7B52274E9C48A9B6B6B68EC956D7AC59937AE595575263C68C493DF0C003ED53A64C592E051F4C15731FD2F469CEEE429A7E8E20454843D6035ABBB44FCD2B410D913F7326216B9184B3545FC259376D1567D67A3F733678D9B265FBC78F1F9FAAA9A9496DD8B0A1238C05D5D0D0909A3B776E6AD4A851A9499326B101CB7148DBFCE1DC6E439A7E8E20454843D6035A7ABB3695A086281B3E7CF8CF3DCF3BD1396CE9899DF9F3E7779CD8D9BD7BF799133BFAAA27763EF9E493D48B2FBE989A3871E239414D025FB3E3387751DD6ECE9EFDE94F7F6AD7C2AD5BB72E35105F7DF5556AC28409A9FBEFBF7F2FC9387721EDC0EE0DA9CF974C3FF752A77C4C3F479022A4212701ADB78F03A126616A543C1E3F9D19B01E7AE8A18E0076EAD4A9C05941B3C69429533A87B576F9FE8CA94C478F1E9D306DDAB4D4D34F3F9D3A72E4482A1B3435EBF71B376EDC775CFECC4D48D3B66DED4BE78434FD18218A90869C06B4CE9F9F4AA910958096797953C25A6AE1C2857D0A679D2D5AB4E8CCFDEE1967D5086AE933681AD09E78E2890115B93BF3E6CDD3336A07F5DA35D5CE72486B69496D5E39EFDC4B9DF231FD1C418A90869C06B4342E7D2212F412A704B4F6CC4B9B9B366DCA4A56D8BE7D7B4A6FB5CA3CA316F94B9F7A0F9A5EE2D4335EB90868694F3DF554AAB2B272075D3C7B214D5714D8F4E133DDDE93A69F63D501421A721ED03283DA69CEA821ACF4444BE63D681AD0F41EB36CD2EF9719D4F41EB548DF32A50F09E83D68D9BAC4D9D3A5CF3163C6B4CB1B3C91AE3EC090D6D292DAB37959EAB34553BA0D68E9A65FA35FCB5935421A721AD032FFDD69CEA8218CF429CECC4B9CD93A83D6D519B54E973E5747B2E07A995313AB3EC1990FFA3081DE68C8FD69FD0F69BD9D3DE3AC1A210D050B689DFF3D67D4101A3A0F5AE67D687A0F5A2EE93D6A99F7A7E965D6C8155DE741D36936F2E9D1471FD589EE16D2E5FB17D2829C3DEBE9AC1AC18A90863E05B441D21698D79E74FE3AEE5143A8E844B5994F71F6656AAEFE7AF8E187332F7B3644AAE0BA92804E549BAFB368695F7EF9A5CE307C32CA0F11049D59B9AB90D6DF80966E042B425A980D70BBD25540DB58F2DFD50536F610D4BAFB3ACEA82134E32A7325019D66231F349F64AE4C10A9AB70B27379576FFACBE5C302DD492693BA0CC4A8081F919C94B6B3B7B016740A0E1A210D67C6D661D9B6BCD18F1B8DBBBAC4B9C004AF540F412D33A0A5DBFC5EBE2F60D3983920FBA2B13D7D8D4E8591F9B0403E7343E684B7BAD66764DE185D8B53977A2A843973E634EBE2AB110F69E953B85F49FB21218D9086EC8D2D3DEA96D7570386B5EE825457012C33A8F5F6F9342E7DC2E631930E4107BA3B7962164BEFF8BAE79F7F3EAF7941979CCC5C362A326F8C2E96AE4B3614C2CA952B4FE999A4A80E0A1908ED9D26ECD3A75EDFEA7CA98690464843DF987096B9513F291F9BD58F80D65B503B2F6040CBFC7F78EA133687B474DBD7F9CC9A7E2CFDF97CE706BDB49A71C9F35064DE98499326752C965E08FBF7EFD790D25A44E51A94E341916EAD99A77309698434646D6C1D9336B58F01ADA7A0D6DA8780D639A8718F1A8A61CC9CB90C2AAF67EE47CB776ED079D3327EA6539179631289C499454FF34D9F0AD182C762B18BF44640D775AFD6C77BE5F567FA98AD7CEE0EF973CC719C7BA4DD2FED41092F53A4CD94365B3EFF8CFCBB05F2FA92B4D7A5BD2DED5FD296EA6959F9B71F49FB54DA677A3951BE768B7C7CBBFC7997B446697AA47050DA61B3F1D6CBAF2DD2B423EA593E3D1A6FEF62E1D776F3B993E6EB8F9BEF71405AA3FC79A7BC7E2DED0B69EBF4D4AC7922E65FF23BFC435E5F96EF31BF8741916ECDF2757F20A4154748ABAAAABAB0ACACEC5279DFAED04BD7D247AFAFACACBC29DD97A50D97BE51A99712E4CFE3E4CF93D2FD593EF684FCFD290DE7D247FEAC7D44FBB49E5995F69E7CBED6F4A10FE5EF1F9B7EBDC1F4B1CDF2B16DF2FA8DB4DDDA07B56FCBEB4169DF493BAA7D549A4E3ED96AFAF749D387BBECE319EBE6B59BB352A7CD983869BE478BF97EFA7D8F6AFF97AF3D64C680FEDF8DD2BE356361BB8E07F9F326FD79753CEAB890BFAF3563E3DFE677ABD331221F7F47C789D4E235AD83FCFD2F66BC3C231F7F525E1FD79A69D892BF4FD639177527227FBFD7D43716606CE9CFFD5849DFEF15EB2AA8F525A0A571E913C512D2CE9C59CBFC7BBE7383FE7F99FF7FA4DE9842CADC2168333B84536647D26282D331DD0968A0D29D8F0958BBCCC65F83D7976687F589D9E82FD70DBEEEDC7427A71B7B797DD104BA6734E099A03745839F0980F7988DFB1DF2E7DBE4F5A7F2F7EB24C45E25ED32DD016BBDF4DE969123475EA93B60F9BA5BA495E98EC17C8FC97A63A5EE48E4F539B3A37DD304C7F7F56793AFFD8FEEA84C604C05698434FB9BBC9F9DFB723AD89C34479F1DA146FAC571139A343C9DE9CF265CED903F6FCD08331B348C6928334146FBD012E95FEF6ABF3607262F6BA893AF7B563E3647038CF641EDDB1A02350C9A50281FF2CBA5DDAEFD5B0F84B40F6B98D450A9E1327D995D5FB59FEB8193F6753970BA56BF56C784F679F93743B5DF6BE8D4EFABE148FBBFBC4ED031A0E1497F06BDBC6842D5333A1ED2E1D384AF37E5EFFFD4B16102E8FBE6775C257F5FA3E3C484390DA11BD3075826F4ED3635DB678EF20F9983A4A3A6BECD41C6557979793A5CF5F591FEF3BA3883D66A3EDE178B826E036834DB5A81F3427442DA3DF7DC53C83369ED912A76F023979DF178DCE57227973B91DDB16502DDC42E2E7506BDF498ED3369B378B760FB2D027AD0A5076F9C492B80DFFEF6B705BB27ADA9A9A9ADC8EE49CB1A3D43D169209C36674DCE998E8390464843707A16B08B1DCDB73D4C2F90EF7BD2D26B7B72A9133687B433E12CFD35DC935600D3A74F6F2DD4D39D8B172F6E8AEAD39D1AC6CC917D9B5EBAEA698A009B435A376714F2F679421ABA1B5BE9A96D024E1A9DCFA73B99D816368734BDC77456571342F3746701CC9C397347A1E6499B366D5A6354E74933F7023D1F646674DB435A4F1FCBF5E70969E82C1E8FDF681EA6B8B98FFFB4BBA72EB3354F5AA284A73A616F483BE7CC59175FC33C69F93661C2845F8F1933A6202B0EE8B250515E712028421A210D7933B58B335DD95C71A08612A358E919B642AD38A0CB574672C50113D44EE77BEDCE55AB56E9A5CE48AFDD494823A4C14AB95ABB938086A2661E1E38C5DA9DF93E749C3AF5FDD9B367E735A4555555E9A5CE85747B421A210D169F51CB0C6AF34B7A7F28A0F3D7311F1A4245F6DBABD381E9A1871ECACBD9B42953A664CE53DA10B9A2EB4DEBA3478F6E6F6868C84B40FBF8E38FF79BF9A306D3E509698434587C466D20F79011D0103A3AE17CE604D80B172ECC695E58B468D1594F9DEAE4E0912CFC030F3C306DFCF8F1A923478EE4B4E0CDCDCDA77DDF6FEB3457110869843414C319B5BE043C021AC27A36EDCC0304F1783CB569D3A69CE485EDDBB7A7742ED78C90B63AD2851F3366CC9E3973E6E4F2F465BBFC1F4D3AAB3ADD3C3C21AD8429380869E13FA3D697C0454043A8E9D537D98F37673E44A0F398657B5EB4071E7820F33267734F53554582DE142845D93F77EEDC5C04B5F62953A6E8DA823B235FE81085341A212D4267D4825CFA4C94F0900022C0719CBB322F7B6A50CBD619353D839619D0F4FFD1FF8FAA9BA0565555D5F4C73FFE3175FCF8F1AC5DE21C376E9C3E28B093FBD00869843484F48C5AFA1E36021AA212D426670635BDF4A9F7A80DE4248FDE83D6E912A79E45E3AC74E7A0964824B6DE77DF7DEDEBD7AF1FF043027A0F9A5EE2E40C1A218D90869006B5AEE657032217D4D24F7DAE5BB7AECFD36C4C9B36ADF3D254ED04B41EE8CDFD959595A7A64F9F7E52C35A5FD2F1DAB56BF7E93D6EE6294E1E1220A411D210B6A0363523A0B19200A21CD4EECABC472DF312A8AE4CB066CD9A8EB53ED38BB2EBABDE73A6414E5712C89CA836F31E342E7106606E107C43CF868D1831A2BDA6A6A6F9830F3E38D5D8D878BAADADADA3E0F2DAAE8BA52F59B264BF2EF5A42B096838D379D0B8BC494823A42184D267CEEACDEB2C4A82A86785CCA73E07D85673E5AD1FA470096975D27674919A5BF59E335D534B977A622501421A210D613FA3A6DB3E021AF03F3A8F9A64804F33572608D27425019DA8D6F7FDDBA922086934421AB271E0AAEFFB202A019C4D4FD498B53EF5ECDA3EF9735BE75026ED909ED8D1B538B9EA06421A8D9086AC87B4582C763E95007AA6F7A66704B4B1540484341A210D390F69555555175209A0D7907628E34CDA012A02421A8D90869C87B461C3865D4C25801EC7C9D42EEE41E36C1A086934421A721BD262B1D8F7A904D0E33839DCC5C3028D540684341A210D390D698944E2322A0174CD75DD9AEE9EE88CC7E32E1502218D464843AE425A7B7979F9E55402E8768C9CE861EA8D1D540884341A210D390B69D2AEA012C0B9CC141C3DCE8FC6AA0220A4D10869C859484B2412575109E05C5D2D15D545DB49A550D4962E5D4A1022A4C1CE9D507B3299BC864A00810E6A7EAA2B11500984CA8A152B4EEB62B484213BDBAE5DBB7648486BA5A7468FCE9A5E5151712D9500028D979B755D6F2A815059B66CD963F5F5F5ED7BF7EE25145918D0EAEAEA4E4AABA1A746F2CC80AE37781D95007AE738CE6D3266DAA804424742C08CDADADA637A59AD98DB0B2FBCD0711F42B1FF1E19AD958016ED90E6FBFEF55402E89D1CD00C9531C35507C0E29DDA61B328351086FE7C2A168BDD402580DEC901CDED8434C0522CB08B308634BD199A4A008142DA9DAEEBB65009C0429D1EC7E6B16B84A14F9FACACACBC894A00810E6A86EBE4B65402B06F6756C3248608E14EE7A4F4E35BA804D03B4FC89869A612805D0373B04E55D0C52486ABA90E8A3CA4B5E9136B540208345E12D28E5109C0AE90F65677B34DBBAEFB432A84620E69D2BF7F41258040E3E55E6947A904604F401B6C6EAEEE6E4910CEA6A198FB776B2C16FB259500028D97FBA41DA112803D474E2B7A59B7AD7DE4C8915752291469FF6E9176079500028D9771D2BEA312801D474D7A16ED98DE5CDD4B50ABA75A28463A9D804E2B40258040FB8489D20E5109A00806693C1EBF51D772ABA8A818426550A467064E48482BA71240A0F1F23B6907A8046029C7711E9160B69F4A20243B9D66D77563540260FB0F143DDFF767CA4EAD914A202C214DE77EA21240A0F13255DA3E2A01D81BD2664B48DB45251006D2978F4B46ABA41240A090562D6D2F9500EC1DA4CF48DB4E251092FE7CCC719C7BA804D03B39A07954C6CC1E2A01D8BB537B5EDA662A8190F4E7A33A41279500028D97C7A5EDA61280BD83F465695F50098481EBBA47A43F8FA61240A0F1A26B38EFA41280A53CCFFBBB0CD475540221E9CF871DC7B99F4A0081C6CB5312D2765009C0DE41FA8E84B435540261A0B3A7EB2CEA540208345EE64ADB4625007B07E962692BA904C2400E380E497F9E40258040E3E539192F5F5309C0DE90562FED7D2A8130F03CEFA0E3380F520920D0F69F07C700CB07E94A3D9B46251092FE7C4097BAA11240A0F1F282B48D5402B094E7796B1DC7F927954048763AFBA53D4C258040E385A7FB01CB07E97AD775DFA0120803E9CBFB7CDF9F42258040DBFF5765CC345009C0DE41FA851E4D510984A43F37499B46258040E3E57509691BA80460EF20DDE279DE022A8190F4E7BDBA1E219500028D9737A5314F2660F120DDAEEB7752098481EBBA8DBEEFCFA41240A0EDFFDBD23EA11280BD8374B7ECD89EA01208497FDE23ED312A01041A2F0BA5ADA61280BD83B45142DA0C2A81B01C74E8A2D1540208345EFE256D1595002CE579DE7EC7711EA112080339E0D8E5FBFE6C2A01040A694BA47D4825007B776A2CA383301D74EC94838E27A9041028A42D95B69C4A00F686B42332484753098464A7B34382DA53540208345E581610B07C901E97E6530984A43FF3B432107CBCAC90564725007B07E909C771EEA2120803CFF3B6B9AEFB2C9500026DFF59BB19B07C90B6CA4E6D28954048FAF3D7D29F9FA31240A0F1B24A9FF0A41280A5648776B2B2B2F2262A8190EC74584103083E5E56EB5C695402B077909EF67DFF7A2A81309080B6C9719C3F530920D0F6FF135D75804A00F60ED276D775AFA61208497FDE28ED052A01041A2FEB74FD4E2A01581CD23CCF1B4C251092FEFCA5B497A804D03B3940DF20E3E5752A01D8BB534BC562B18BA80442B2D36990838E57A804106CBCC83EE0552A01581CD2A80242D49F3F971DCFDFA8041068BC70E619B0959E4123A421646706B87C03040F691B3DCFFB0B95002C545E5E7EB9DE93462510A290B64E763A7FA71240A090C6943580AD92C9E435B25323A421346487F31FC771FE4125804007355B7DDF9F4725000BE9FC683A4F1A954088CE0C30EF13107CBCB0D62D602BCFF36E96017A924A20446706D648BF7E874A008142DA0E192F4F5109C0CE1DDA505DBB934A2044071E1F3B8EF32E95000285B49DB21FA8A11280857CDF2F97417A824A20443B1D168C06828F97DDD21EA71280853CCFAB94A3A8E3540221DAE9AC94B6984A0081C6CB1ED90F3C4A25003B07E868096947A80442D4A7FF2D7DBA964A0081C6CB5E69D55402B0901C414D9476884A20443B9DE5D296520920D078D9276D2A95002CE438CE2312D2F653098468A7532FED7D2A01041A2FFBA53D4C25000BF9BE3FD375DD462A81B090FEBC4C0E3C3EA01240A0907650C6CB242A01D819D266CB4E6D17954088763A75D256500920D041CD21192F13A80460E70EED199D719A4A20447D7A89B40FA9041068BC1CF63C6F2C9500EC1CA0CF4BDB4C2510A233038B74AE342A01041A2F47F4297F2A01D819D25E96F605954058789EF79EEC783EA21240A07DC05169F75209C0CE1DDADF6587B68E4A20443B9D85D256530920D07839262D4125003B43DA3BBA2035954058388EF34FE9D76BA9041028A435CB78F1A80460E7005DACCBE8500984E8C0E32D39F0F8944A0081F60127A40DA712809D0394893F11B63EFDA6342EE10301C8014D8BEFFB775209C0CE1D1A8B51236C3B9D37A44FAFA71240A07D40AB84B4DBA9046021BD7747EFE1A112080BD9E1BC2641ED332A01040A696DB21FF8059500EC1CA0EBF5CC03954088FAF4ABD2A71BA8041038A4DD4A25003B07E8173A571A954088FA3473FF0101C901CDC9CACACA9BA80460E70E6D8B1C452DA012080BE9CF2FCA8EE72B2A0104DA079C8AC7E3375209C0CE01BA5DD7EFA412085148FB8BF4E98D540208B40F38EDFBFEF55402B07380EE765DF7092A8110F569D6A305FA10D2641F701D9500EC1CA08D32406750098485F4E7F99EE76DA11240E090F6432A0158487666FB1DC779844A202C7CDF9F273B9DAD54020814D2DA1389C4555402B090ECCC0EC9209D402510A29DCE5C69DBA80410681FD03E62C4881F5009C0CE017A447668A3A90442D4A79F963EBD834A00810E6A528944E2322A01D839408F4BF3A904C2C2F3BC39D2A7BFA11240B090964C262FA112809D03F484E3387751098485EBBA35D2AF775209205848ABAAAABA904A00760ED056D9A90DA5120851487B42A796A11240B090565D5D7D1E9500ECDCA1B1240842C5F3BC59B2E3F9964A00BD6EFF6768482B2B2BBB946A00761E4531DB34C216D21E957EBD874A003D8E935774FBEF38CE3D5403B037A4B5CBD1D4D55402213B3BD04825806EB7FB1FEAAD2E12D46EA51A80E5214D06EA602A81B0F07D7FBA04B5262A019C4D1F10906DFED73AF512AB0C00C511D252B158EC222A8110F5E9A9D2F65109E07F74C25A191707F47E4DD9E67F9F8A0096D3090C35A4799E37896A202C7499335DEE8C4A00FF25A1EC069D6E49DA7A9EE4048A880CDA717AF3A89E7DA01A0849489BAC670CA804D071F9FF4E190F27E5C0E53DAA011421D7754799A73C67520D143B3D332CFDF920950063C19B680EC29FA11A40710FE64A13D466530D14FB8E49DA212A8128D360A6DB741D0F540308C7A01E6E8EBAE6520D142BD775C74B1FFE8E4A20AA1CC779572F71EAA54EAA01846B7097C9E03E25ED79AA8162E479DE58E9BF87A904A2461F0AD08703F421017D58808A0021A46B796A50D319A9A9068A30A4DD27ED08954094E8B41A3ABD863E34A3D36D501120DC3BBA5BF574B9B437A9068AEC20431F84394A251015C964F21A9DA05627AAD5096BA908108D9DDDCF24ACB5E9FD0D5403457480F16BD9591DA31288D00175AB2EF5443580889181FF13D908E806A08E6AA048FA6C82908628D0C5D1B935058838D775AF93D6221B831554034510D27C69C7A90442DECFAB259C31BF25808EA0F64369CDB261584D3560B3783CEE6A5FA5120871407BD9CC81F66BAA01A0432291B84A2F23C90E709DFC75101581A53B309DEFEF04954048FBF7BFA5E9BDC2B7510D0067D147BB757A03D9487C4150838D64E77517210D61A34F6DCAB6778B3EB9AC5736A808802EC98662B06C240EC9C662B34E9E4845605948D309995BA804C2A2BCBCFC72E9D3FBA5EDD1F9D0A808801E9595955DAA93264ADB2E1B8DF3A9086CE1FBFEED3A2501954018E813F6D29AE5C0F8330E8A0104964C262F910D4793B45D4CA0085B9815330869287A7A5658FAB34E2AFE2FAA01A0CF62B1D845BA14896C481A870D1B76311541A10D1F3EFCE73A093395403193EDEA047D8253DA5CAA01A0DF4A4B4B2F900DC937D2F6E9D9352A82423233B013D250CC7DF8290D688EE33C4835000C98DE97E6BAEE56D9B01C4C241297511114700777B3AE3B4B25508CA4EF2ED4FEAB4F29530D0059A337B5CAC665A3B4EFF469242A8242D03567096928C6EDA7CE41A9D3C7C841EF0D5404402E0C928DCCE73A978FB42B2807F22D1E8FDFA8EB195209140BBD4D44FAEC6EBD12A17351521100392547849F4A3B2EED6AAA817C32531610D2502C01ED1A9D205C6F17E1297900F9DC59AED253F7151515D7520DE48BF4B721BAF0349580ED1CC7B945A78B91B6B284155C001420A8D5EBECEFBAE3A41AC887783CFE637D328E4AC0F26D6342CFF8BAAEFB37AA01A0901BA3C57AB4A8F70A510DE4A07F9D9096EAA5EDA452B085EFFBD3F56CAFB447A9068082731CE79F3A77556565E54D5403D9243BBA59BD8534A633804507152F99496AEFA51A006CDA38BDAE4B9CC80EF336AA812CF7AD9ECEA6EDA042B0A49F2ED7D53074550CAA01C03AB2817A51EFC388C562BFA41AC81609FF35DD85B4783CEE522114923EB5297D718B4E4DC48354006CDFA13EA7418D4B50C82633375FE790D6486550483AB1B71C9CEE97BEB8A7ACACEC522A02C07ABA369DDE38CB590E6431A44DED1CD2A48F8DA5322814DFF7AF9783D2669DE05B97CEA322008A69A7FAB85944F81EAA812CF5A9C31921ED001541A1C876AD4CEFC195B6886A0028D69D6AB50635CFF3EEA31A1828E9471333CEA24DA42228040966E375BB26AFCF520D00C51ED41E368FA44FA01AC8427FEA389B462550A0038539E6C07312D50010960DDB44BD47CD719CC954035908FD843414623BF68E3E14E5FB7E39D500102A12D0EED723509D8D9B6AD829954A5DB075EBD69DAB56AD4A2D5DBA34555B5B4BEB47ABABAB4B2D5FBEBC5DDA3C7A55F1ABAEAE3E4FB65DEB74BE3E56560110E623D15F9B4B05B3A8867D34A0AD58B122D5D4D4946A6D6DA50DA0EDDBB72F555F5FDF2E81AD869E55BC92C9E425AEEBEE926DD641D9765D414500843DA879665DBB3954C32E7A068D8096DDA0565B5BDB4ACF2A4E12CEAE96ED94DE03B92D168B5D44450044824E746BEEEDE0729045F41227E12ABB4D2F7FD2B38A721B758B04B456D94EAD92BF0EA22200224502DAED1AD4A4BD4035ECA081826045488B3A096795E620F235AA0120B2742162D918EA84907FA31AC513D28E7DB727B575CD5F530D75BFEF68FA67FD18A18C9056EC647B344D6FC790D7C7A806008E5A3DEF66D920B6C9EB5B54C3FE9076F4D0EED4E78BA7A5D6BFF7D0594D3FA69F239811D28A38A0BDA0014D0E1A47510D0030F4B1760D6A2CB1627F48DBD9F0CE39012DDD76352C249811D28AF560F103696D7A769F6A004027BA58B104B51669EF530D7B43DA97EFFFA1DB90A69F239811D28A496969E90512CE36C976E7584545C5B5540400BA118FC77FAC13464A5B4935EC0C699FD756771BD2F4730433425AB1907036D875DD7DD21ACBCACA2EA52200D08B6432798D84B4E3B2015D4B3508698434E4823973DF2C01AD21168B9D4F450020A09123475E291BD0A3B201DD50C21C455685347D9AB3BB90A69F239811D26C27DB963BF4A972698BA90600F4437979F9E5B2113D2C41ED2B5D3B8F8AD811D2367F38B7DB90A69F239811D22C0F68E3CC1AC24CA40D00039148242E336BE67DCD25093B42DA81DD1B529F2F997EEEA54EF9987E8E604648B395E3384F6A4093F63BAA01005920E1ECFB12D4F6CB8675873E8945450A1BD2B46D5BFBD239214D3F462823A4D94AB61F6F9B154E86530D00C8A261C3865D2C1BD74669BB59E8B8C021ADA525B579E5BC732F75CAC7F4730433429A4DF45609D7753F354F8DFF948A00400E5455555DA8214DDA5E0D6D5424FF214D5714D8F4E133DDDE93A69F63D501429A2D92C9E425B2BDD8E979DE2179BD828A00400EE9E54EBDEC296DBF5E06A522790A692D2DA93D9B97A53E5B34A5DB80966EFA35FAB59C5523A41592EBBA57EB8347D2B673F61D00F2442F5FC886778B1E1DEB83055424B721ADB7B3679C5523A4D9C6AC07DC2A41EDA312A6F00180BC1B241BE12F65637C78C488113FA01CB90B6941CE9EF574568D904648CB27D92EF8E60181D7A906001436A8ADD735F774F25BCA919B90D6DF80966E8434425A1E03DA5439703B2D6D16D500000BB8AEBB469777D1E5A4A846F6431A8D90560C2498FD45039A6C0F46510D00B0EB08FA437DC45E1768A71A8434425AE4C67FBDB4360969BFA01A0060E7867AA9DE2C2CED2754839046480B3FF3B4F746BDE581033400B09C1C49BF27AD8D492B096984B4D08FF5C132CEF7E924D76565659752110028028EE3FC4336DC27E5F516AA414823A4854F4545C51019E3C7A57DC19ABE00506464E3FDAA0635EE5121A411D2C2C5F7FDDB756CBBAE5B4B3500A048398EF367335FD21D54839046482B7E72D03556C6B33EC1399F6A004091938DF9B3BA5197A3EF72AA414823A415F558AED1B12C075F93A9060084846CD49FD4F993742672AA615F4893FFB6CB96AFCF13D2EC27E3F72D3D2B2E412D46350020646403FF981E854BBB976AD817D27AFA58AE3F4F48B39AAE2AF28984B3169ED806807007B5691AD4F4BE16AA414823A4D96DD8B06117CB58DD2901ED10CBBE01403482DAEFF4D2A7E3380F520D421A21CD4E8944E22A19ABDF49DB118BC52EA22200101172643EDE3C4C30856A10D2086976A9ACACBC49C6678B1C4C7D2C7F1D4445002062642730DA3CCA3F836A10D20869769060E6990704DEA01A0010EDA0963041ED09AA414823A415969ED9360FF73C4E3500007AE9336682DAD354832938086985A1134F9B697246530D0040E611FC9D7A894576120B08694C664B48CBFB81D232197F6DF23A946A0000BADA510C354B48BD4448235811D272AFB4B4F402196F1BA51D8BC7E33FA62200806E799E77AB59B839B2372D13D20869791A6B8365AC3549DB9B48242EA32200805E99C7FFDB6427F20E218D4648CB3E3908BA4EDA7119675FC662B1F3A908002030D971DC2021AD5576224B086934425A56C7D62FF56CB5B43AAA0100E8978A8A8A2166BDC0E584341A216DE01CC7B9DF2CCBB6806A0000061AD4AE959D4AB384B58F086934425AFFF9BE3FDBCC81F6305B160040564840BB5A9F3E93A3FFFF10D26884B4BE731CE71FFAE4743C1E77D9A20000B24A76305748583B22ADA124E46B0912D208695934480E6ED6EA3A9C32767EC6960400901366CA80EFE475537575F57984341A21AD7BC3860DBB58C6CB373A66468E1C79255B1000404E9595955D2A3B9D0312D4B68575EA00421A216DA01289C4551ACEA4EDD0B0C69603009017C964F2123309E7CEAAAAAA0B09693442DAFFE8654D7379734D49C86F0D00005828168B5D243BA23DDAF4CF84341A21ADA4441F0C304BABBDC956020050307A16CDF3BC9D7A564DCFAE11D268510E698EE33CA2536CB8AEFB045B070040C1E97D697A7F9ADEA7A6F7AB11D268510C69D2FF9F9771A093D4DEC7560100600D7DD2539FF8344F7E0E2EF6DF67E9D2A5042B425A5F02DA525DEB56977B626B0000B0D1209D434DE752D339D58AF91759B162C5E9A6A626C25596DAAE5DBB7648486B0D5B872F2D2DBD40FAFB57BA50BA2E98CE26000060355D95405727D0550A8AF57758B66CD963F5F5F5ED7BF7EE25646521A0D5D5D59D945613A67E9E48242E933EDEA44DFFCCC8070014055DE753D7FBD4753F8BF577905031A3B6B6F6985EA6B3B549204ED9FCF399D61AB680A667CDCC81C8577A368D110F00282AB2135B2E3BB116096A43A846F6E9031B52E31495C87B401BAAF79FE97D6854030050CC416D89E779AD12286EA01AD965961C22A4E5913EB9A94F70EA939C54030010861DDB3B7AE6A1B2B2F226AA913D7A1F14212D7F74EE339D034DE742A31A008030EDE0DE901DDC49096CB7528DEC183162C40FA4AEED54222F071A7FD75504743501AA0100081DD9C9BDA43B3ABDA7876A6425F85E2DF524A4E5D620A9F16A5D879333C1008050F33C6F810635DFF7EFA41A03138FC77FAC97DFA8446E987BFE76E804CD8944E22A2A0200083DD7759F36EB1BC6A846FF49D0BD9E90961B23478EBC52FAE721A9EF371AD6A80800204A41ADE3266C6909AAD13F52BB9FEA59492A91F5BEF933BDBCE979DE5AF9EB202A020088E2CE7086096AA3A946DF398E738B3E8C4125B2DA27631A7CA5B6FFA01A008048F37D7F8AB9F4399E6AF4CDF0E1C37FEE795E1B95C80EE9870F6B5F943E399B6A000050D27146E8413341E8EFA8469F02EEED52B3562A3170729030DFCC81763FD50000208384B4B1E6D2E734AA1138DCDE25F53A412506466A58A7978D63B1D82FA90600005DEF2CEF3541ED31AAD13B73FF543395E81FB3F6E917D28EB3BE2C0000BD07355F2F7D3A8EF324D5E899D4A95282DA712AD1776649ADBDD29AA48E83A908000001F8BE5F6E1E2678966AF41868F5CCE3512AD1376612E063D2369696965E40450000E85B00B9C34C85F067AAD135CFF3EE9376844A04A74B9249BF6A93F63ED50000A0FF21E4177A43B7B457A946978163BC2E5944250207FFD1E6523AC11F0080814A4FD8CAE4A25D86D849529B83542250407B5C039ACECB47350000C8DE0EF6A73A69ABB4F7A8C65975D1C957F753899EB9AEFB865E3A97FEE3510D0000B21F487EA213B74A5B4A35CED4649A3E9D4825BA354872D9C7DA6F2A2B2B6FA21C0000E488792AEF84B40FA946C753B0335DD76DA412E78AC56217493FD9A1F7EC251289ABA808000039964C26AFD1095C259CAC897A2D3CCF9B25B5F8965E71B69123475E29B539246DE7B061C32EA6220000E471276CE6B95A2F7F1D14D53A4850AD911AECA447FC8FDEBF28756991D74FA2DC3700002898112346FCC0F3BCC3B233FE32AA3B6309234FEB253D7AC3997AC4CC03026F510D00000A4897F6D1CB5AB263DE525D5D7D5E0443C9B3F2FB6FA327744CD532D9AC525143350000B0402C16FBBE4E43A16794A2B6C48F04B4051A50A3DE0724983DA7014DEA31961101008045F4E670B358F6EEAAAAAA0BA3F27BCBEFFB82AE3F19E5F75E7EFF253AD9B1EFFBB733120000B090997261B7B4C6A83CD127BFEBCBD2BE88E8FB7DBEEBBA0DF2FB1FAFA8A818C2080000C0627AB9532F7B7A9EB75F2F8386FDF7F57DFF35092A9F45ED7D2E2B2BBB54C3B8B47DF25E0FA6E703005004F40C8BECBCBF969DF7417DB020CCBFABFC8E7F9790B62E4AEFAF99D058A75FD918B57B100100287AFAA4A78497AF64477EB8BCBCFCF2B0FE9EF2FBBD6DE6038B0409A5BF90DFB74D5A3DBD1C0080E2354882DA06D9A11FD5C96FC3F80B3A8EF3AEAE4D19853753DECB51F2BBEA139C7FA16B03001002B2535FAB3797EB7252210C2E8BE4775B1581F770960634F95DA7D2A301000811D9B9AFD485D9F57EA690FD5E75D25684FCBD7B5D571190E6D393010008E7CEFE7D692DBEEF5F1FA2DFA95E7FAF90BE657AB9FA23F9FD5A3DCFBB991E0C00408899CB836DF178FCC69084B4157A362D6CEF9399F36E9B3EF821EFD9D5F45C0000224017DFD6A01686B3337A3F9A06CF30BD3FF23B5DA1D3A7C8EFB52B994C5E428F050020422400FC4D97121A3E7CF8CF8B3CD0AC96B6302CEF8B9EE1D47B0725A4FD47A751A1A70200104166DDCB53C5BCE6A3CE91A673A585E4FD18AEEF87E338FFA4770200107112D0E69960705731FEFCBADA80AE3A108280F63B69A7E57D78925E0900003A48C899632649F58A30DC7CAE976E431094750EB471F4460000D039A8CDD2A020AFBF2EB290F685B4978BB5EEF2B32FD67B03A5DD412F0400005DF27D7FBAB9E4767F11859C8DC5B84C522C163BDF75DD06F9F99BC3346F1D0000C811096893CDA5CF89C5F0F3CACFB945C2CEFC62AA715959D9A5F233374ADB575E5E7E39BD0E00000472F7DD774F3067D41E298290B64DC2CEB3C552DB8A8A8A6BA5B6C7A46D2E2D2DBD80DE060000FA1A7EEE3337B3575B1E2877C8CFFA5431D454E7A4939F552711FE801E060000FACD719C7B4C507BDCD69F5167E5F77D7FB6EDB5941ADE6B1ECC78919E050000062C1E8FBBE61E352BCF5649F0F9569F4CB5B986F2F33DAA35949F751A3D0A0000648D4E74AB13DEBAAEFB9C85214D6FC09F616BED7CDF7F4D6B2721AD929E040000B22E168BFDD2840DAB2ED7C9CFB44FDA540B4B3648177F977AB54AC8BD851E0400007246C2C66DAEEBEAC4ABAF5B14D2F64B7BD8B2407B913E752AEDB0D4EB6A7A0E0000C8B9CACACA9B2414B5D9B208B804A183F2B33C685168BC42DA4169BB93C9E425F41800009037F178FC460921ADBAA49105A1E83B5BD6BC347539216D5D7575F579F4140000907715151543248CB448AB2FE4CFE179DE119DD3ADD0F5F07DBFDCDCB3F70EBD030000143AA85D6BCE1CAD2AD4CFA0B3F7177A5178F9FF279939D09EA2570000002BE88DF1D28E4BFBB44021EDB834BF80BFFFB31AD0E4753CBD01000058C5DC2C7F54DAE7F2D74179FEBF9B2520C50A14D016E9D3AE8EE394D10B00008095CACBCB2F3737F16FCCE74DF312925A7CDFBF339FBF6B2C163B5F03A9FCDFCDF27F5FCFBB0F0000AC9648242ED3E92724BC6CD52093EDEFAF0F2B789E77B3B4C1E98FE964B13AD16EBE7EC7B2B2B24BE577DCA3F3B36930E55D0700004541E70633AB007C535A5A7A4136BFB784BF06F9BEA96E9AAE8DA913ED1ECED5FC64F2FFFFD05CD6DD5255557521EF360000282AC3860DBB58024DA32E7EAEB3EF67EBFB9A79C8523D35F97FDFC8C5EFA4AB2D789ED726FFC70ADE61000050B4F44C9304A65DD29AB279664B42D2FAEE029A84A8D3B9388BA6537C9833752FF1CE020080A2676EB0DF2EED80DECB958DEFD9D3D9B45C9C45F37D7FA6863F799DCE3B0A000042439FF49400B55902D4A1CC1BFE0742BED7575D84B453D93E8B26DFF355FDBED212BC930000208C06E94DFFBA84D38811237E30D06FE638CE5D5D84B4E7B3F9F3CAF75BA9EB93CAFF750B6F1F0000087B505BA7CB38251289AB06FACDF4A1848C80D69CAD2749CDBD745B35502693C96B78DB0000402448A05AAD93C0EA741603F93EF2EF476584B4C7B2F1B3E9593EBD7F4EDAEE582CF67DDE2D000010B5A0B642570A9076DD00BF8F4EF3911A3A74E86503FD992494DDA08BC5EBD9BE7CAE98000000605B50ABD3D502E4F52703F81E89F2F2F2D440573730F7B8E944B80B7967000040E449387A572788755DF767FDFC1693A5A5A4CD18C0CFF0A0CE81263FC3D3BC230000008604A437F52C9684B55BFB11D0DAA57D6A5E67F4E3FF9E6B26A99DC03B010000D08904B457743E32D77587F631A0A583D9D4BE0635F93FDF93FFEFA4EFFB77F20E0000007443E739D3A0E6384E591F035A6F1F3F8B3E1420E16C834EDB3190FBE1000000A214D4D2971F87F731A075FEFCD4AE3EA9D36AC8F7DEA3D36C9497975F4EC501000002F27D7FB60635CFF32AFB18D0D2BABCF4A9F3B2C9F73D2ADF778B4E584BA5010000FA1ED4669A272E47F531A06506B5D3E6559FE0BC4DBE5F9BB47F535D000080019040355583DA902143DE2EE9DFD39B1AEC4EFFE8473F7ADB5C427D99AA02000064C1FFFDDFFF2DFCD5AF7E95FADEF7BE37BB3FFFFEE28B2FFEBDFEFB1B6FBC7129D5040000C88E8E4B9C19016D90B405E6B527677DDD85175EA8EB7AF66B1E350000007411D032829506AE8D25FF5D5D60630F41ADBBAFEBF1A94F000000F43DA0A9052678A57A086A99012DDDE6F7F27D010000D0CF80D65D00CB0C6ABD7D3EADCF2B1300000010D07A0E50DD05B1F30206B4CCFFE734410D000060E001ADA7A0D6DA8780D639A8718F1A0000C000035A4F41AD2F012D8D4B9F000000DDB8D284AB863EFE3BBDC4D9F90C5AABF9785F2C32FFF64ADE0A000080B3F5757A8C6C9F499BC55B000000D07350CBD73D69E9B53DB9D409000030C0A096CDA73B99D8160000A08F41ADABA72EB3354F5AA284A73A010000FA257DAF586690CAE68A033594180000A07F72B57627010D00006080A67611D4E697F4FE5040E7AF633E340000802C1BE8CA0004340000801CE96FD09A5C4240030000C8A9BE062E021A0000409EA427A0EDEDD267A2848704000000F2AAB73364E97BD808680000009604B5AEE657030000400182DAD48C80C64A0200000016489F39AB37AFB328090000801DF48C5A8A80060000609F2B29010000000000000000000000000000000000000000000000000000000000E8CDFF033EB65008AF2F84E30000000049454E44AE426082, '1');

-- ----------------------------
-- Table structure for act_ge_property
-- ----------------------------
DROP TABLE IF EXISTS `act_ge_property`;
CREATE TABLE `act_ge_property` (
  `NAME_` varchar(64) COLLATE utf8_bin NOT NULL,
  `VALUE_` varchar(300) COLLATE utf8_bin DEFAULT NULL,
  `REV_` int(11) DEFAULT NULL,
  PRIMARY KEY (`NAME_`)
) ENGINE=InnoDB DEFAULT CHARSET=utf8 COLLATE=utf8_bin;

-- ----------------------------
-- Records of act_ge_property
-- ----------------------------
INSERT INTO `act_ge_property` VALUES ('cfg.execution-related-entities-count', 'false', '1');
INSERT INTO `act_ge_property` VALUES ('next.dbid', '7501', '4');
INSERT INTO `act_ge_property` VALUES ('schema.history', 'create(6.0.0.4)', '1');
INSERT INTO `act_ge_property` VALUES ('schema.version', '6.0.0.4', '1');

-- ----------------------------
-- Table structure for act_hi_actinst
-- ----------------------------
DROP TABLE IF EXISTS `act_hi_actinst`;
CREATE TABLE `act_hi_actinst` (
  `ID_` varchar(64) COLLATE utf8_bin NOT NULL,
  `PROC_DEF_ID_` varchar(64) COLLATE utf8_bin NOT NULL,
  `PROC_INST_ID_` varchar(64) COLLATE utf8_bin NOT NULL,
  `EXECUTION_ID_` varchar(64) COLLATE utf8_bin NOT NULL,
  `ACT_ID_` varchar(255) COLLATE utf8_bin NOT NULL,
  `TASK_ID_` varchar(64) COLLATE utf8_bin DEFAULT NULL,
  `CALL_PROC_INST_ID_` varchar(64) COLLATE utf8_bin DEFAULT NULL,
  `ACT_NAME_` varchar(255) COLLATE utf8_bin DEFAULT NULL,
  `ACT_TYPE_` varchar(255) COLLATE utf8_bin NOT NULL,
  `ASSIGNEE_` varchar(255) COLLATE utf8_bin DEFAULT NULL,
  `START_TIME_` datetime(3) NOT NULL,
  `END_TIME_` datetime(3) DEFAULT NULL,
  `DURATION_` bigint(20) DEFAULT NULL,
  `DELETE_REASON_` varchar(4000) COLLATE utf8_bin DEFAULT NULL,
  `TENANT_ID_` varchar(255) COLLATE utf8_bin DEFAULT '',
  PRIMARY KEY (`ID_`),
  KEY `ACT_IDX_HI_ACT_INST_START` (`START_TIME_`),
  KEY `ACT_IDX_HI_ACT_INST_END` (`END_TIME_`),
  KEY `ACT_IDX_HI_ACT_INST_PROCINST` (`PROC_INST_ID_`,`ACT_ID_`),
  KEY `ACT_IDX_HI_ACT_INST_EXEC` (`EXECUTION_ID_`,`ACT_ID_`)
) ENGINE=InnoDB DEFAULT CHARSET=utf8 COLLATE=utf8_bin;

-- ----------------------------
-- Records of act_hi_actinst
-- ----------------------------

-- ----------------------------
-- Table structure for act_hi_attachment
-- ----------------------------
DROP TABLE IF EXISTS `act_hi_attachment`;
CREATE TABLE `act_hi_attachment` (
  `ID_` varchar(64) COLLATE utf8_bin NOT NULL,
  `REV_` int(11) DEFAULT NULL,
  `USER_ID_` varchar(255) COLLATE utf8_bin DEFAULT NULL,
  `NAME_` varchar(255) COLLATE utf8_bin DEFAULT NULL,
  `DESCRIPTION_` varchar(4000) COLLATE utf8_bin DEFAULT NULL,
  `TYPE_` varchar(255) COLLATE utf8_bin DEFAULT NULL,
  `TASK_ID_` varchar(64) COLLATE utf8_bin DEFAULT NULL,
  `PROC_INST_ID_` varchar(64) COLLATE utf8_bin DEFAULT NULL,
  `URL_` varchar(4000) COLLATE utf8_bin DEFAULT NULL,
  `CONTENT_ID_` varchar(64) COLLATE utf8_bin DEFAULT NULL,
  `TIME_` datetime(3) DEFAULT NULL,
  PRIMARY KEY (`ID_`)
) ENGINE=InnoDB DEFAULT CHARSET=utf8 COLLATE=utf8_bin;

-- ----------------------------
-- Records of act_hi_attachment
-- ----------------------------

-- ----------------------------
-- Table structure for act_hi_comment
-- ----------------------------
DROP TABLE IF EXISTS `act_hi_comment`;
CREATE TABLE `act_hi_comment` (
  `ID_` varchar(64) COLLATE utf8_bin NOT NULL,
  `TYPE_` varchar(255) COLLATE utf8_bin DEFAULT NULL,
  `TIME_` datetime(3) NOT NULL,
  `USER_ID_` varchar(255) COLLATE utf8_bin DEFAULT NULL,
  `TASK_ID_` varchar(64) COLLATE utf8_bin DEFAULT NULL,
  `PROC_INST_ID_` varchar(64) COLLATE utf8_bin DEFAULT NULL,
  `ACTION_` varchar(255) COLLATE utf8_bin DEFAULT NULL,
  `MESSAGE_` varchar(4000) COLLATE utf8_bin DEFAULT NULL,
  `FULL_MSG_` longblob,
  PRIMARY KEY (`ID_`)
) ENGINE=InnoDB DEFAULT CHARSET=utf8 COLLATE=utf8_bin;

-- ----------------------------
-- Records of act_hi_comment
-- ----------------------------

-- ----------------------------
-- Table structure for act_hi_detail
-- ----------------------------
DROP TABLE IF EXISTS `act_hi_detail`;
CREATE TABLE `act_hi_detail` (
  `ID_` varchar(64) COLLATE utf8_bin NOT NULL,
  `TYPE_` varchar(255) COLLATE utf8_bin NOT NULL,
  `PROC_INST_ID_` varchar(64) COLLATE utf8_bin DEFAULT NULL,
  `EXECUTION_ID_` varchar(64) COLLATE utf8_bin DEFAULT NULL,
  `TASK_ID_` varchar(64) COLLATE utf8_bin DEFAULT NULL,
  `ACT_INST_ID_` varchar(64) COLLATE utf8_bin DEFAULT NULL,
  `NAME_` varchar(255) COLLATE utf8_bin NOT NULL,
  `VAR_TYPE_` varchar(255) COLLATE utf8_bin DEFAULT NULL,
  `REV_` int(11) DEFAULT NULL,
  `TIME_` datetime(3) NOT NULL,
  `BYTEARRAY_ID_` varchar(64) COLLATE utf8_bin DEFAULT NULL,
  `DOUBLE_` double DEFAULT NULL,
  `LONG_` bigint(20) DEFAULT NULL,
  `TEXT_` varchar(4000) COLLATE utf8_bin DEFAULT NULL,
  `TEXT2_` varchar(4000) COLLATE utf8_bin DEFAULT NULL,
  PRIMARY KEY (`ID_`),
  KEY `ACT_IDX_HI_DETAIL_PROC_INST` (`PROC_INST_ID_`),
  KEY `ACT_IDX_HI_DETAIL_ACT_INST` (`ACT_INST_ID_`),
  KEY `ACT_IDX_HI_DETAIL_TIME` (`TIME_`),
  KEY `ACT_IDX_HI_DETAIL_NAME` (`NAME_`),
  KEY `ACT_IDX_HI_DETAIL_TASK_ID` (`TASK_ID_`)
) ENGINE=InnoDB DEFAULT CHARSET=utf8 COLLATE=utf8_bin;

-- ----------------------------
-- Records of act_hi_detail
-- ----------------------------

-- ----------------------------
-- Table structure for act_hi_identitylink
-- ----------------------------
DROP TABLE IF EXISTS `act_hi_identitylink`;
CREATE TABLE `act_hi_identitylink` (
  `ID_` varchar(64) COLLATE utf8_bin NOT NULL,
  `GROUP_ID_` varchar(255) COLLATE utf8_bin DEFAULT NULL,
  `TYPE_` varchar(255) COLLATE utf8_bin DEFAULT NULL,
  `USER_ID_` varchar(255) COLLATE utf8_bin DEFAULT NULL,
  `TASK_ID_` varchar(64) COLLATE utf8_bin DEFAULT NULL,
  `PROC_INST_ID_` varchar(64) COLLATE utf8_bin DEFAULT NULL,
  PRIMARY KEY (`ID_`),
  KEY `ACT_IDX_HI_IDENT_LNK_USER` (`USER_ID_`),
  KEY `ACT_IDX_HI_IDENT_LNK_TASK` (`TASK_ID_`),
  KEY `ACT_IDX_HI_IDENT_LNK_PROCINST` (`PROC_INST_ID_`)
) ENGINE=InnoDB DEFAULT CHARSET=utf8 COLLATE=utf8_bin;

-- ----------------------------
-- Records of act_hi_identitylink
-- ----------------------------

-- ----------------------------
-- Table structure for act_hi_procinst
-- ----------------------------
DROP TABLE IF EXISTS `act_hi_procinst`;
CREATE TABLE `act_hi_procinst` (
  `ID_` varchar(64) COLLATE utf8_bin NOT NULL,
  `PROC_INST_ID_` varchar(64) COLLATE utf8_bin NOT NULL,
  `BUSINESS_KEY_` varchar(255) COLLATE utf8_bin DEFAULT NULL,
  `PROC_DEF_ID_` varchar(64) COLLATE utf8_bin NOT NULL,
  `START_TIME_` datetime(3) NOT NULL,
  `END_TIME_` datetime(3) DEFAULT NULL,
  `DURATION_` bigint(20) DEFAULT NULL,
  `START_USER_ID_` varchar(255) COLLATE utf8_bin DEFAULT NULL,
  `START_ACT_ID_` varchar(255) COLLATE utf8_bin DEFAULT NULL,
  `END_ACT_ID_` varchar(255) COLLATE utf8_bin DEFAULT NULL,
  `SUPER_PROCESS_INSTANCE_ID_` varchar(64) COLLATE utf8_bin DEFAULT NULL,
  `DELETE_REASON_` varchar(4000) COLLATE utf8_bin DEFAULT NULL,
  `TENANT_ID_` varchar(255) COLLATE utf8_bin DEFAULT '',
  `NAME_` varchar(255) COLLATE utf8_bin DEFAULT NULL,
  PRIMARY KEY (`ID_`),
  UNIQUE KEY `PROC_INST_ID_` (`PROC_INST_ID_`),
  KEY `ACT_IDX_HI_PRO_INST_END` (`END_TIME_`),
  KEY `ACT_IDX_HI_PRO_I_BUSKEY` (`BUSINESS_KEY_`)
) ENGINE=InnoDB DEFAULT CHARSET=utf8 COLLATE=utf8_bin;

-- ----------------------------
-- Records of act_hi_procinst
-- ----------------------------

-- ----------------------------
-- Table structure for act_hi_taskinst
-- ----------------------------
DROP TABLE IF EXISTS `act_hi_taskinst`;
CREATE TABLE `act_hi_taskinst` (
  `ID_` varchar(64) COLLATE utf8_bin NOT NULL,
  `PROC_DEF_ID_` varchar(64) COLLATE utf8_bin DEFAULT NULL,
  `TASK_DEF_KEY_` varchar(255) COLLATE utf8_bin DEFAULT NULL,
  `PROC_INST_ID_` varchar(64) COLLATE utf8_bin DEFAULT NULL,
  `EXECUTION_ID_` varchar(64) COLLATE utf8_bin DEFAULT NULL,
  `NAME_` varchar(255) COLLATE utf8_bin DEFAULT NULL,
  `PARENT_TASK_ID_` varchar(64) COLLATE utf8_bin DEFAULT NULL,
  `DESCRIPTION_` varchar(4000) COLLATE utf8_bin DEFAULT NULL,
  `OWNER_` varchar(255) COLLATE utf8_bin DEFAULT NULL,
  `ASSIGNEE_` varchar(255) COLLATE utf8_bin DEFAULT NULL,
  `START_TIME_` datetime(3) NOT NULL,
  `CLAIM_TIME_` datetime(3) DEFAULT NULL,
  `END_TIME_` datetime(3) DEFAULT NULL,
  `DURATION_` bigint(20) DEFAULT NULL,
  `DELETE_REASON_` varchar(4000) COLLATE utf8_bin DEFAULT NULL,
  `PRIORITY_` int(11) DEFAULT NULL,
  `DUE_DATE_` datetime(3) DEFAULT NULL,
  `FORM_KEY_` varchar(255) COLLATE utf8_bin DEFAULT NULL,
  `CATEGORY_` varchar(255) COLLATE utf8_bin DEFAULT NULL,
  `TENANT_ID_` varchar(255) COLLATE utf8_bin DEFAULT '',
  PRIMARY KEY (`ID_`),
  KEY `ACT_IDX_HI_TASK_INST_PROCINST` (`PROC_INST_ID_`)
) ENGINE=InnoDB DEFAULT CHARSET=utf8 COLLATE=utf8_bin;

-- ----------------------------
-- Records of act_hi_taskinst
-- ----------------------------

-- ----------------------------
-- Table structure for act_hi_varinst
-- ----------------------------
DROP TABLE IF EXISTS `act_hi_varinst`;
CREATE TABLE `act_hi_varinst` (
  `ID_` varchar(64) COLLATE utf8_bin NOT NULL,
  `PROC_INST_ID_` varchar(64) COLLATE utf8_bin DEFAULT NULL,
  `EXECUTION_ID_` varchar(64) COLLATE utf8_bin DEFAULT NULL,
  `TASK_ID_` varchar(64) COLLATE utf8_bin DEFAULT NULL,
  `NAME_` varchar(255) COLLATE utf8_bin NOT NULL,
  `VAR_TYPE_` varchar(100) COLLATE utf8_bin DEFAULT NULL,
  `REV_` int(11) DEFAULT NULL,
  `BYTEARRAY_ID_` varchar(64) COLLATE utf8_bin DEFAULT NULL,
  `DOUBLE_` double DEFAULT NULL,
  `LONG_` bigint(20) DEFAULT NULL,
  `TEXT_` varchar(4000) COLLATE utf8_bin DEFAULT NULL,
  `TEXT2_` varchar(4000) COLLATE utf8_bin DEFAULT NULL,
  `CREATE_TIME_` datetime(3) DEFAULT NULL,
  `LAST_UPDATED_TIME_` datetime(3) DEFAULT NULL,
  PRIMARY KEY (`ID_`),
  KEY `ACT_IDX_HI_PROCVAR_PROC_INST` (`PROC_INST_ID_`),
  KEY `ACT_IDX_HI_PROCVAR_NAME_TYPE` (`NAME_`,`VAR_TYPE_`),
  KEY `ACT_IDX_HI_PROCVAR_TASK_ID` (`TASK_ID_`)
) ENGINE=InnoDB DEFAULT CHARSET=utf8 COLLATE=utf8_bin;

-- ----------------------------
-- Records of act_hi_varinst
-- ----------------------------

-- ----------------------------
-- Table structure for act_id_group
-- ----------------------------
DROP TABLE IF EXISTS `act_id_group`;
CREATE TABLE `act_id_group` (
  `ID_` varchar(64) COLLATE utf8_bin NOT NULL,
  `REV_` int(11) DEFAULT NULL,
  `NAME_` varchar(255) COLLATE utf8_bin DEFAULT NULL,
  `TYPE_` varchar(255) COLLATE utf8_bin DEFAULT NULL,
  PRIMARY KEY (`ID_`)
) ENGINE=InnoDB DEFAULT CHARSET=utf8 COLLATE=utf8_bin;

-- ----------------------------
-- Records of act_id_group
-- ----------------------------

-- ----------------------------
-- Table structure for act_id_info
-- ----------------------------
DROP TABLE IF EXISTS `act_id_info`;
CREATE TABLE `act_id_info` (
  `ID_` varchar(64) COLLATE utf8_bin NOT NULL,
  `REV_` int(11) DEFAULT NULL,
  `USER_ID_` varchar(64) COLLATE utf8_bin DEFAULT NULL,
  `TYPE_` varchar(64) COLLATE utf8_bin DEFAULT NULL,
  `KEY_` varchar(255) COLLATE utf8_bin DEFAULT NULL,
  `VALUE_` varchar(255) COLLATE utf8_bin DEFAULT NULL,
  `PASSWORD_` longblob,
  `PARENT_ID_` varchar(255) COLLATE utf8_bin DEFAULT NULL,
  PRIMARY KEY (`ID_`)
) ENGINE=InnoDB DEFAULT CHARSET=utf8 COLLATE=utf8_bin;

-- ----------------------------
-- Records of act_id_info
-- ----------------------------

-- ----------------------------
-- Table structure for act_id_membership
-- ----------------------------
DROP TABLE IF EXISTS `act_id_membership`;
CREATE TABLE `act_id_membership` (
  `USER_ID_` varchar(64) COLLATE utf8_bin NOT NULL,
  `GROUP_ID_` varchar(64) COLLATE utf8_bin NOT NULL,
  PRIMARY KEY (`USER_ID_`,`GROUP_ID_`),
  KEY `ACT_FK_MEMB_GROUP` (`GROUP_ID_`),
  CONSTRAINT `ACT_FK_MEMB_GROUP` FOREIGN KEY (`GROUP_ID_`) REFERENCES `act_id_group` (`ID_`),
  CONSTRAINT `ACT_FK_MEMB_USER` FOREIGN KEY (`USER_ID_`) REFERENCES `act_id_user` (`ID_`)
) ENGINE=InnoDB DEFAULT CHARSET=utf8 COLLATE=utf8_bin;

-- ----------------------------
-- Records of act_id_membership
-- ----------------------------

-- ----------------------------
-- Table structure for act_id_user
-- ----------------------------
DROP TABLE IF EXISTS `act_id_user`;
CREATE TABLE `act_id_user` (
  `ID_` varchar(64) COLLATE utf8_bin NOT NULL,
  `REV_` int(11) DEFAULT NULL,
  `FIRST_` varchar(255) COLLATE utf8_bin DEFAULT NULL,
  `LAST_` varchar(255) COLLATE utf8_bin DEFAULT NULL,
  `EMAIL_` varchar(255) COLLATE utf8_bin DEFAULT NULL,
  `PWD_` varchar(255) COLLATE utf8_bin DEFAULT NULL,
  `PICTURE_ID_` varchar(64) COLLATE utf8_bin DEFAULT NULL,
  PRIMARY KEY (`ID_`)
) ENGINE=InnoDB DEFAULT CHARSET=utf8 COLLATE=utf8_bin;

-- ----------------------------
-- Records of act_id_user
-- ----------------------------

-- ----------------------------
-- Table structure for act_procdef_info
-- ----------------------------
DROP TABLE IF EXISTS `act_procdef_info`;
CREATE TABLE `act_procdef_info` (
  `ID_` varchar(64) COLLATE utf8_bin NOT NULL,
  `PROC_DEF_ID_` varchar(64) COLLATE utf8_bin NOT NULL,
  `REV_` int(11) DEFAULT NULL,
  `INFO_JSON_ID_` varchar(64) COLLATE utf8_bin DEFAULT NULL,
  PRIMARY KEY (`ID_`),
  UNIQUE KEY `ACT_UNIQ_INFO_PROCDEF` (`PROC_DEF_ID_`),
  KEY `ACT_IDX_INFO_PROCDEF` (`PROC_DEF_ID_`),
  KEY `ACT_FK_INFO_JSON_BA` (`INFO_JSON_ID_`),
  CONSTRAINT `ACT_FK_INFO_JSON_BA` FOREIGN KEY (`INFO_JSON_ID_`) REFERENCES `act_ge_bytearray` (`ID_`),
  CONSTRAINT `ACT_FK_INFO_PROCDEF` FOREIGN KEY (`PROC_DEF_ID_`) REFERENCES `act_re_procdef` (`ID_`)
) ENGINE=InnoDB DEFAULT CHARSET=utf8 COLLATE=utf8_bin;

-- ----------------------------
-- Records of act_procdef_info
-- ----------------------------

-- ----------------------------
-- Table structure for act_re_deployment
-- ----------------------------
DROP TABLE IF EXISTS `act_re_deployment`;
CREATE TABLE `act_re_deployment` (
  `ID_` varchar(64) COLLATE utf8_bin NOT NULL,
  `NAME_` varchar(255) COLLATE utf8_bin DEFAULT NULL,
  `CATEGORY_` varchar(255) COLLATE utf8_bin DEFAULT NULL,
  `KEY_` varchar(255) COLLATE utf8_bin DEFAULT NULL,
  `TENANT_ID_` varchar(255) COLLATE utf8_bin DEFAULT '',
  `DEPLOY_TIME_` timestamp(3) NULL DEFAULT NULL,
  `ENGINE_VERSION_` varchar(255) COLLATE utf8_bin DEFAULT NULL,
  PRIMARY KEY (`ID_`)
) ENGINE=InnoDB DEFAULT CHARSET=utf8 COLLATE=utf8_bin;

-- ----------------------------
-- Records of act_re_deployment
-- ----------------------------
INSERT INTO `act_re_deployment` VALUES ('2501', 'SpringAutoDeployment', null, null, '', '2019-02-12 13:30:30.275', null);
INSERT INTO `act_re_deployment` VALUES ('5001', 'SpringAutoDeployment', null, null, '', '2019-02-12 13:39:01.830', null);

-- ----------------------------
-- Table structure for act_re_model
-- ----------------------------
DROP TABLE IF EXISTS `act_re_model`;
CREATE TABLE `act_re_model` (
  `ID_` varchar(64) COLLATE utf8_bin NOT NULL,
  `REV_` int(11) DEFAULT NULL,
  `NAME_` varchar(255) COLLATE utf8_bin DEFAULT NULL,
  `KEY_` varchar(255) COLLATE utf8_bin DEFAULT NULL,
  `CATEGORY_` varchar(255) COLLATE utf8_bin DEFAULT NULL,
  `CREATE_TIME_` timestamp(3) NULL DEFAULT NULL,
  `LAST_UPDATE_TIME_` timestamp(3) NULL DEFAULT NULL,
  `VERSION_` int(11) DEFAULT NULL,
  `META_INFO_` varchar(4000) COLLATE utf8_bin DEFAULT NULL,
  `DEPLOYMENT_ID_` varchar(64) COLLATE utf8_bin DEFAULT NULL,
  `EDITOR_SOURCE_VALUE_ID_` varchar(64) COLLATE utf8_bin DEFAULT NULL,
  `EDITOR_SOURCE_EXTRA_VALUE_ID_` varchar(64) COLLATE utf8_bin DEFAULT NULL,
  `TENANT_ID_` varchar(255) COLLATE utf8_bin DEFAULT '',
  PRIMARY KEY (`ID_`),
  KEY `ACT_FK_MODEL_SOURCE` (`EDITOR_SOURCE_VALUE_ID_`),
  KEY `ACT_FK_MODEL_SOURCE_EXTRA` (`EDITOR_SOURCE_EXTRA_VALUE_ID_`),
  KEY `ACT_FK_MODEL_DEPLOYMENT` (`DEPLOYMENT_ID_`),
  CONSTRAINT `ACT_FK_MODEL_DEPLOYMENT` FOREIGN KEY (`DEPLOYMENT_ID_`) REFERENCES `act_re_deployment` (`ID_`),
  CONSTRAINT `ACT_FK_MODEL_SOURCE` FOREIGN KEY (`EDITOR_SOURCE_VALUE_ID_`) REFERENCES `act_ge_bytearray` (`ID_`),
  CONSTRAINT `ACT_FK_MODEL_SOURCE_EXTRA` FOREIGN KEY (`EDITOR_SOURCE_EXTRA_VALUE_ID_`) REFERENCES `act_ge_bytearray` (`ID_`)
) ENGINE=InnoDB DEFAULT CHARSET=utf8 COLLATE=utf8_bin;

-- ----------------------------
-- Records of act_re_model
-- ----------------------------

-- ----------------------------
-- Table structure for act_re_procdef
-- ----------------------------
DROP TABLE IF EXISTS `act_re_procdef`;
CREATE TABLE `act_re_procdef` (
  `ID_` varchar(64) COLLATE utf8_bin NOT NULL,
  `REV_` int(11) DEFAULT NULL,
  `CATEGORY_` varchar(255) COLLATE utf8_bin DEFAULT NULL,
  `NAME_` varchar(255) COLLATE utf8_bin DEFAULT NULL,
  `KEY_` varchar(255) COLLATE utf8_bin NOT NULL,
  `VERSION_` int(11) NOT NULL,
  `DEPLOYMENT_ID_` varchar(64) COLLATE utf8_bin DEFAULT NULL,
  `RESOURCE_NAME_` varchar(4000) COLLATE utf8_bin DEFAULT NULL,
  `DGRM_RESOURCE_NAME_` varchar(4000) COLLATE utf8_bin DEFAULT NULL,
  `DESCRIPTION_` varchar(4000) COLLATE utf8_bin DEFAULT NULL,
  `HAS_START_FORM_KEY_` tinyint(4) DEFAULT NULL,
  `HAS_GRAPHICAL_NOTATION_` tinyint(4) DEFAULT NULL,
  `SUSPENSION_STATE_` int(11) DEFAULT NULL,
  `TENANT_ID_` varchar(255) COLLATE utf8_bin DEFAULT '',
  `ENGINE_VERSION_` varchar(255) COLLATE utf8_bin DEFAULT NULL,
  PRIMARY KEY (`ID_`),
  UNIQUE KEY `ACT_UNIQ_PROCDEF` (`KEY_`,`VERSION_`,`TENANT_ID_`)
) ENGINE=InnoDB DEFAULT CHARSET=utf8 COLLATE=utf8_bin;

-- ----------------------------
-- Records of act_re_procdef
-- ----------------------------
INSERT INTO `act_re_procdef` VALUES ('messagePublish:1:2504', '1', 'http://www.activiti.org/test', '', 'messagePublish', '1', '2501', 'D:\\WorkSpace\\JMonkey2.0\\target\\classes\\processes\\message-publish.bpmn', 'D:\\WorkSpace\\JMonkey2.0\\target\\classes\\processes\\message-publish.messagePublish.png', null, '0', '1', '1', '', null);
INSERT INTO `act_re_procdef` VALUES ('messagePublish:2:5004', '1', 'http://www.activiti.org/test', '', 'messagePublish', '2', '5001', 'D:\\WorkSpace\\JMonkey2.0\\target\\classes\\processes\\message-publish.bpmn', 'D:\\WorkSpace\\JMonkey2.0\\target\\classes\\processes\\message-publish.messagePublish.png', null, '0', '1', '1', '', null);

-- ----------------------------
-- Table structure for act_ru_deadletter_job
-- ----------------------------
DROP TABLE IF EXISTS `act_ru_deadletter_job`;
CREATE TABLE `act_ru_deadletter_job` (
  `ID_` varchar(64) COLLATE utf8_bin NOT NULL,
  `REV_` int(11) DEFAULT NULL,
  `TYPE_` varchar(255) COLLATE utf8_bin NOT NULL,
  `EXCLUSIVE_` tinyint(1) DEFAULT NULL,
  `EXECUTION_ID_` varchar(64) COLLATE utf8_bin DEFAULT NULL,
  `PROCESS_INSTANCE_ID_` varchar(64) COLLATE utf8_bin DEFAULT NULL,
  `PROC_DEF_ID_` varchar(64) COLLATE utf8_bin DEFAULT NULL,
  `EXCEPTION_STACK_ID_` varchar(64) COLLATE utf8_bin DEFAULT NULL,
  `EXCEPTION_MSG_` varchar(4000) COLLATE utf8_bin DEFAULT NULL,
  `DUEDATE_` timestamp(3) NULL DEFAULT NULL,
  `REPEAT_` varchar(255) COLLATE utf8_bin DEFAULT NULL,
  `HANDLER_TYPE_` varchar(255) COLLATE utf8_bin DEFAULT NULL,
  `HANDLER_CFG_` varchar(4000) COLLATE utf8_bin DEFAULT NULL,
  `TENANT_ID_` varchar(255) COLLATE utf8_bin DEFAULT '',
  PRIMARY KEY (`ID_`),
  KEY `ACT_FK_DEADLETTER_JOB_EXECUTION` (`EXECUTION_ID_`),
  KEY `ACT_FK_DEADLETTER_JOB_PROCESS_INSTANCE` (`PROCESS_INSTANCE_ID_`),
  KEY `ACT_FK_DEADLETTER_JOB_PROC_DEF` (`PROC_DEF_ID_`),
  KEY `ACT_FK_DEADLETTER_JOB_EXCEPTION` (`EXCEPTION_STACK_ID_`),
  CONSTRAINT `ACT_FK_DEADLETTER_JOB_EXCEPTION` FOREIGN KEY (`EXCEPTION_STACK_ID_`) REFERENCES `act_ge_bytearray` (`ID_`),
  CONSTRAINT `ACT_FK_DEADLETTER_JOB_EXECUTION` FOREIGN KEY (`EXECUTION_ID_`) REFERENCES `act_ru_execution` (`ID_`),
  CONSTRAINT `ACT_FK_DEADLETTER_JOB_PROCESS_INSTANCE` FOREIGN KEY (`PROCESS_INSTANCE_ID_`) REFERENCES `act_ru_execution` (`ID_`),
  CONSTRAINT `ACT_FK_DEADLETTER_JOB_PROC_DEF` FOREIGN KEY (`PROC_DEF_ID_`) REFERENCES `act_re_procdef` (`ID_`)
) ENGINE=InnoDB DEFAULT CHARSET=utf8 COLLATE=utf8_bin;

-- ----------------------------
-- Records of act_ru_deadletter_job
-- ----------------------------

-- ----------------------------
-- Table structure for act_ru_event_subscr
-- ----------------------------
DROP TABLE IF EXISTS `act_ru_event_subscr`;
CREATE TABLE `act_ru_event_subscr` (
  `ID_` varchar(64) COLLATE utf8_bin NOT NULL,
  `REV_` int(11) DEFAULT NULL,
  `EVENT_TYPE_` varchar(255) COLLATE utf8_bin NOT NULL,
  `EVENT_NAME_` varchar(255) COLLATE utf8_bin DEFAULT NULL,
  `EXECUTION_ID_` varchar(64) COLLATE utf8_bin DEFAULT NULL,
  `PROC_INST_ID_` varchar(64) COLLATE utf8_bin DEFAULT NULL,
  `ACTIVITY_ID_` varchar(64) COLLATE utf8_bin DEFAULT NULL,
  `CONFIGURATION_` varchar(255) COLLATE utf8_bin DEFAULT NULL,
  `CREATED_` timestamp(3) NOT NULL DEFAULT CURRENT_TIMESTAMP(3),
  `PROC_DEF_ID_` varchar(64) COLLATE utf8_bin DEFAULT NULL,
  `TENANT_ID_` varchar(255) COLLATE utf8_bin DEFAULT '',
  PRIMARY KEY (`ID_`),
  KEY `ACT_IDX_EVENT_SUBSCR_CONFIG_` (`CONFIGURATION_`),
  KEY `ACT_FK_EVENT_EXEC` (`EXECUTION_ID_`),
  CONSTRAINT `ACT_FK_EVENT_EXEC` FOREIGN KEY (`EXECUTION_ID_`) REFERENCES `act_ru_execution` (`ID_`)
) ENGINE=InnoDB DEFAULT CHARSET=utf8 COLLATE=utf8_bin;

-- ----------------------------
-- Records of act_ru_event_subscr
-- ----------------------------

-- ----------------------------
-- Table structure for act_ru_execution
-- ----------------------------
DROP TABLE IF EXISTS `act_ru_execution`;
CREATE TABLE `act_ru_execution` (
  `ID_` varchar(64) COLLATE utf8_bin NOT NULL,
  `REV_` int(11) DEFAULT NULL,
  `PROC_INST_ID_` varchar(64) COLLATE utf8_bin DEFAULT NULL,
  `BUSINESS_KEY_` varchar(255) COLLATE utf8_bin DEFAULT NULL,
  `PARENT_ID_` varchar(64) COLLATE utf8_bin DEFAULT NULL,
  `PROC_DEF_ID_` varchar(64) COLLATE utf8_bin DEFAULT NULL,
  `SUPER_EXEC_` varchar(64) COLLATE utf8_bin DEFAULT NULL,
  `ROOT_PROC_INST_ID_` varchar(64) COLLATE utf8_bin DEFAULT NULL,
  `ACT_ID_` varchar(255) COLLATE utf8_bin DEFAULT NULL,
  `IS_ACTIVE_` tinyint(4) DEFAULT NULL,
  `IS_CONCURRENT_` tinyint(4) DEFAULT NULL,
  `IS_SCOPE_` tinyint(4) DEFAULT NULL,
  `IS_EVENT_SCOPE_` tinyint(4) DEFAULT NULL,
  `IS_MI_ROOT_` tinyint(4) DEFAULT NULL,
  `SUSPENSION_STATE_` int(11) DEFAULT NULL,
  `CACHED_ENT_STATE_` int(11) DEFAULT NULL,
  `TENANT_ID_` varchar(255) COLLATE utf8_bin DEFAULT '',
  `NAME_` varchar(255) COLLATE utf8_bin DEFAULT NULL,
  `START_TIME_` datetime(3) DEFAULT NULL,
  `START_USER_ID_` varchar(255) COLLATE utf8_bin DEFAULT NULL,
  `LOCK_TIME_` timestamp(3) NULL DEFAULT NULL,
  `IS_COUNT_ENABLED_` tinyint(4) DEFAULT NULL,
  `EVT_SUBSCR_COUNT_` int(11) DEFAULT NULL,
  `TASK_COUNT_` int(11) DEFAULT NULL,
  `JOB_COUNT_` int(11) DEFAULT NULL,
  `TIMER_JOB_COUNT_` int(11) DEFAULT NULL,
  `SUSP_JOB_COUNT_` int(11) DEFAULT NULL,
  `DEADLETTER_JOB_COUNT_` int(11) DEFAULT NULL,
  `VAR_COUNT_` int(11) DEFAULT NULL,
  `ID_LINK_COUNT_` int(11) DEFAULT NULL,
  PRIMARY KEY (`ID_`),
  KEY `ACT_IDX_EXEC_BUSKEY` (`BUSINESS_KEY_`),
  KEY `ACT_IDC_EXEC_ROOT` (`ROOT_PROC_INST_ID_`),
  KEY `ACT_FK_EXE_PROCINST` (`PROC_INST_ID_`),
  KEY `ACT_FK_EXE_PARENT` (`PARENT_ID_`),
  KEY `ACT_FK_EXE_SUPER` (`SUPER_EXEC_`),
  KEY `ACT_FK_EXE_PROCDEF` (`PROC_DEF_ID_`),
  CONSTRAINT `ACT_FK_EXE_PARENT` FOREIGN KEY (`PARENT_ID_`) REFERENCES `act_ru_execution` (`ID_`) ON DELETE CASCADE,
  CONSTRAINT `ACT_FK_EXE_PROCDEF` FOREIGN KEY (`PROC_DEF_ID_`) REFERENCES `act_re_procdef` (`ID_`),
  CONSTRAINT `ACT_FK_EXE_PROCINST` FOREIGN KEY (`PROC_INST_ID_`) REFERENCES `act_ru_execution` (`ID_`) ON DELETE CASCADE ON UPDATE CASCADE,
  CONSTRAINT `ACT_FK_EXE_SUPER` FOREIGN KEY (`SUPER_EXEC_`) REFERENCES `act_ru_execution` (`ID_`) ON DELETE CASCADE
) ENGINE=InnoDB DEFAULT CHARSET=utf8 COLLATE=utf8_bin;

-- ----------------------------
-- Records of act_ru_execution
-- ----------------------------

-- ----------------------------
-- Table structure for act_ru_identitylink
-- ----------------------------
DROP TABLE IF EXISTS `act_ru_identitylink`;
CREATE TABLE `act_ru_identitylink` (
  `ID_` varchar(64) COLLATE utf8_bin NOT NULL,
  `REV_` int(11) DEFAULT NULL,
  `GROUP_ID_` varchar(255) COLLATE utf8_bin DEFAULT NULL,
  `TYPE_` varchar(255) COLLATE utf8_bin DEFAULT NULL,
  `USER_ID_` varchar(255) COLLATE utf8_bin DEFAULT NULL,
  `TASK_ID_` varchar(64) COLLATE utf8_bin DEFAULT NULL,
  `PROC_INST_ID_` varchar(64) COLLATE utf8_bin DEFAULT NULL,
  `PROC_DEF_ID_` varchar(64) COLLATE utf8_bin DEFAULT NULL,
  PRIMARY KEY (`ID_`),
  KEY `ACT_IDX_IDENT_LNK_USER` (`USER_ID_`),
  KEY `ACT_IDX_IDENT_LNK_GROUP` (`GROUP_ID_`),
  KEY `ACT_IDX_ATHRZ_PROCEDEF` (`PROC_DEF_ID_`),
  KEY `ACT_FK_TSKASS_TASK` (`TASK_ID_`),
  KEY `ACT_FK_IDL_PROCINST` (`PROC_INST_ID_`),
  CONSTRAINT `ACT_FK_ATHRZ_PROCEDEF` FOREIGN KEY (`PROC_DEF_ID_`) REFERENCES `act_re_procdef` (`ID_`),
  CONSTRAINT `ACT_FK_IDL_PROCINST` FOREIGN KEY (`PROC_INST_ID_`) REFERENCES `act_ru_execution` (`ID_`),
  CONSTRAINT `ACT_FK_TSKASS_TASK` FOREIGN KEY (`TASK_ID_`) REFERENCES `act_ru_task` (`ID_`)
) ENGINE=InnoDB DEFAULT CHARSET=utf8 COLLATE=utf8_bin;

-- ----------------------------
-- Records of act_ru_identitylink
-- ----------------------------

-- ----------------------------
-- Table structure for act_ru_job
-- ----------------------------
DROP TABLE IF EXISTS `act_ru_job`;
CREATE TABLE `act_ru_job` (
  `ID_` varchar(64) COLLATE utf8_bin NOT NULL,
  `REV_` int(11) DEFAULT NULL,
  `TYPE_` varchar(255) COLLATE utf8_bin NOT NULL,
  `LOCK_EXP_TIME_` timestamp(3) NULL DEFAULT NULL,
  `LOCK_OWNER_` varchar(255) COLLATE utf8_bin DEFAULT NULL,
  `EXCLUSIVE_` tinyint(1) DEFAULT NULL,
  `EXECUTION_ID_` varchar(64) COLLATE utf8_bin DEFAULT NULL,
  `PROCESS_INSTANCE_ID_` varchar(64) COLLATE utf8_bin DEFAULT NULL,
  `PROC_DEF_ID_` varchar(64) COLLATE utf8_bin DEFAULT NULL,
  `RETRIES_` int(11) DEFAULT NULL,
  `EXCEPTION_STACK_ID_` varchar(64) COLLATE utf8_bin DEFAULT NULL,
  `EXCEPTION_MSG_` varchar(4000) COLLATE utf8_bin DEFAULT NULL,
  `DUEDATE_` timestamp(3) NULL DEFAULT NULL,
  `REPEAT_` varchar(255) COLLATE utf8_bin DEFAULT NULL,
  `HANDLER_TYPE_` varchar(255) COLLATE utf8_bin DEFAULT NULL,
  `HANDLER_CFG_` varchar(4000) COLLATE utf8_bin DEFAULT NULL,
  `TENANT_ID_` varchar(255) COLLATE utf8_bin DEFAULT '',
  PRIMARY KEY (`ID_`),
  KEY `ACT_FK_JOB_EXECUTION` (`EXECUTION_ID_`),
  KEY `ACT_FK_JOB_PROCESS_INSTANCE` (`PROCESS_INSTANCE_ID_`),
  KEY `ACT_FK_JOB_PROC_DEF` (`PROC_DEF_ID_`),
  KEY `ACT_FK_JOB_EXCEPTION` (`EXCEPTION_STACK_ID_`),
  CONSTRAINT `ACT_FK_JOB_EXCEPTION` FOREIGN KEY (`EXCEPTION_STACK_ID_`) REFERENCES `act_ge_bytearray` (`ID_`),
  CONSTRAINT `ACT_FK_JOB_EXECUTION` FOREIGN KEY (`EXECUTION_ID_`) REFERENCES `act_ru_execution` (`ID_`),
  CONSTRAINT `ACT_FK_JOB_PROCESS_INSTANCE` FOREIGN KEY (`PROCESS_INSTANCE_ID_`) REFERENCES `act_ru_execution` (`ID_`),
  CONSTRAINT `ACT_FK_JOB_PROC_DEF` FOREIGN KEY (`PROC_DEF_ID_`) REFERENCES `act_re_procdef` (`ID_`)
) ENGINE=InnoDB DEFAULT CHARSET=utf8 COLLATE=utf8_bin;

-- ----------------------------
-- Records of act_ru_job
-- ----------------------------

-- ----------------------------
-- Table structure for act_ru_suspended_job
-- ----------------------------
DROP TABLE IF EXISTS `act_ru_suspended_job`;
CREATE TABLE `act_ru_suspended_job` (
  `ID_` varchar(64) COLLATE utf8_bin NOT NULL,
  `REV_` int(11) DEFAULT NULL,
  `TYPE_` varchar(255) COLLATE utf8_bin NOT NULL,
  `EXCLUSIVE_` tinyint(1) DEFAULT NULL,
  `EXECUTION_ID_` varchar(64) COLLATE utf8_bin DEFAULT NULL,
  `PROCESS_INSTANCE_ID_` varchar(64) COLLATE utf8_bin DEFAULT NULL,
  `PROC_DEF_ID_` varchar(64) COLLATE utf8_bin DEFAULT NULL,
  `RETRIES_` int(11) DEFAULT NULL,
  `EXCEPTION_STACK_ID_` varchar(64) COLLATE utf8_bin DEFAULT NULL,
  `EXCEPTION_MSG_` varchar(4000) COLLATE utf8_bin DEFAULT NULL,
  `DUEDATE_` timestamp(3) NULL DEFAULT NULL,
  `REPEAT_` varchar(255) COLLATE utf8_bin DEFAULT NULL,
  `HANDLER_TYPE_` varchar(255) COLLATE utf8_bin DEFAULT NULL,
  `HANDLER_CFG_` varchar(4000) COLLATE utf8_bin DEFAULT NULL,
  `TENANT_ID_` varchar(255) COLLATE utf8_bin DEFAULT '',
  PRIMARY KEY (`ID_`),
  KEY `ACT_FK_SUSPENDED_JOB_EXECUTION` (`EXECUTION_ID_`),
  KEY `ACT_FK_SUSPENDED_JOB_PROCESS_INSTANCE` (`PROCESS_INSTANCE_ID_`),
  KEY `ACT_FK_SUSPENDED_JOB_PROC_DEF` (`PROC_DEF_ID_`),
  KEY `ACT_FK_SUSPENDED_JOB_EXCEPTION` (`EXCEPTION_STACK_ID_`),
  CONSTRAINT `ACT_FK_SUSPENDED_JOB_EXCEPTION` FOREIGN KEY (`EXCEPTION_STACK_ID_`) REFERENCES `act_ge_bytearray` (`ID_`),
  CONSTRAINT `ACT_FK_SUSPENDED_JOB_EXECUTION` FOREIGN KEY (`EXECUTION_ID_`) REFERENCES `act_ru_execution` (`ID_`),
  CONSTRAINT `ACT_FK_SUSPENDED_JOB_PROCESS_INSTANCE` FOREIGN KEY (`PROCESS_INSTANCE_ID_`) REFERENCES `act_ru_execution` (`ID_`),
  CONSTRAINT `ACT_FK_SUSPENDED_JOB_PROC_DEF` FOREIGN KEY (`PROC_DEF_ID_`) REFERENCES `act_re_procdef` (`ID_`)
) ENGINE=InnoDB DEFAULT CHARSET=utf8 COLLATE=utf8_bin;

-- ----------------------------
-- Records of act_ru_suspended_job
-- ----------------------------

-- ----------------------------
-- Table structure for act_ru_task
-- ----------------------------
DROP TABLE IF EXISTS `act_ru_task`;
CREATE TABLE `act_ru_task` (
  `ID_` varchar(64) COLLATE utf8_bin NOT NULL,
  `REV_` int(11) DEFAULT NULL,
  `EXECUTION_ID_` varchar(64) COLLATE utf8_bin DEFAULT NULL,
  `PROC_INST_ID_` varchar(64) COLLATE utf8_bin DEFAULT NULL,
  `PROC_DEF_ID_` varchar(64) COLLATE utf8_bin DEFAULT NULL,
  `NAME_` varchar(255) COLLATE utf8_bin DEFAULT NULL,
  `PARENT_TASK_ID_` varchar(64) COLLATE utf8_bin DEFAULT NULL,
  `DESCRIPTION_` varchar(4000) COLLATE utf8_bin DEFAULT NULL,
  `TASK_DEF_KEY_` varchar(255) COLLATE utf8_bin DEFAULT NULL,
  `OWNER_` varchar(255) COLLATE utf8_bin DEFAULT NULL,
  `ASSIGNEE_` varchar(255) COLLATE utf8_bin DEFAULT NULL,
  `DELEGATION_` varchar(64) COLLATE utf8_bin DEFAULT NULL,
  `PRIORITY_` int(11) DEFAULT NULL,
  `CREATE_TIME_` timestamp(3) NULL DEFAULT NULL,
  `DUE_DATE_` datetime(3) DEFAULT NULL,
  `CATEGORY_` varchar(255) COLLATE utf8_bin DEFAULT NULL,
  `SUSPENSION_STATE_` int(11) DEFAULT NULL,
  `TENANT_ID_` varchar(255) COLLATE utf8_bin DEFAULT '',
  `FORM_KEY_` varchar(255) COLLATE utf8_bin DEFAULT NULL,
  `CLAIM_TIME_` datetime(3) DEFAULT NULL,
  PRIMARY KEY (`ID_`),
  KEY `ACT_IDX_TASK_CREATE` (`CREATE_TIME_`),
  KEY `ACT_FK_TASK_EXE` (`EXECUTION_ID_`),
  KEY `ACT_FK_TASK_PROCINST` (`PROC_INST_ID_`),
  KEY `ACT_FK_TASK_PROCDEF` (`PROC_DEF_ID_`),
  CONSTRAINT `ACT_FK_TASK_EXE` FOREIGN KEY (`EXECUTION_ID_`) REFERENCES `act_ru_execution` (`ID_`),
  CONSTRAINT `ACT_FK_TASK_PROCDEF` FOREIGN KEY (`PROC_DEF_ID_`) REFERENCES `act_re_procdef` (`ID_`),
  CONSTRAINT `ACT_FK_TASK_PROCINST` FOREIGN KEY (`PROC_INST_ID_`) REFERENCES `act_ru_execution` (`ID_`)
) ENGINE=InnoDB DEFAULT CHARSET=utf8 COLLATE=utf8_bin;

-- ----------------------------
-- Records of act_ru_task
-- ----------------------------

-- ----------------------------
-- Table structure for act_ru_timer_job
-- ----------------------------
DROP TABLE IF EXISTS `act_ru_timer_job`;
CREATE TABLE `act_ru_timer_job` (
  `ID_` varchar(64) COLLATE utf8_bin NOT NULL,
  `REV_` int(11) DEFAULT NULL,
  `TYPE_` varchar(255) COLLATE utf8_bin NOT NULL,
  `LOCK_EXP_TIME_` timestamp(3) NULL DEFAULT NULL,
  `LOCK_OWNER_` varchar(255) COLLATE utf8_bin DEFAULT NULL,
  `EXCLUSIVE_` tinyint(1) DEFAULT NULL,
  `EXECUTION_ID_` varchar(64) COLLATE utf8_bin DEFAULT NULL,
  `PROCESS_INSTANCE_ID_` varchar(64) COLLATE utf8_bin DEFAULT NULL,
  `PROC_DEF_ID_` varchar(64) COLLATE utf8_bin DEFAULT NULL,
  `RETRIES_` int(11) DEFAULT NULL,
  `EXCEPTION_STACK_ID_` varchar(64) COLLATE utf8_bin DEFAULT NULL,
  `EXCEPTION_MSG_` varchar(4000) COLLATE utf8_bin DEFAULT NULL,
  `DUEDATE_` timestamp(3) NULL DEFAULT NULL,
  `REPEAT_` varchar(255) COLLATE utf8_bin DEFAULT NULL,
  `HANDLER_TYPE_` varchar(255) COLLATE utf8_bin DEFAULT NULL,
  `HANDLER_CFG_` varchar(4000) COLLATE utf8_bin DEFAULT NULL,
  `TENANT_ID_` varchar(255) COLLATE utf8_bin DEFAULT '',
  PRIMARY KEY (`ID_`),
  KEY `ACT_FK_TIMER_JOB_EXECUTION` (`EXECUTION_ID_`),
  KEY `ACT_FK_TIMER_JOB_PROCESS_INSTANCE` (`PROCESS_INSTANCE_ID_`),
  KEY `ACT_FK_TIMER_JOB_PROC_DEF` (`PROC_DEF_ID_`),
  KEY `ACT_FK_TIMER_JOB_EXCEPTION` (`EXCEPTION_STACK_ID_`),
  CONSTRAINT `ACT_FK_TIMER_JOB_EXCEPTION` FOREIGN KEY (`EXCEPTION_STACK_ID_`) REFERENCES `act_ge_bytearray` (`ID_`),
  CONSTRAINT `ACT_FK_TIMER_JOB_EXECUTION` FOREIGN KEY (`EXECUTION_ID_`) REFERENCES `act_ru_execution` (`ID_`),
  CONSTRAINT `ACT_FK_TIMER_JOB_PROCESS_INSTANCE` FOREIGN KEY (`PROCESS_INSTANCE_ID_`) REFERENCES `act_ru_execution` (`ID_`),
  CONSTRAINT `ACT_FK_TIMER_JOB_PROC_DEF` FOREIGN KEY (`PROC_DEF_ID_`) REFERENCES `act_re_procdef` (`ID_`)
) ENGINE=InnoDB DEFAULT CHARSET=utf8 COLLATE=utf8_bin;

-- ----------------------------
-- Records of act_ru_timer_job
-- ----------------------------

-- ----------------------------
-- Table structure for act_ru_variable
-- ----------------------------
DROP TABLE IF EXISTS `act_ru_variable`;
CREATE TABLE `act_ru_variable` (
  `ID_` varchar(64) COLLATE utf8_bin NOT NULL,
  `REV_` int(11) DEFAULT NULL,
  `TYPE_` varchar(255) COLLATE utf8_bin NOT NULL,
  `NAME_` varchar(255) COLLATE utf8_bin NOT NULL,
  `EXECUTION_ID_` varchar(64) COLLATE utf8_bin DEFAULT NULL,
  `PROC_INST_ID_` varchar(64) COLLATE utf8_bin DEFAULT NULL,
  `TASK_ID_` varchar(64) COLLATE utf8_bin DEFAULT NULL,
  `BYTEARRAY_ID_` varchar(64) COLLATE utf8_bin DEFAULT NULL,
  `DOUBLE_` double DEFAULT NULL,
  `LONG_` bigint(20) DEFAULT NULL,
  `TEXT_` varchar(4000) COLLATE utf8_bin DEFAULT NULL,
  `TEXT2_` varchar(4000) COLLATE utf8_bin DEFAULT NULL,
  PRIMARY KEY (`ID_`),
  KEY `ACT_IDX_VARIABLE_TASK_ID` (`TASK_ID_`),
  KEY `ACT_FK_VAR_EXE` (`EXECUTION_ID_`),
  KEY `ACT_FK_VAR_PROCINST` (`PROC_INST_ID_`),
  KEY `ACT_FK_VAR_BYTEARRAY` (`BYTEARRAY_ID_`),
  CONSTRAINT `ACT_FK_VAR_BYTEARRAY` FOREIGN KEY (`BYTEARRAY_ID_`) REFERENCES `act_ge_bytearray` (`ID_`),
  CONSTRAINT `ACT_FK_VAR_EXE` FOREIGN KEY (`EXECUTION_ID_`) REFERENCES `act_ru_execution` (`ID_`),
  CONSTRAINT `ACT_FK_VAR_PROCINST` FOREIGN KEY (`PROC_INST_ID_`) REFERENCES `act_ru_execution` (`ID_`)
) ENGINE=InnoDB DEFAULT CHARSET=utf8 COLLATE=utf8_bin;

-- ----------------------------
-- Records of act_ru_variable
-- ----------------------------

-- ----------------------------
-- Table structure for ms_file
-- ----------------------------
DROP TABLE IF EXISTS `ms_file`;
CREATE TABLE `ms_file` (
  `id` varchar(64) COLLATE utf8mb4_bin NOT NULL COMMENT 'ID',
  `message_id` varchar(64) COLLATE utf8mb4_bin NOT NULL COMMENT 'ID',
  `name` varchar(255) COLLATE utf8mb4_bin NOT NULL COMMENT '',
  `path` varchar(255) COLLATE utf8mb4_bin NOT NULL COMMENT '',
  `create_date` timestamp NULL DEFAULT CURRENT_TIMESTAMP COMMENT '',
  `create_by` varchar(64) COLLATE utf8mb4_bin DEFAULT NULL COMMENT '',
  `update_date` timestamp NULL DEFAULT NULL ON UPDATE CURRENT_TIMESTAMP COMMENT '',
  `update_by` varchar(64) COLLATE utf8mb4_bin DEFAULT NULL COMMENT '',
  `remark` varchar(255) COLLATE utf8mb4_bin DEFAULT NULL COMMENT '',
  `delete_flag` varchar(10) COLLATE utf8mb4_bin DEFAULT 'Used' COMMENT 'used disable delete',
  PRIMARY KEY (`id`)
) ENGINE=InnoDB DEFAULT CHARSET=utf8mb4 COLLATE=utf8mb4_bin COMMENT='';

-- ----------------------------
-- Records of ms_file
-- ----------------------------
INSERT INTO `ms_file` VALUES ('1386d817c6ff4069b747f9d68f39adc5', 'ac569740b6af4088a86c3b5f2fae0609', '.log', '/assets/message/file/f61d211dc0054bf9a64b664a885ae778_.log', '2019-01-31 13:57:22', 'admin', null, null, null, 'Used');
INSERT INTO `ms_file` VALUES ('8b29c50a2c194c9184e1818401f9ebe4', 'd584f3f48d7c45128f538cd967584f7c', 'apache-tomcat-8.5.37-windows-x64.zip', '/assets/message/file/cec15793cc384e9ea59c6696227f156f_apache-tomcat-8.5.37-windows-x64.zip', '2019-01-31 16:33:57', 'admin', '2019-02-12 19:08:03', null, null, 'Delete');
INSERT INTO `ms_file` VALUES ('c480310f36d14bb495004f3093dd9e40', 'ac569740b6af4088a86c3b5f2fae0609', 'kms10.log', '/assets/message/file/c972ded1cd894d6f853fab4bd44f23e8_kms10.log', '2019-01-31 13:57:22', 'admin', null, null, null, 'Used');

-- ----------------------------
-- Table structure for ms_message
-- ----------------------------
DROP TABLE IF EXISTS `ms_message`;
CREATE TABLE `ms_message` (
  `id` varchar(64) COLLATE utf8mb4_bin NOT NULL COMMENT 'ID',
  `title` varchar(100) COLLATE utf8mb4_bin DEFAULT NULL COMMENT '',
  `content` mediumtext COLLATE utf8mb4_bin COMMENT '',
  `state` varchar(10) COLLATE utf8mb4_bin DEFAULT NULL COMMENT ' Yes No Temp',
  `rate` varchar(10) COLLATE utf8mb4_bin DEFAULT NULL COMMENT '',
  `create_date` timestamp NULL DEFAULT CURRENT_TIMESTAMP COMMENT '',
  `create_by` varchar(64) COLLATE utf8mb4_bin DEFAULT NULL COMMENT '',
  `update_date` timestamp NULL DEFAULT NULL ON UPDATE CURRENT_TIMESTAMP COMMENT '',
  `update_by` varchar(64) COLLATE utf8mb4_bin DEFAULT NULL COMMENT '',
  `remark` varchar(255) COLLATE utf8mb4_bin DEFAULT NULL COMMENT '',
  `delete_flag` varchar(10) COLLATE utf8mb4_bin DEFAULT 'Used' COMMENT 'used disable delete',
  PRIMARY KEY (`id`)
) ENGINE=InnoDB DEFAULT CHARSET=utf8mb4 COLLATE=utf8mb4_bin COMMENT='';

-- ----------------------------
-- Records of ms_message
-- ----------------------------
INSERT INTO `ms_message` VALUES ('382221becf214949b76ed023ed9abd39', '', 0x3C703EE7ACACE4BA8CE4B8AAE6B688E681AF3C2F703E, 'Yes', '5', '2019-01-31 15:47:00', 'admin', null, null, null, 'Used');
INSERT INTO `ms_message` VALUES ('4bdfbaf4bd6644b394c670e9470970fe', '2', 0x3C703E32E28094E28094E69C89E5AEA1E6A0B8E4BABAE591983C2F703E, 'Temp', '5', '2019-02-11 16:28:44', 'admin', null, null, null, 'Used');
INSERT INTO `ms_message` VALUES ('61527701614a4d2e917ee27794297b44', 'asdfaf', '', 'Yes', '5', '2019-01-31 13:50:00', 'admin', null, null, null, 'Used');
INSERT INTO `ms_message` VALUES ('942b712a08b941d585ded9725480aa1d', '1', 0x3C703E31E28094E28094E69C89E5AEA1E6A0B8E4BABAE591983C2F703E3C703EE5AEA1E6A0B8E4BABAE59198EFBC9A61646D696E3C2F703E, 'Temp', '5', '2019-02-11 16:14:32', 'admin', null, null, null, 'Used');
INSERT INTO `ms_message` VALUES ('ac569740b6af4088a86c3b5f2fae0609', '', 0x3C68323EE8BF99E4B8AAE698AFE4B880E4B8AAE694BFE7AD96E5AE9EE696BDE6B58BE8AF95E6B688E681AF3C2F68323E3C703E3C696D67207372633D22687474703A2F2F34392E342E35342E3234353A383038302F6173736574732F6D6573736167652F696D6167652F36353466666266336134363434303161623136363133363864383532383462355F312E6A7067223E3C2F703E3C703E3C62723E3C2F703E3C683120636C6173733D22716C2D616C69676E2D63656E746572223EE5A4A7E7BE8EE4B88D3C2F68313E, 'Yes', '2.5', '2019-01-31 13:57:22', 'admin', null, null, null, 'Used');
INSERT INTO `ms_message` VALUES ('d584f3f48d7c45128f538cd967584f7c', '', 0x3C703EE4B880E4B8AAE58685E5AEB9E4B8B0E5AF8CE79A84E6B688E681AFE380823C2F703E3C68323EE4B880E4B8AAE58685E5AEB9E4B8B0E5AF8CE79A84E6B688E681AF3C2F68323E3C6F6C3E3C6C693EE4B880E4B8AAE58685E5AEB9E4B8B0E5AF8CE79A84E6B688E681AF3C2F6C693E3C6C693E7364667364663C2F6C693E3C6C693E7364667364663C2F6C693E3C2F6F6C3E3C703E3C7370616E207374796C653D22636F6C6F723A20726762283235352C203139342C20313032293B223E7364667364663C2F7370616E3E3C2F703E3C703E3C7370616E207374796C653D22636F6C6F723A20726762283235352C203139342C20313032293B206261636B67726F756E642D636F6C6F723A20726762283137382C203130372C2030293B223EE5A3ABE5A4A7E5A4ABE5A3ABE5A4A7E5A4ABE4BCBCE79A843C2F7370616E3E3C2F703E3C703E3C62723E3C2F703E3C703E3C696D67207372633D22687474703A2F2F34392E342E35342E3234353A383038302F6173736574732F6D6573736167652F696D6167652F64646461613062636532353734633464383665373564303539333539363466365F313233343536373839302E6A7067223E3C2F703E3C703E3C62723E3C2F703E3C703E3C62723E3C2F703E3C703E3C62723E3C2F703E3C703E3C62723E3C2F703E3C703E3C62723E3C2F703E3C703EE998BFE696AFE9A1BFE58F91E5B084E782B93C2F703E3C703E3C62723E3C2F703E3C703E3C62723E3C2F703E3C703E3C62723E3C2F703E3C703E3C656D3EE5958AE6898BE58AA8E99880E6898BE58AA8E998803C2F656D3E3C2F703E3C703E3C62723E3C2F703E3C703E3C62723E3C2F703E3C703E3C7374726F6E673EE5958AE6898BE58AA8E99880E6898BE58AA8E998803C2F7374726F6E673E3C2F703E3C703E3C62723E3C2F703E3C703E3C62723E3C2F703E3C703E3C62723E3C2F703E3C703E3C62723E3C2F703E3C703E3C62723E3C2F703E3C703E3C62723E3C2F703E3C703E3C62723E3C2F703E3C703E3C62723E3C2F703E3C703E3C62723E3C2F703E3C703E3C62723E3C2F703E3C703E3C62723E3C2F703E3C703E3C62723E3C2F703E3C703E3C62723E3C2F703E3C703E3C62723E3C2F703E3C703E3C7374726F6E673EE998BFE696AFE9A1BFE58F91E5B084E782B93C2F7374726F6E673E3C2F703E3C703E3C62723E3C2F703E, 'Yes', '5', '2019-01-31 16:33:57', 'admin', '2019-02-12 19:08:03', null, null, 'Delete');

-- ----------------------------
-- Table structure for ms_read
-- ----------------------------
DROP TABLE IF EXISTS `ms_read`;
CREATE TABLE `ms_read` (
  `user_id` varchar(64) COLLATE utf8mb4_bin NOT NULL COMMENT 'ID',
  `message_id` varchar(64) COLLATE utf8mb4_bin NOT NULL COMMENT 'ID',
  `state` varchar(10) COLLATE utf8mb4_bin DEFAULT NULL COMMENT ' Yes No',
  `create_date` timestamp NULL DEFAULT CURRENT_TIMESTAMP COMMENT '',
  `create_by` varchar(64) COLLATE utf8mb4_bin DEFAULT NULL COMMENT '',
  `update_date` timestamp NULL DEFAULT NULL ON UPDATE CURRENT_TIMESTAMP COMMENT '',
  `update_by` varchar(64) COLLATE utf8mb4_bin DEFAULT NULL COMMENT '',
  `remark` varchar(255) COLLATE utf8mb4_bin DEFAULT NULL COMMENT '',
  `delete_flag` varchar(10) COLLATE utf8mb4_bin DEFAULT 'Used' COMMENT 'used disable delete',
  PRIMARY KEY (`user_id`,`message_id`)
) ENGINE=InnoDB DEFAULT CHARSET=utf8mb4 COLLATE=utf8mb4_bin COMMENT='';

-- ----------------------------
-- Records of ms_read
-- ----------------------------

-- ----------------------------
-- Table structure for sys_button
-- ----------------------------
DROP TABLE IF EXISTS `sys_button`;
CREATE TABLE `sys_button` (
  `id` varchar(64) NOT NULL COMMENT 'ID',
  `name` varchar(255) CHARACTER SET utf8mb4 COLLATE utf8mb4_bin DEFAULT NULL COMMENT '',
  `permission` varchar(32) CHARACTER SET utf8mb4 COLLATE utf8mb4_bin DEFAULT NULL COMMENT '',
  `url` varchar(128) CHARACTER SET utf8mb4 COLLATE utf8mb4_bin DEFAULT NULL COMMENT '',
  `method` varchar(32) CHARACTER SET utf8mb4 COLLATE utf8mb4_bin DEFAULT NULL COMMENT ' GetPostPutDelete',
  `create_date` timestamp NULL DEFAULT CURRENT_TIMESTAMP COMMENT '',
  `create_by` varchar(64) CHARACTER SET utf8mb4 COLLATE utf8mb4_bin DEFAULT NULL COMMENT '',
  `update_date` timestamp NULL DEFAULT NULL ON UPDATE CURRENT_TIMESTAMP COMMENT '',
  `update_by` varchar(64) CHARACTER SET utf8mb4 COLLATE utf8mb4_bin DEFAULT NULL COMMENT '',
  `remark` varchar(255) CHARACTER SET utf8mb4 COLLATE utf8mb4_bin DEFAULT NULL COMMENT '',
  `delete_flag` varchar(10) CHARACTER SET utf8mb4 COLLATE utf8mb4_bin DEFAULT 'Used' COMMENT 'used disable delete',
  PRIMARY KEY (`id`)
) ENGINE=InnoDB DEFAULT CHARSET=utf8 COMMENT='';

-- ----------------------------
-- Records of sys_button
-- ----------------------------
INSERT INTO `sys_button` VALUES ('03aca5c317bc4e19816f95089ae907f3', 'Delete', '', '/ms/**', 'Delete', '2019-01-29 14:26:49', 'admin', null, null, null, 'Used');
INSERT INTO `sys_button` VALUES ('241846af380e4cc0bd6b4817565c5a9a', 'sys_get', 'sys_user_get', '/sys/**', 'Get', '2019-01-09 13:50:42', 'admin_test', '2019-01-17 11:31:17', 'admin_test', null, 'Used');
INSERT INTO `sys_button` VALUES ('5af77dfa167645e4a31faaf501532fdc', 'sys_post', 'sys_user_post', '/sys/**', 'Post', '2019-01-09 13:50:29', 'admin_test', '2019-01-17 11:31:19', 'admin_test', null, 'Used');
INSERT INTO `sys_button` VALUES ('73fb308d5eda4614b36333e0723cad0c', 'Get', '', '/ms/**', 'Get', '2019-01-29 14:26:30', 'admin', null, null, null, 'Used');
INSERT INTO `sys_button` VALUES ('95ea2fa6656d439382f8e42e6a926ced', 'sys_put', 'sys_user_put', '/sys/**', 'Put', '2019-01-09 13:50:54', 'admin_test', '2019-01-17 11:31:21', 'admin_test', null, 'Used');
INSERT INTO `sys_button` VALUES ('ade005be6b4e420d9e899284b3869dc2', 'sys_delete', 'sys_user_delete', '/sys/**', 'Delete', '2019-01-09 13:51:04', 'admin_test', '2019-01-17 11:31:23', 'admin_test', null, 'Used');
INSERT INTO `sys_button` VALUES ('f14184d9c6b540799385b47b3ba9bb45', 'put', '', '/ms/**', 'Put', '2019-01-29 14:26:42', 'admin', null, null, null, 'Used');
INSERT INTO `sys_button` VALUES ('ff4f80b7700f43cdb0b2f6cf168c75cf', 'Post', '', '/ms/**', 'Post', '2019-01-29 14:26:37', 'admin', null, null, null, 'Used');

-- ----------------------------
-- Table structure for sys_dept
-- ----------------------------
DROP TABLE IF EXISTS `sys_dept`;
CREATE TABLE `sys_dept` (
  `id` varchar(64) COLLATE utf8mb4_bin NOT NULL COMMENT 'ID',
  `parent_id` varchar(64) COLLATE utf8mb4_bin DEFAULT NULL COMMENT 'ID,null',
  `name` varchar(64) COLLATE utf8mb4_bin NOT NULL COMMENT '',
  `code` varchar(64) COLLATE utf8mb4_bin NOT NULL COMMENT '',
  `sort` int(11) DEFAULT NULL COMMENT '',
  `create_date` timestamp NULL DEFAULT CURRENT_TIMESTAMP COMMENT '',
  `create_by` varchar(64) COLLATE utf8mb4_bin DEFAULT NULL COMMENT '',
  `update_date` timestamp NULL DEFAULT NULL ON UPDATE CURRENT_TIMESTAMP COMMENT '',
  `update_by` varchar(64) COLLATE utf8mb4_bin DEFAULT NULL COMMENT '',
  `remark` varchar(255) COLLATE utf8mb4_bin DEFAULT NULL COMMENT '',
  `delete_flag` varchar(10) COLLATE utf8mb4_bin DEFAULT 'Used' COMMENT 'used disable delete',
  PRIMARY KEY (`id`)
) ENGINE=InnoDB DEFAULT CHARSET=utf8mb4 COLLATE=utf8mb4_bin COMMENT='';

-- ----------------------------
-- Records of sys_dept
-- ----------------------------
INSERT INTO `sys_dept` VALUES ('052bc1e6bc20416dba6a47ea8cd26fa8', '50f2a61a8321423aa6534d36aa2dafb6', '', '002', '1', '2019-01-09 11:03:54', 'admin', '2019-01-09 11:06:44', null, null, 'Used');
INSERT INTO `sys_dept` VALUES ('212b1467fb53491a9b80f7f689d4f435', '50f2a61a8321423aa6534d36aa2dafb6', '', '009', '5', '2019-01-18 13:42:19', 'admin_test', null, null, null, 'Used');
INSERT INTO `sys_dept` VALUES ('2ccf9e01fb194b72bee71008fc8d3b1e', '5020de4a820c4be1bef0144836b26544', '', '020', '6', '2019-01-18 13:43:21', 'admin_test', null, null, null, 'Used');
INSERT INTO `sys_dept` VALUES ('40b09f534fd644f793ecdcf9a243abfe', '5020de4a820c4be1bef0144836b26544', '', '005', '1', '2019-01-09 11:04:37', 'admin', '2019-01-09 11:06:45', null, null, 'Used');
INSERT INTO `sys_dept` VALUES ('5020de4a820c4be1bef0144836b26544', '50f2a61a8321423aa6534d36aa2dafb6', '', '004', '3', '2019-01-09 11:04:24', 'admin', '2019-01-09 11:06:45', null, null, 'Used');
INSERT INTO `sys_dept` VALUES ('50f2a61a8321423aa6534d36aa2dafb6', null, 'xxx', '001', '1', '2019-01-09 11:03:11', 'admin', '2019-01-09 11:06:46', null, null, 'Used');
INSERT INTO `sys_dept` VALUES ('7b5b0cc6c5b8467891c46dc945b0ef12', '50f2a61a8321423aa6534d36aa2dafb6', '', '003', '1', '2019-01-09 11:04:06', 'admin', '2019-01-09 11:06:46', null, null, 'Used');
INSERT INTO `sys_dept` VALUES ('a35e5084e51e486e96615eba477ce68f', '052bc1e6bc20416dba6a47ea8cd26fa8', '', '010', '1', '2019-01-18 13:42:46', 'admin_test', null, null, null, 'Used');
INSERT INTO `sys_dept` VALUES ('cfdfef67079e45139125c91c7e016e8a', '5020de4a820c4be1bef0144836b26544', '', '006', '2', '2019-01-09 11:04:55', 'admin', '2019-01-09 11:06:47', null, null, 'Used');

-- ----------------------------
-- Table structure for sys_dict
-- ----------------------------
DROP TABLE IF EXISTS `sys_dict`;
CREATE TABLE `sys_dict` (
  `id` varchar(64) COLLATE utf8mb4_bin NOT NULL COMMENT 'ID',
  `parent_id` varchar(64) COLLATE utf8mb4_bin DEFAULT NULL COMMENT 'ID',
  `lable` varchar(64) COLLATE utf8mb4_bin NOT NULL COMMENT '',
  `value` varchar(64) COLLATE utf8mb4_bin NOT NULL COMMENT '',
  `sort` int(11) DEFAULT NULL COMMENT '',
  `create_date` timestamp NULL DEFAULT CURRENT_TIMESTAMP COMMENT '',
  `create_by` varchar(64) COLLATE utf8mb4_bin DEFAULT NULL COMMENT '',
  `update_date` timestamp NULL DEFAULT NULL ON UPDATE CURRENT_TIMESTAMP COMMENT '',
  `update_by` varchar(64) COLLATE utf8mb4_bin DEFAULT NULL COMMENT '',
  `remark` varchar(255) COLLATE utf8mb4_bin DEFAULT NULL COMMENT '',
  `delete_flag` varchar(10) COLLATE utf8mb4_bin DEFAULT 'Used' COMMENT 'used disable delete',
  PRIMARY KEY (`id`),
  KEY `sys_dict_value` (`value`)
) ENGINE=InnoDB DEFAULT CHARSET=utf8mb4 COLLATE=utf8mb4_bin ROW_FORMAT=DYNAMIC COMMENT='';

-- ----------------------------
-- Records of sys_dict
-- ----------------------------
INSERT INTO `sys_dict` VALUES ('08defdb3dc4b4bec85d9d78945b57702', '1eaee78771a249f5ac011e1055693216', '3-4', '3-4', '4', '2018-12-19 16:33:21', 'admin', '2019-01-09 11:06:25', 'admin_test', '3-4', 'Used');
INSERT INTO `sys_dict` VALUES ('0c3460177e044015b23a73e240b5fd28', 'a7156ad680da4e779596d563abde3120', '', 'sys_task_sys', '1', '2019-01-24 08:59:25', null, '2019-01-24 08:59:44', null, '', 'Used');
INSERT INTO `sys_dict` VALUES ('0ea035d2c8ec4177ab3fac0f89ae97c2', 'ba5d20e2317a4f82beac37e67d70453f', '5-2', '5-2', '1', '2019-01-25 13:49:25', null, null, null, null, 'Used');
INSERT INTO `sys_dict` VALUES ('18b0726a3a0941529500914836181e8f', null, '1', '1', '2', '2019-01-03 08:34:21', 'admin', '2019-01-09 11:06:27', null, '1', 'Used');
INSERT INTO `sys_dict` VALUES ('1eaee78771a249f5ac011e1055693216', null, '3', '3', '4', '2018-12-19 15:14:48', 'admin', '2019-01-09 11:06:29', 'admin_test', '3', 'Used');
INSERT INTO `sys_dict` VALUES ('21b10693aab34974966a284f07ba92cf', '55f88b69673048eb80b252b5c9bd1363', '1-1-1-1', '1-1-1-1', '1', '2019-02-12 15:15:23', 'admin', null, null, '1-1-1-1', 'Used');
INSERT INTO `sys_dict` VALUES ('4f62a323728a4fd7827535d63f36c3b3', 'ba5d20e2317a4f82beac37e67d70453f', '5-8', '5-8', '1', '2019-01-25 14:03:50', null, null, null, null, 'Used');
INSERT INTO `sys_dict` VALUES ('55f88b69673048eb80b252b5c9bd1363', '5f1b36f800cf4509b3df2ae17cc791d0', '1-1-1', '1-1-1', '1', '2019-01-03 08:34:47', 'admin', '2019-01-09 11:06:29', null, '1-1-1', 'Used');
INSERT INTO `sys_dict` VALUES ('5f1b36f800cf4509b3df2ae17cc791d0', '18b0726a3a0941529500914836181e8f', '1-1', '1-1', '1', '2019-01-03 08:34:35', 'admin', '2019-01-09 11:06:30', null, '1-1', 'Used');
INSERT INTO `sys_dict` VALUES ('6f041f8bfd134bda82ac0616af3bb398', 'ba5d20e2317a4f82beac37e67d70453f', '5-5', '5-5', '1', '2019-01-25 13:52:30', null, null, null, '5-5', 'Used');
INSERT INTO `sys_dict` VALUES ('75f6b9b807704b9ba12ea37857281666', '1eaee78771a249f5ac011e1055693216', '3-3', '3-3', '3', '2018-12-19 16:33:14', 'admin', '2019-01-09 11:06:30', 'admin_test', '3-3', 'Used');
INSERT INTO `sys_dict` VALUES ('7da34fbeb2904ba388dcf962ec765172', '5f1b36f800cf4509b3df2ae17cc791d0', '1-1-2', '1-1-2', '2', '2019-02-12 15:14:52', 'admin', null, null, '1-1-2', 'Used');
INSERT INTO `sys_dict` VALUES ('83562137153245c3954280865a765fca', 'dff8a69d8258485082bd4833b7bb05ca', '4-1', '4-1', '1', '2018-12-21 12:59:41', 'admin', '2019-01-09 11:06:32', null, '4-1', 'Used');
INSERT INTO `sys_dict` VALUES ('836df09b5c2c42cd99c9e51ecdaa1f60', 'ba5d20e2317a4f82beac37e67d70453f', '5-4', '5-4', '1', '2019-01-25 13:51:06', null, null, null, '5-4', 'Used');
INSERT INTO `sys_dict` VALUES ('889d82bde33b48529a7f5ec7d5aff5b8', '1eaee78771a249f5ac011e1055693216', '3-1', '3-1', '1', '2018-12-19 15:26:19', 'admin', '2019-01-09 11:06:35', null, '3-1', 'Used');
INSERT INTO `sys_dict` VALUES ('913ffd0f6b874998aba6c453a57601e9', 'ba5d20e2317a4f82beac37e67d70453f', '5-7', '5-7', '1', '2019-01-25 13:56:58', null, null, null, '5-7', 'Used');
INSERT INTO `sys_dict` VALUES ('99262030d6be485a9d241448f649158c', 'c4ef3f0a369243ebb83523186cf0a514', '1-2-1', '1-2-1', '1', '2019-01-03 08:35:11', 'admin', '2019-01-09 11:06:35', null, '1-2-1', 'Used');
INSERT INTO `sys_dict` VALUES ('a7156ad680da4e779596d563abde3120', null, '', 'sys_task', '1', '2019-01-24 08:58:23', null, null, null, 'sys_taskgroup', 'Used');
INSERT INTO `sys_dict` VALUES ('afc1476ca976411da341f5d5f19d37ca', 'ba5d20e2317a4f82beac37e67d70453f', '5-3', '5-3', '1', '2019-01-25 13:50:31', null, null, null, '5-3', 'Used');
INSERT INTO `sys_dict` VALUES ('ba47cf8ff3554078822b047762597e7d', '0ea035d2c8ec4177ab3fac0f89ae97c2', '5-2-1', '5-2-1', '1', '2019-01-25 14:05:30', null, null, null, null, 'Used');
INSERT INTO `sys_dict` VALUES ('ba5d20e2317a4f82beac37e67d70453f', null, '5', '5', '5', '2018-12-21 11:08:59', 'admin', '2019-01-09 11:06:36', null, '5', 'Used');
INSERT INTO `sys_dict` VALUES ('bed5e6d7f5954f73bc02aabd49514b8d', 'ba5d20e2317a4f82beac37e67d70453f', '5-1', '5-1', '1', '2018-12-21 11:09:07', 'admin', '2019-01-25 14:07:45', null, '5-1', 'Delete');
INSERT INTO `sys_dict` VALUES ('c2010b48ae314f99a8ca417728eebd81', '4f62a323728a4fd7827535d63f36c3b3', '5-8-1', '5-8-1', '1', '2019-01-28 17:08:33', 'admin', '2019-01-28 17:08:59', 'admin', '5-8-1', 'Used');
INSERT INTO `sys_dict` VALUES ('c4ef3f0a369243ebb83523186cf0a514', '18b0726a3a0941529500914836181e8f', '1-2', '1-2', '1', '2019-01-03 08:35:03', 'admin', '2019-01-09 11:06:37', null, '1-2', 'Used');
INSERT INTO `sys_dict` VALUES ('ca1d11eaf62f4e268e0016980175ea3b', '1eaee78771a249f5ac011e1055693216', '3-2', '3-2', '2', '2018-12-19 16:32:27', 'admin', '2019-01-09 11:06:37', 'admin_test', '3-2', 'Used');
INSERT INTO `sys_dict` VALUES ('ddc398ace11a47d69e64d6cf71390027', 'a7156ad680da4e779596d563abde3120', '', 'sys_task_test', '2', '2019-01-24 13:56:55', null, null, null, null, 'Used');
INSERT INTO `sys_dict` VALUES ('dff8a69d8258485082bd4833b7bb05ca', null, '4', '4', '4', '2018-12-21 08:42:46', 'admin', '2019-01-09 11:06:38', 'admin_test', '4', 'Used');
INSERT INTO `sys_dict` VALUES ('ebc5d31387f44dc4a9583304c334212e', 'ba5d20e2317a4f82beac37e67d70453f', '5-6', '5-6', '1', '2019-01-25 13:54:12', null, null, null, null, 'Used');
INSERT INTO `sys_dict` VALUES ('f59a3c8778d041449ef6fcda6442bdb1', '5f1b36f800cf4509b3df2ae17cc791d0', '1-1-3', '1-1-3', '3', '2019-02-12 15:14:58', 'admin', null, null, '1-1-3', 'Used');

-- ----------------------------
-- Table structure for sys_log_0
-- ----------------------------
DROP TABLE IF EXISTS `sys_log_0`;
CREATE TABLE `sys_log_0` (
  `id` varchar(64) COLLATE utf8mb4_bin NOT NULL COMMENT 'ID',
  `user_name` varchar(64) COLLATE utf8mb4_bin DEFAULT NULL COMMENT '',
  `ip` varchar(20) COLLATE utf8mb4_bin DEFAULT NULL COMMENT 'ip',
  `url` varchar(256) COLLATE utf8mb4_bin DEFAULT NULL COMMENT '',
  `http_method` varchar(10) COLLATE utf8mb4_bin DEFAULT NULL COMMENT '',
  `class_method` varchar(256) COLLATE utf8mb4_bin DEFAULT NULL COMMENT '',
  `param` text COLLATE utf8mb4_bin COMMENT '',
  `handle_length` varchar(20) COLLATE utf8mb4_bin DEFAULT NULL COMMENT '',
  `create_date` timestamp NULL DEFAULT CURRENT_TIMESTAMP COMMENT '',
  `create_by` varchar(64) COLLATE utf8mb4_bin DEFAULT NULL COMMENT '',
  `update_date` timestamp NULL DEFAULT NULL ON UPDATE CURRENT_TIMESTAMP COMMENT '',
  `update_by` varchar(64) COLLATE utf8mb4_bin DEFAULT NULL COMMENT '',
  `remark` varchar(255) COLLATE utf8mb4_bin DEFAULT NULL COMMENT '',
  `delete_flag` varchar(10) COLLATE utf8mb4_bin DEFAULT 'Used' COMMENT 'used disable delete',
  PRIMARY KEY (`id`)
) ENGINE=InnoDB DEFAULT CHARSET=utf8mb4 COLLATE=utf8mb4_bin COMMENT='';

-- ----------------------------
-- Records of sys_log_0
-- ----------------------------

-- ----------------------------
-- Table structure for sys_log_1
-- ----------------------------
DROP TABLE IF EXISTS `sys_log_1`;
CREATE TABLE `sys_log_1` (
  `id` varchar(64) COLLATE utf8mb4_bin NOT NULL COMMENT 'ID',
  `user_name` varchar(64) COLLATE utf8mb4_bin DEFAULT NULL COMMENT '',
  `ip` varchar(20) COLLATE utf8mb4_bin DEFAULT NULL COMMENT 'ip',
  `url` varchar(256) COLLATE utf8mb4_bin DEFAULT NULL COMMENT '',
  `http_method` varchar(10) COLLATE utf8mb4_bin DEFAULT NULL COMMENT '',
  `class_method` varchar(256) COLLATE utf8mb4_bin DEFAULT NULL COMMENT '',
  `param` text COLLATE utf8mb4_bin COMMENT '',
  `handle_length` varchar(20) COLLATE utf8mb4_bin DEFAULT NULL COMMENT '',
  `create_date` timestamp NULL DEFAULT CURRENT_TIMESTAMP COMMENT '',
  `create_by` varchar(64) COLLATE utf8mb4_bin DEFAULT NULL COMMENT '',
  `update_date` timestamp NULL DEFAULT NULL ON UPDATE CURRENT_TIMESTAMP COMMENT '',
  `update_by` varchar(64) COLLATE utf8mb4_bin DEFAULT NULL COMMENT '',
  `remark` varchar(255) COLLATE utf8mb4_bin DEFAULT NULL COMMENT '',
  `delete_flag` varchar(10) COLLATE utf8mb4_bin DEFAULT 'Used' COMMENT 'used disable delete',
  PRIMARY KEY (`id`)
) ENGINE=InnoDB DEFAULT CHARSET=utf8mb4 COLLATE=utf8mb4_bin COMMENT='';

-- ----------------------------
-- Records of sys_log_1
-- ----------------------------

-- ----------------------------
-- Table structure for sys_log_2
-- ----------------------------
DROP TABLE IF EXISTS `sys_log_2`;
CREATE TABLE `sys_log_2` (
  `id` varchar(64) COLLATE utf8mb4_bin NOT NULL COMMENT 'ID',
  `user_name` varchar(64) COLLATE utf8mb4_bin DEFAULT NULL COMMENT '',
  `ip` varchar(20) COLLATE utf8mb4_bin DEFAULT NULL COMMENT 'ip',
  `url` varchar(256) COLLATE utf8mb4_bin DEFAULT NULL COMMENT '',
  `http_method` varchar(10) COLLATE utf8mb4_bin DEFAULT NULL COMMENT '',
  `class_method` varchar(256) COLLATE utf8mb4_bin DEFAULT NULL COMMENT '',
  `param` text COLLATE utf8mb4_bin COMMENT '',
  `handle_length` varchar(20) COLLATE utf8mb4_bin DEFAULT NULL COMMENT '',
  `create_date` timestamp NULL DEFAULT CURRENT_TIMESTAMP COMMENT '',
  `create_by` varchar(64) COLLATE utf8mb4_bin DEFAULT NULL COMMENT '',
  `update_date` timestamp NULL DEFAULT NULL ON UPDATE CURRENT_TIMESTAMP COMMENT '',
  `update_by` varchar(64) COLLATE utf8mb4_bin DEFAULT NULL COMMENT '',
  `remark` varchar(255) COLLATE utf8mb4_bin DEFAULT NULL COMMENT '',
  `delete_flag` varchar(10) COLLATE utf8mb4_bin DEFAULT 'Used' COMMENT 'used disable delete',
  PRIMARY KEY (`id`)
) ENGINE=InnoDB DEFAULT CHARSET=utf8mb4 COLLATE=utf8mb4_bin COMMENT='';

-- ----------------------------
-- Records of sys_log_2
-- ----------------------------

-- ----------------------------
-- Table structure for sys_log_3
-- ----------------------------
DROP TABLE IF EXISTS `sys_log_3`;
CREATE TABLE `sys_log_3` (
  `id` varchar(64) COLLATE utf8mb4_bin NOT NULL COMMENT 'ID',
  `user_name` varchar(64) COLLATE utf8mb4_bin DEFAULT NULL COMMENT '',
  `ip` varchar(20) COLLATE utf8mb4_bin DEFAULT NULL COMMENT 'ip',
  `url` varchar(256) COLLATE utf8mb4_bin DEFAULT NULL COMMENT '',
  `http_method` varchar(10) COLLATE utf8mb4_bin DEFAULT NULL COMMENT '',
  `class_method` varchar(256) COLLATE utf8mb4_bin DEFAULT NULL COMMENT '',
  `param` text COLLATE utf8mb4_bin COMMENT '',
  `handle_length` varchar(20) COLLATE utf8mb4_bin DEFAULT NULL COMMENT '',
  `create_date` timestamp NULL DEFAULT CURRENT_TIMESTAMP COMMENT '',
  `create_by` varchar(64) COLLATE utf8mb4_bin DEFAULT NULL COMMENT '',
  `update_date` timestamp NULL DEFAULT NULL ON UPDATE CURRENT_TIMESTAMP COMMENT '',
  `update_by` varchar(64) COLLATE utf8mb4_bin DEFAULT NULL COMMENT '',
  `remark` varchar(255) COLLATE utf8mb4_bin DEFAULT NULL COMMENT '',
  `delete_flag` varchar(10) COLLATE utf8mb4_bin DEFAULT 'Used' COMMENT 'used disable delete',
  PRIMARY KEY (`id`)
) ENGINE=InnoDB DEFAULT CHARSET=utf8mb4 COLLATE=utf8mb4_bin COMMENT='';

-- ----------------------------
-- Records of sys_log_3
-- ----------------------------

-- ----------------------------
-- Table structure for sys_log_4
-- ----------------------------
DROP TABLE IF EXISTS `sys_log_4`;
CREATE TABLE `sys_log_4` (
  `id` varchar(64) COLLATE utf8mb4_bin NOT NULL COMMENT 'ID',
  `user_name` varchar(64) COLLATE utf8mb4_bin DEFAULT NULL COMMENT '',
  `ip` varchar(20) COLLATE utf8mb4_bin DEFAULT NULL COMMENT 'ip',
  `url` varchar(256) COLLATE utf8mb4_bin DEFAULT NULL COMMENT '',
  `http_method` varchar(10) COLLATE utf8mb4_bin DEFAULT NULL COMMENT '',
  `class_method` varchar(256) COLLATE utf8mb4_bin DEFAULT NULL COMMENT '',
  `param` text COLLATE utf8mb4_bin COMMENT '',
  `handle_length` varchar(20) COLLATE utf8mb4_bin DEFAULT NULL COMMENT '',
  `create_date` timestamp NULL DEFAULT CURRENT_TIMESTAMP COMMENT '',
  `create_by` varchar(64) COLLATE utf8mb4_bin DEFAULT NULL COMMENT '',
  `update_date` timestamp NULL DEFAULT NULL ON UPDATE CURRENT_TIMESTAMP COMMENT '',
  `update_by` varchar(64) COLLATE utf8mb4_bin DEFAULT NULL COMMENT '',
  `remark` varchar(255) COLLATE utf8mb4_bin DEFAULT NULL COMMENT '',
  `delete_flag` varchar(10) COLLATE utf8mb4_bin DEFAULT 'Used' COMMENT 'used disable delete',
  PRIMARY KEY (`id`)
) ENGINE=InnoDB DEFAULT CHARSET=utf8mb4 COLLATE=utf8mb4_bin COMMENT='';

-- ----------------------------
-- Records of sys_log_4
-- ----------------------------

-- ----------------------------
-- Table structure for sys_log_5
-- ----------------------------
DROP TABLE IF EXISTS `sys_log_5`;
CREATE TABLE `sys_log_5` (
  `id` varchar(64) COLLATE utf8mb4_bin NOT NULL COMMENT 'ID',
  `user_name` varchar(64) COLLATE utf8mb4_bin DEFAULT NULL COMMENT '',
  `ip` varchar(20) COLLATE utf8mb4_bin DEFAULT NULL COMMENT 'ip',
  `url` varchar(256) COLLATE utf8mb4_bin DEFAULT NULL COMMENT '',
  `http_method` varchar(10) COLLATE utf8mb4_bin DEFAULT NULL COMMENT '',
  `class_method` varchar(256) COLLATE utf8mb4_bin DEFAULT NULL COMMENT '',
  `param` text COLLATE utf8mb4_bin COMMENT '',
  `handle_length` varchar(20) COLLATE utf8mb4_bin DEFAULT NULL COMMENT '',
  `create_date` timestamp NULL DEFAULT CURRENT_TIMESTAMP COMMENT '',
  `create_by` varchar(64) COLLATE utf8mb4_bin DEFAULT NULL COMMENT '',
  `update_date` timestamp NULL DEFAULT NULL ON UPDATE CURRENT_TIMESTAMP COMMENT '',
  `update_by` varchar(64) COLLATE utf8mb4_bin DEFAULT NULL COMMENT '',
  `remark` varchar(255) COLLATE utf8mb4_bin DEFAULT NULL COMMENT '',
  `delete_flag` varchar(10) COLLATE utf8mb4_bin DEFAULT 'Used' COMMENT 'used disable delete',
  PRIMARY KEY (`id`)
) ENGINE=InnoDB DEFAULT CHARSET=utf8mb4 COLLATE=utf8mb4_bin COMMENT='';

-- ----------------------------
-- Records of sys_log_5
-- ----------------------------

-- ----------------------------
-- Table structure for sys_log_6
-- ----------------------------
DROP TABLE IF EXISTS `sys_log_6`;
CREATE TABLE `sys_log_6` (
  `id` varchar(64) COLLATE utf8mb4_bin NOT NULL COMMENT 'ID',
  `user_name` varchar(64) COLLATE utf8mb4_bin DEFAULT NULL COMMENT '',
  `ip` varchar(20) COLLATE utf8mb4_bin DEFAULT NULL COMMENT 'ip',
  `url` varchar(256) COLLATE utf8mb4_bin DEFAULT NULL COMMENT '',
  `http_method` varchar(10) COLLATE utf8mb4_bin DEFAULT NULL COMMENT '',
  `class_method` varchar(256) COLLATE utf8mb4_bin DEFAULT NULL COMMENT '',
  `param` text COLLATE utf8mb4_bin COMMENT '',
  `handle_length` varchar(20) COLLATE utf8mb4_bin DEFAULT NULL COMMENT '',
  `create_date` timestamp NULL DEFAULT CURRENT_TIMESTAMP COMMENT '',
  `create_by` varchar(64) COLLATE utf8mb4_bin DEFAULT NULL COMMENT '',
  `update_date` timestamp NULL DEFAULT NULL ON UPDATE CURRENT_TIMESTAMP COMMENT '',
  `update_by` varchar(64) COLLATE utf8mb4_bin DEFAULT NULL COMMENT '',
  `remark` varchar(255) COLLATE utf8mb4_bin DEFAULT NULL COMMENT '',
  `delete_flag` varchar(10) COLLATE utf8mb4_bin DEFAULT 'Used' COMMENT 'used disable delete',
  PRIMARY KEY (`id`)
) ENGINE=InnoDB DEFAULT CHARSET=utf8mb4 COLLATE=utf8mb4_bin COMMENT='';

-- ----------------------------
-- Records of sys_log_6
-- ----------------------------

-- ----------------------------
-- Table structure for sys_log_7
-- ----------------------------
DROP TABLE IF EXISTS `sys_log_7`;
CREATE TABLE `sys_log_7` (
  `id` varchar(64) COLLATE utf8mb4_bin NOT NULL COMMENT 'ID',
  `user_name` varchar(64) COLLATE utf8mb4_bin DEFAULT NULL COMMENT '',
  `ip` varchar(20) COLLATE utf8mb4_bin DEFAULT NULL COMMENT 'ip',
  `url` varchar(256) COLLATE utf8mb4_bin DEFAULT NULL COMMENT '',
  `http_method` varchar(10) COLLATE utf8mb4_bin DEFAULT NULL COMMENT '',
  `class_method` varchar(256) COLLATE utf8mb4_bin DEFAULT NULL COMMENT '',
  `param` text COLLATE utf8mb4_bin COMMENT '',
  `handle_length` varchar(20) COLLATE utf8mb4_bin DEFAULT NULL COMMENT '',
  `create_date` timestamp NULL DEFAULT CURRENT_TIMESTAMP COMMENT '',
  `create_by` varchar(64) COLLATE utf8mb4_bin DEFAULT NULL COMMENT '',
  `update_date` timestamp NULL DEFAULT NULL ON UPDATE CURRENT_TIMESTAMP COMMENT '',
  `update_by` varchar(64) COLLATE utf8mb4_bin DEFAULT NULL COMMENT '',
  `remark` varchar(255) COLLATE utf8mb4_bin DEFAULT NULL COMMENT '',
  `delete_flag` varchar(10) COLLATE utf8mb4_bin DEFAULT 'Used' COMMENT 'used disable delete',
  PRIMARY KEY (`id`)
) ENGINE=InnoDB DEFAULT CHARSET=utf8mb4 COLLATE=utf8mb4_bin COMMENT='';

-- ----------------------------
-- Records of sys_log_7
-- ----------------------------

-- ----------------------------
-- Table structure for sys_log_8
-- ----------------------------
DROP TABLE IF EXISTS `sys_log_8`;
CREATE TABLE `sys_log_8` (
  `id` varchar(64) COLLATE utf8mb4_bin NOT NULL COMMENT 'ID',
  `user_name` varchar(64) COLLATE utf8mb4_bin DEFAULT NULL COMMENT '',
  `ip` varchar(20) COLLATE utf8mb4_bin DEFAULT NULL COMMENT 'ip',
  `url` varchar(256) COLLATE utf8mb4_bin DEFAULT NULL COMMENT '',
  `http_method` varchar(10) COLLATE utf8mb4_bin DEFAULT NULL COMMENT '',
  `class_method` varchar(256) COLLATE utf8mb4_bin DEFAULT NULL COMMENT '',
  `param` text COLLATE utf8mb4_bin COMMENT '',
  `handle_length` varchar(20) COLLATE utf8mb4_bin DEFAULT NULL COMMENT '',
  `create_date` timestamp NULL DEFAULT CURRENT_TIMESTAMP COMMENT '',
  `create_by` varchar(64) COLLATE utf8mb4_bin DEFAULT NULL COMMENT '',
  `update_date` timestamp NULL DEFAULT NULL ON UPDATE CURRENT_TIMESTAMP COMMENT '',
  `update_by` varchar(64) COLLATE utf8mb4_bin DEFAULT NULL COMMENT '',
  `remark` varchar(255) COLLATE utf8mb4_bin DEFAULT NULL COMMENT '',
  `delete_flag` varchar(10) COLLATE utf8mb4_bin DEFAULT 'Used' COMMENT 'used disable delete',
  PRIMARY KEY (`id`)
) ENGINE=InnoDB DEFAULT CHARSET=utf8mb4 COLLATE=utf8mb4_bin COMMENT='';

-- ----------------------------
-- Records of sys_log_8
-- ----------------------------

-- ----------------------------
-- Table structure for sys_log_9
-- ----------------------------
DROP TABLE IF EXISTS `sys_log_9`;
CREATE TABLE `sys_log_9` (
  `id` varchar(64) COLLATE utf8mb4_bin NOT NULL COMMENT 'ID',
  `user_name` varchar(64) COLLATE utf8mb4_bin DEFAULT NULL COMMENT '',
  `ip` varchar(20) COLLATE utf8mb4_bin DEFAULT NULL COMMENT 'ip',
  `url` varchar(256) COLLATE utf8mb4_bin DEFAULT NULL COMMENT '',
  `http_method` varchar(10) COLLATE utf8mb4_bin DEFAULT NULL COMMENT '',
  `class_method` varchar(256) COLLATE utf8mb4_bin DEFAULT NULL COMMENT '',
  `param` text COLLATE utf8mb4_bin COMMENT '',
  `handle_length` varchar(20) COLLATE utf8mb4_bin DEFAULT NULL COMMENT '',
  `create_date` timestamp NULL DEFAULT CURRENT_TIMESTAMP COMMENT '',
  `create_by` varchar(64) COLLATE utf8mb4_bin DEFAULT NULL COMMENT '',
  `update_date` timestamp NULL DEFAULT NULL ON UPDATE CURRENT_TIMESTAMP COMMENT '',
  `update_by` varchar(64) COLLATE utf8mb4_bin DEFAULT NULL COMMENT '',
  `remark` varchar(255) COLLATE utf8mb4_bin DEFAULT NULL COMMENT '',
  `delete_flag` varchar(10) COLLATE utf8mb4_bin DEFAULT 'Used' COMMENT 'used disable delete',
  PRIMARY KEY (`id`)
) ENGINE=InnoDB DEFAULT CHARSET=utf8mb4 COLLATE=utf8mb4_bin COMMENT='';

-- ----------------------------
-- Records of sys_log_9
-- ----------------------------

-- ----------------------------
-- Table structure for sys_menu
-- ----------------------------
DROP TABLE IF EXISTS `sys_menu`;
CREATE TABLE `sys_menu` (
  `id` varchar(64) NOT NULL COMMENT 'ID',
  `name` varchar(255) CHARACTER SET utf8mb4 COLLATE utf8mb4_bin DEFAULT NULL COMMENT '',
  `icon` varchar(128) CHARACTER SET utf8mb4 COLLATE utf8mb4_bin DEFAULT NULL COMMENT '',
  `path` varchar(128) CHARACTER SET utf8mb4 COLLATE utf8mb4_bin DEFAULT NULL COMMENT 'router',
  `component` varchar(64) CHARACTER SET utf8mb4 COLLATE utf8mb4_bin DEFAULT NULL COMMENT 'VUE',
  `is_show` varchar(10) CHARACTER SET utf8mb4 COLLATE utf8mb4_bin DEFAULT 'Yes' COMMENT 'YesNo',
  `is_guide` varchar(10) DEFAULT 'No' COMMENT '',
  `is_index` varchar(10) CHARACTER SET utf8mb4 COLLATE utf8mb4_bin DEFAULT 'No' COMMENT 'YesNo',
  `show_type` varchar(10) CHARACTER SET utf8mb4 COLLATE utf8mb4_bin DEFAULT 'Home' COMMENT 'HomeScreen',
  `sort` int(11) DEFAULT NULL COMMENT '',
  `create_date` timestamp NULL DEFAULT CURRENT_TIMESTAMP COMMENT '',
  `create_by` varchar(64) CHARACTER SET utf8mb4 COLLATE utf8mb4_bin DEFAULT NULL COMMENT '',
  `update_date` timestamp NULL DEFAULT NULL ON UPDATE CURRENT_TIMESTAMP COMMENT '',
  `update_by` varchar(64) CHARACTER SET utf8mb4 COLLATE utf8mb4_bin DEFAULT NULL COMMENT '',
  `remark` varchar(255) CHARACTER SET utf8mb4 COLLATE utf8mb4_bin DEFAULT NULL COMMENT '',
  `delete_flag` varchar(10) CHARACTER SET utf8mb4 COLLATE utf8mb4_bin DEFAULT 'Used' COMMENT 'used disable delete',
  PRIMARY KEY (`id`)
) ENGINE=InnoDB DEFAULT CHARSET=utf8 COMMENT='';

-- ----------------------------
-- Records of sys_menu
-- ----------------------------
INSERT INTO `sys_menu` VALUES ('14482180614349c39fe9bb70bd3e0fa9', '', 'logo-xbox', '/sys/dept', '/sys/dept', 'Yes', 'Yes', 'No', 'Home', '4', '2019-01-09 11:25:15', 'admin_test', '2019-01-10 13:08:57', 'admin_test', null, 'Used');
INSERT INTO `sys_menu` VALUES ('258dcbbefef04bf19ad39b3bcacfd022', '', null, '/sys/button', '/sys/button', 'Yes', 'No', 'No', 'Home', '3', '2019-01-09 12:24:31', 'admin_test', '2019-01-09 12:24:40', 'admin_test', null, 'Used');
INSERT INTO `sys_menu` VALUES ('26c28c672b764157a29c2fc0ebde4522', '', 'ios-navigate', null, null, 'Yes', 'No', 'No', 'Home', '70', '2019-01-09 11:27:14', 'admin_test', '2019-01-22 17:42:27', null, null, 'Used');
INSERT INTO `sys_menu` VALUES ('319b072a4f044442876ee65211f8aa78', '', 'ios-at-outline', '/sys/dict', '/sys/dict', 'Yes', 'Yes', 'No', 'Home', '5', '2019-01-09 11:25:45', 'admin_test', '2019-01-10 13:09:05', 'admin_test', null, 'Used');
INSERT INTO `sys_menu` VALUES ('44d8b4106ec7428c880bff606de532fb', '', null, '/sys/menu', '/sys/menu', 'Yes', 'No', 'No', 'Home', '2', '2019-01-09 12:24:09', 'admin_test', null, null, null, 'Used');
INSERT INTO `sys_menu` VALUES ('4f565e58e7be42c2ab7726494a1a9d1a', '', 'md-home', '/sys/home', '/sys/home', 'Yes', 'No', 'Yes', 'Home', '1', '2019-01-09 11:23:47', 'admin_test', '2019-01-16 10:56:30', 'admin_test', null, 'Used');
INSERT INTO `sys_menu` VALUES ('56ed32d56af64758b90734393916db84', '', 'ios-chatbubbles-outline', '/message/publish', '/message/publish', 'Yes', 'No', 'Yes', 'Home', '1', '2019-01-29 14:25:16', 'admin', '2019-01-29 14:29:23', 'admin', null, 'Used');
INSERT INTO `sys_menu` VALUES ('5a806b8031b64bc88591edb09f487313', '', 'logo-sass', '/sys/log', '/sys/log', 'Yes', 'No', 'No', 'Home', '6', '2019-01-22 17:43:54', null, '2019-01-29 09:41:03', 'admin', null, 'Used');
INSERT INTO `sys_menu` VALUES ('60a8ff23bb0048289ec9739223a914ed', '_', null, '/message/publish/form', '/message/publish/form', 'No', 'No', 'No', 'Home', '2', '2019-01-29 16:19:28', 'admin', null, null, null, 'Used');
INSERT INTO `sys_menu` VALUES ('71684cea9d654584bad93a20fcd52207', '', 'md-globe', '/sys/role', '/sys/role', 'Yes', 'Yes', 'No', 'Home', '3', '2019-01-09 11:24:53', 'admin_test', '2019-01-10 13:08:52', 'admin_test', null, 'Used');
INSERT INTO `sys_menu` VALUES ('73450906179349219f2821c8e9c2fee9', '', 'ios-bug', '/sys/code', '/sys/code', 'Yes', 'No', 'No', 'Home', '8', '2019-01-29 09:40:40', 'admin', null, null, null, 'Used');
INSERT INTO `sys_menu` VALUES ('7afcc5eb00c246d78d92e673b9679640', '', null, '/home', '/home', 'Yes', 'No', 'Yes', 'Screen', '1', '2019-01-10 13:29:01', 'admin_test', null, null, null, 'Used');
INSERT INTO `sys_menu` VALUES ('863ea79c022d40f4a57a8ce54954c74d', '', null, '/sys/system', '/sys/system', 'Yes', 'No', 'No', 'Home', '1', '2019-01-09 12:23:37', 'admin_test', '2019-01-10 16:49:31', 'admin_test', null, 'Used');
INSERT INTO `sys_menu` VALUES ('ada820e2bd6345a2a882dd2526f16725', '', 'ios-contact', '/sys/user', '/sys/user', 'Yes', 'Yes', 'No', 'Home', '2', '2019-01-09 11:24:16', 'admin_test', '2019-01-16 16:10:46', 'admin_test', null, 'Used');
INSERT INTO `sys_menu` VALUES ('b5a6eeea310644e2a25e4e3a10cf0628', '', 'md-clock', '/sys/task', '/sys/task', 'Yes', 'No', 'No', 'Home', '7', '2019-01-24 13:59:20', null, null, null, null, 'Used');
INSERT INTO `sys_menu` VALUES ('b6620f37c1b247a586ae5414663299bc', '', 'md-book', null, null, 'Yes', 'Yes', 'No', 'Home', '1', '2019-01-11 09:03:17', 'admin_test', null, null, null, 'Used');
INSERT INTO `sys_menu` VALUES ('f564547f036e4631967ed4ba0c165d38', '', 'logo-css3', '/message/audit', '/message/audit', 'Yes', 'No', 'No', 'Home', '3', '2019-01-29 14:25:53', 'admin', '2019-01-29 14:29:27', 'admin', null, 'Used');

-- ----------------------------
-- Table structure for sys_resource
-- ----------------------------
DROP TABLE IF EXISTS `sys_resource`;
CREATE TABLE `sys_resource` (
  `id` varchar(64) NOT NULL COMMENT 'ID',
  `type` varchar(10) CHARACTER SET utf8mb4 COLLATE utf8mb4_bin DEFAULT NULL COMMENT ' System,Menu,Button',
  `r_id` varchar(64) CHARACTER SET utf8mb4 COLLATE utf8mb4_bin DEFAULT NULL COMMENT 'id  type==System r_id==sys_system.id',
  `parent_id` varchar(64) CHARACTER SET utf8mb4 COLLATE utf8mb4_bin DEFAULT NULL COMMENT 'ID',
  `create_date` timestamp NULL DEFAULT CURRENT_TIMESTAMP COMMENT '',
  `create_by` varchar(64) CHARACTER SET utf8mb4 COLLATE utf8mb4_bin DEFAULT NULL COMMENT '',
  `update_date` timestamp NULL DEFAULT NULL ON UPDATE CURRENT_TIMESTAMP COMMENT '',
  `update_by` varchar(64) CHARACTER SET utf8mb4 COLLATE utf8mb4_bin DEFAULT NULL COMMENT '',
  `remark` varchar(255) CHARACTER SET utf8mb4 COLLATE utf8mb4_bin DEFAULT NULL COMMENT '',
  `delete_flag` varchar(10) CHARACTER SET utf8mb4 COLLATE utf8mb4_bin DEFAULT 'Used' COMMENT 'used disable delete',
  PRIMARY KEY (`id`)
) ENGINE=InnoDB DEFAULT CHARSET=utf8 COMMENT='';

-- ----------------------------
-- Records of sys_resource
-- ----------------------------
INSERT INTO `sys_resource` VALUES ('101c7ef15cd8474da7586316eb3289c3', 'Button', 'ff4f80b7700f43cdb0b2f6cf168c75cf', 'b860f629bd3f4e118fa2b406c1684689', '2019-01-29 14:26:37', 'admin', null, null, null, 'Used');
INSERT INTO `sys_resource` VALUES ('13704bf763904cfbb4ecd4395a7c7745', 'Menu', 'ada820e2bd6345a2a882dd2526f16725', '394b434defd74548ab04493b5fee924b', '2019-01-09 11:24:16', 'admin_test', '2019-01-10 13:08:41', 'admin_test', null, 'Used');
INSERT INTO `sys_resource` VALUES ('1419331c93f949fda927aa562363f0c9', 'Menu', '7afcc5eb00c246d78d92e673b9679640', '7d3065f62b184acba8be3323c40723ab', '2019-01-10 13:29:01', 'admin_test', null, null, null, 'Used');
INSERT INTO `sys_resource` VALUES ('21e01b2da75c42e39968d514c25a1f56', 'Button', '5af77dfa167645e4a31faaf501532fdc', '13704bf763904cfbb4ecd4395a7c7745', '2019-01-09 13:50:29', 'admin_test', null, null, null, 'Used');
INSERT INTO `sys_resource` VALUES ('2a63aec9db604fa898c11380e8893dd2', 'Menu', '44d8b4106ec7428c880bff606de532fb', '50226e046cab4cc9bdf88684698ee47f', '2019-01-09 12:24:09', 'admin_test', null, null, null, 'Used');
INSERT INTO `sys_resource` VALUES ('328672b0736b4e57ba1803571ef418d1', 'Menu', '60a8ff23bb0048289ec9739223a914ed', 'b860f629bd3f4e118fa2b406c1684689', '2019-01-29 16:19:28', 'admin', null, null, null, 'Used');
INSERT INTO `sys_resource` VALUES ('394b434defd74548ab04493b5fee924b', 'System', 'c63493fc99c8489294cbe839ce2071ac', null, '2019-01-09 11:19:50', 'admin_test', null, null, null, 'Used');
INSERT INTO `sys_resource` VALUES ('408099690e724f70bd655be2ee00dccd', 'Button', '73fb308d5eda4614b36333e0723cad0c', 'b860f629bd3f4e118fa2b406c1684689', '2019-01-29 14:26:30', 'admin', null, null, null, 'Used');
INSERT INTO `sys_resource` VALUES ('4196bc3de8254b2a95d03a79d40279bf', 'Menu', 'b6620f37c1b247a586ae5414663299bc', 'dd06238dfa334787a1cba25619d0bbc0', '2019-01-11 09:03:17', 'admin_test', null, null, null, 'Used');
INSERT INTO `sys_resource` VALUES ('4f3355f7ae6c4156ac320f9691e91a4b', 'Menu', '258dcbbefef04bf19ad39b3bcacfd022', '50226e046cab4cc9bdf88684698ee47f', '2019-01-09 12:24:31', 'admin_test', '2019-01-09 12:24:40', 'admin_test', null, 'Used');
INSERT INTO `sys_resource` VALUES ('50226e046cab4cc9bdf88684698ee47f', 'Menu', '26c28c672b764157a29c2fc0ebde4522', '394b434defd74548ab04493b5fee924b', '2019-01-09 11:27:14', 'admin_test', null, null, null, 'Used');
INSERT INTO `sys_resource` VALUES ('55910164c8fc4dd28a889059697b5b32', 'Button', '95ea2fa6656d439382f8e42e6a926ced', '13704bf763904cfbb4ecd4395a7c7745', '2019-01-09 13:50:54', 'admin_test', null, null, null, 'Used');
INSERT INTO `sys_resource` VALUES ('7a684d1e725e4864a4d12b347ef97ce2', 'Menu', '319b072a4f044442876ee65211f8aa78', '394b434defd74548ab04493b5fee924b', '2019-01-09 11:25:45', 'admin_test', '2019-01-10 13:09:05', 'admin_test', null, 'Used');
INSERT INTO `sys_resource` VALUES ('7d3065f62b184acba8be3323c40723ab', 'System', 'd7065f3eba94409397f4d21f2692a8fa', null, '2019-01-10 13:24:35', 'admin_test', null, null, null, 'Used');
INSERT INTO `sys_resource` VALUES ('88139b0b64ae46a5a70ca1c53f43872b', 'Button', '03aca5c317bc4e19816f95089ae907f3', 'b860f629bd3f4e118fa2b406c1684689', '2019-01-29 14:26:49', 'admin', null, null, null, 'Used');
INSERT INTO `sys_resource` VALUES ('8b181665db794069b476f02f42e1a8f8', 'Button', 'ade005be6b4e420d9e899284b3869dc2', '13704bf763904cfbb4ecd4395a7c7745', '2019-01-09 13:51:04', 'admin_test', null, null, null, 'Used');
INSERT INTO `sys_resource` VALUES ('9004f54f261f4320b05beb2b82dd4c3f', 'Button', 'f14184d9c6b540799385b47b3ba9bb45', 'b860f629bd3f4e118fa2b406c1684689', '2019-01-29 14:26:42', 'admin', null, null, null, 'Used');
INSERT INTO `sys_resource` VALUES ('9aa69c54984c455daa3be9c574f4209d', 'Menu', '863ea79c022d40f4a57a8ce54954c74d', '50226e046cab4cc9bdf88684698ee47f', '2019-01-09 12:23:37', 'admin_test', '2019-01-10 16:49:31', 'admin_test', null, 'Used');
INSERT INTO `sys_resource` VALUES ('9cf2b9bf83164fb2978c2f434827b2b9', 'Menu', '5a806b8031b64bc88591edb09f487313', '394b434defd74548ab04493b5fee924b', '2019-01-22 17:43:54', null, '2019-01-29 09:41:03', 'admin', null, 'Used');
INSERT INTO `sys_resource` VALUES ('ade198a8d94d43829fff1ea35fc2bf37', 'Menu', 'b5a6eeea310644e2a25e4e3a10cf0628', '394b434defd74548ab04493b5fee924b', '2019-01-24 13:59:20', null, null, null, null, 'Used');
INSERT INTO `sys_resource` VALUES ('b860f629bd3f4e118fa2b406c1684689', 'System', 'fa904fdc7ce74970a45d731ed3ba2364', null, '2019-01-11 09:01:28', 'admin_test', null, null, null, 'Used');
INSERT INTO `sys_resource` VALUES ('b8c745e5a9ff4159ae4ea141db35a0e8', 'Menu', '71684cea9d654584bad93a20fcd52207', '394b434defd74548ab04493b5fee924b', '2019-01-09 11:24:53', 'admin_test', '2019-01-10 13:08:52', 'admin_test', null, 'Used');
INSERT INTO `sys_resource` VALUES ('b98f836b7276467ea18cca3900071c51', 'Menu', '14482180614349c39fe9bb70bd3e0fa9', '394b434defd74548ab04493b5fee924b', '2019-01-09 11:25:15', 'admin_test', '2019-01-10 13:08:57', 'admin_test', null, 'Used');
INSERT INTO `sys_resource` VALUES ('bda4da4b71a942be9e23883e3386479a', 'Menu', '56ed32d56af64758b90734393916db84', 'b860f629bd3f4e118fa2b406c1684689', '2019-01-29 14:25:16', 'admin', '2019-01-29 14:29:23', 'admin', null, 'Used');
INSERT INTO `sys_resource` VALUES ('d8ba380d157846d691f0eb3ec5902130', 'Menu', '73450906179349219f2821c8e9c2fee9', '394b434defd74548ab04493b5fee924b', '2019-01-29 09:40:40', 'admin', null, null, null, 'Used');
INSERT INTO `sys_resource` VALUES ('dd06238dfa334787a1cba25619d0bbc0', 'System', 'e2c1a10b8799418f80b99545d7b83296', null, '2019-01-11 09:01:56', 'admin_test', null, null, null, 'Used');
INSERT INTO `sys_resource` VALUES ('ec624a3e7cad4f5ea107902df3390ba3', 'Menu', '4f565e58e7be42c2ab7726494a1a9d1a', '394b434defd74548ab04493b5fee924b', '2019-01-09 11:23:47', 'admin_test', '2019-01-16 10:56:30', 'admin_test', null, 'Used');
INSERT INTO `sys_resource` VALUES ('f3bb0d693a124fdfbfff1fca745fa160', 'Button', '241846af380e4cc0bd6b4817565c5a9a', '13704bf763904cfbb4ecd4395a7c7745', '2019-01-09 13:50:42', 'admin_test', null, null, null, 'Used');
INSERT INTO `sys_resource` VALUES ('f5224801941644bdad7a0ea7fe6f863e', 'Menu', 'f564547f036e4631967ed4ba0c165d38', 'b860f629bd3f4e118fa2b406c1684689', '2019-01-29 14:25:53', 'admin', '2019-01-29 14:29:27', 'admin', null, 'Used');

-- ----------------------------
-- Table structure for sys_role
-- ----------------------------
DROP TABLE IF EXISTS `sys_role`;
CREATE TABLE `sys_role` (
  `id` varchar(64) COLLATE utf8mb4_bin NOT NULL COMMENT 'ID',
  `name` varchar(64) COLLATE utf8mb4_bin NOT NULL,
  `code` varchar(64) COLLATE utf8mb4_bin NOT NULL,
  `create_date` timestamp NULL DEFAULT CURRENT_TIMESTAMP COMMENT '',
  `create_by` varchar(64) COLLATE utf8mb4_bin DEFAULT NULL COMMENT '',
  `update_date` timestamp NULL DEFAULT NULL ON UPDATE CURRENT_TIMESTAMP COMMENT '',
  `update_by` varchar(64) COLLATE utf8mb4_bin DEFAULT NULL COMMENT '',
  `remark` varchar(255) COLLATE utf8mb4_bin DEFAULT NULL COMMENT '',
  `delete_flag` varchar(10) COLLATE utf8mb4_bin DEFAULT 'Used' COMMENT 'used disable delete',
  PRIMARY KEY (`id`)
) ENGINE=InnoDB DEFAULT CHARSET=utf8mb4 COLLATE=utf8mb4_bin;

-- ----------------------------
-- Records of sys_role
-- ----------------------------
INSERT INTO `sys_role` VALUES ('1', '', 'admin', '2019-01-09 11:05:56', 'admin', '2019-01-09 11:06:12', null, '', 'Used');
INSERT INTO `sys_role` VALUES ('b5270709547143e5afb16c1f5c61ce95', '', 'common', '2019-01-17 10:19:20', 'admin_test', null, null, null, 'Used');
INSERT INTO `sys_role` VALUES ('d68fd78cb816477ea948734124de9eb6', '2', 'common2', '2019-01-28 17:02:08', null, null, null, null, 'Used');

-- ----------------------------
-- Table structure for sys_role_resource
-- ----------------------------
DROP TABLE IF EXISTS `sys_role_resource`;
CREATE TABLE `sys_role_resource` (
  `role_id` varchar(64) NOT NULL COMMENT 'ID',
  `resource_id` varchar(64) NOT NULL COMMENT 'ID',
  `create_date` timestamp NULL DEFAULT CURRENT_TIMESTAMP COMMENT '',
  `create_by` varchar(64) CHARACTER SET utf8mb4 COLLATE utf8mb4_bin DEFAULT NULL COMMENT '',
  `update_date` timestamp NULL DEFAULT NULL ON UPDATE CURRENT_TIMESTAMP COMMENT '',
  `update_by` varchar(64) CHARACTER SET utf8mb4 COLLATE utf8mb4_bin DEFAULT NULL COMMENT '',
  `remark` varchar(255) CHARACTER SET utf8mb4 COLLATE utf8mb4_bin DEFAULT NULL COMMENT '',
  `delete_flag` varchar(10) CHARACTER SET utf8mb4 COLLATE utf8mb4_bin DEFAULT 'Used' COMMENT 'used disable delete',
  PRIMARY KEY (`role_id`,`resource_id`)
) ENGINE=InnoDB DEFAULT CHARSET=utf8 COMMENT='';

-- ----------------------------
-- Records of sys_role_resource
-- ----------------------------
INSERT INTO `sys_role_resource` VALUES ('1', '101c7ef15cd8474da7586316eb3289c3', '2019-01-29 16:20:55', 'admin', null, null, null, 'Used');
INSERT INTO `sys_role_resource` VALUES ('1', '13704bf763904cfbb4ecd4395a7c7745', '2019-01-29 16:20:55', 'admin', null, null, null, 'Used');
INSERT INTO `sys_role_resource` VALUES ('1', '1419331c93f949fda927aa562363f0c9', '2019-01-29 16:20:55', 'admin', null, null, null, 'Used');
INSERT INTO `sys_role_resource` VALUES ('1', '21e01b2da75c42e39968d514c25a1f56', '2019-01-29 16:20:55', 'admin', null, null, null, 'Used');
INSERT INTO `sys_role_resource` VALUES ('1', '2a63aec9db604fa898c11380e8893dd2', '2019-01-29 16:20:55', 'admin', null, null, null, 'Used');
INSERT INTO `sys_role_resource` VALUES ('1', '328672b0736b4e57ba1803571ef418d1', '2019-01-29 16:20:55', 'admin', null, null, null, 'Used');
INSERT INTO `sys_role_resource` VALUES ('1', '394b434defd74548ab04493b5fee924b', '2019-01-29 16:20:55', 'admin', null, null, null, 'Used');
INSERT INTO `sys_role_resource` VALUES ('1', '408099690e724f70bd655be2ee00dccd', '2019-01-29 16:20:55', 'admin', null, null, null, 'Used');
INSERT INTO `sys_role_resource` VALUES ('1', '4f3355f7ae6c4156ac320f9691e91a4b', '2019-01-29 16:20:55', 'admin', null, null, null, 'Used');
INSERT INTO `sys_role_resource` VALUES ('1', '50226e046cab4cc9bdf88684698ee47f', '2019-01-29 16:20:55', 'admin', null, null, null, 'Used');
INSERT INTO `sys_role_resource` VALUES ('1', '55910164c8fc4dd28a889059697b5b32', '2019-01-29 16:20:55', 'admin', null, null, null, 'Used');
INSERT INTO `sys_role_resource` VALUES ('1', '7a684d1e725e4864a4d12b347ef97ce2', '2019-01-29 16:20:55', 'admin', null, null, null, 'Used');
INSERT INTO `sys_role_resource` VALUES ('1', '7d3065f62b184acba8be3323c40723ab', '2019-01-29 16:20:55', 'admin', null, null, null, 'Used');
INSERT INTO `sys_role_resource` VALUES ('1', '88139b0b64ae46a5a70ca1c53f43872b', '2019-01-29 16:20:55', 'admin', null, null, null, 'Used');
INSERT INTO `sys_role_resource` VALUES ('1', '8b181665db794069b476f02f42e1a8f8', '2019-01-29 16:20:55', 'admin', null, null, null, 'Used');
INSERT INTO `sys_role_resource` VALUES ('1', '9004f54f261f4320b05beb2b82dd4c3f', '2019-01-29 16:20:55', 'admin', null, null, null, 'Used');
INSERT INTO `sys_role_resource` VALUES ('1', '9aa69c54984c455daa3be9c574f4209d', '2019-01-29 16:20:55', 'admin', null, null, null, 'Used');
INSERT INTO `sys_role_resource` VALUES ('1', '9cf2b9bf83164fb2978c2f434827b2b9', '2019-01-29 16:20:55', 'admin', null, null, null, 'Used');
INSERT INTO `sys_role_resource` VALUES ('1', 'ade198a8d94d43829fff1ea35fc2bf37', '2019-01-29 16:20:55', 'admin', null, null, null, 'Used');
INSERT INTO `sys_role_resource` VALUES ('1', 'b860f629bd3f4e118fa2b406c1684689', '2019-01-29 16:20:55', 'admin', null, null, null, 'Used');
INSERT INTO `sys_role_resource` VALUES ('1', 'b8c745e5a9ff4159ae4ea141db35a0e8', '2019-01-29 16:20:55', 'admin', null, null, null, 'Used');
INSERT INTO `sys_role_resource` VALUES ('1', 'b98f836b7276467ea18cca3900071c51', '2019-01-29 16:20:55', 'admin', null, null, null, 'Used');
INSERT INTO `sys_role_resource` VALUES ('1', 'bda4da4b71a942be9e23883e3386479a', '2019-01-29 16:20:55', 'admin', null, null, null, 'Used');
INSERT INTO `sys_role_resource` VALUES ('1', 'd8ba380d157846d691f0eb3ec5902130', '2019-01-29 16:20:55', 'admin', null, null, null, 'Used');
INSERT INTO `sys_role_resource` VALUES ('1', 'ec624a3e7cad4f5ea107902df3390ba3', '2019-01-29 16:20:55', 'admin', null, null, null, 'Used');
INSERT INTO `sys_role_resource` VALUES ('1', 'f3bb0d693a124fdfbfff1fca745fa160', '2019-01-29 16:20:55', 'admin', null, null, null, 'Used');
INSERT INTO `sys_role_resource` VALUES ('1', 'f5224801941644bdad7a0ea7fe6f863e', '2019-01-29 16:20:55', 'admin', null, null, null, 'Used');
INSERT INTO `sys_role_resource` VALUES ('b5270709547143e5afb16c1f5c61ce95', '1419331c93f949fda927aa562363f0c9', '2019-01-30 14:49:30', 'admin', null, null, null, 'Used');
INSERT INTO `sys_role_resource` VALUES ('b5270709547143e5afb16c1f5c61ce95', '21e01b2da75c42e39968d514c25a1f56', '2019-01-30 14:49:30', 'admin', null, null, null, 'Used');
INSERT INTO `sys_role_resource` VALUES ('b5270709547143e5afb16c1f5c61ce95', '55910164c8fc4dd28a889059697b5b32', '2019-01-30 14:49:30', 'admin', null, null, null, 'Used');
INSERT INTO `sys_role_resource` VALUES ('b5270709547143e5afb16c1f5c61ce95', '7d3065f62b184acba8be3323c40723ab', '2019-01-30 14:49:30', 'admin', null, null, null, 'Used');
INSERT INTO `sys_role_resource` VALUES ('b5270709547143e5afb16c1f5c61ce95', '8b181665db794069b476f02f42e1a8f8', '2019-01-30 14:49:30', 'admin', null, null, null, 'Used');
INSERT INTO `sys_role_resource` VALUES ('b5270709547143e5afb16c1f5c61ce95', 'f3bb0d693a124fdfbfff1fca745fa160', '2019-01-30 14:49:30', 'admin', null, null, null, 'Used');

-- ----------------------------
-- Table structure for sys_system
-- ----------------------------
DROP TABLE IF EXISTS `sys_system`;
CREATE TABLE `sys_system` (
  `id` varchar(64) NOT NULL COMMENT 'ID',
  `name` varchar(255) CHARACTER SET utf8mb4 COLLATE utf8mb4_bin DEFAULT NULL COMMENT '',
  `icon` varchar(128) CHARACTER SET utf8mb4 COLLATE utf8mb4_bin DEFAULT NULL COMMENT '',
  `is_show` varchar(10) CHARACTER SET utf8mb4 COLLATE utf8mb4_bin DEFAULT 'Yes' COMMENT 'YesNo',
  `show_guide` varchar(10) CHARACTER SET utf8mb4 COLLATE utf8mb4_bin DEFAULT 'No' COMMENT 'YesNo',
  `show_menu` varchar(10) CHARACTER SET utf8mb4 COLLATE utf8mb4_bin DEFAULT 'No' COMMENT 'YesNo',
  `show_type` varchar(10) CHARACTER SET utf8mb4 COLLATE utf8mb4_bin DEFAULT 'Tabs' COMMENT 'Tabs Breadcrumb',
  `sort` int(11) DEFAULT '0' COMMENT '',
  `create_date` timestamp NULL DEFAULT CURRENT_TIMESTAMP COMMENT '',
  `create_by` varchar(64) CHARACTER SET utf8mb4 COLLATE utf8mb4_bin DEFAULT NULL COMMENT '',
  `update_date` timestamp NULL DEFAULT NULL ON UPDATE CURRENT_TIMESTAMP COMMENT '',
  `update_by` varchar(64) CHARACTER SET utf8mb4 COLLATE utf8mb4_bin DEFAULT NULL COMMENT '',
  `remark` varchar(255) CHARACTER SET utf8mb4 COLLATE utf8mb4_bin DEFAULT NULL COMMENT '',
  `delete_flag` varchar(10) CHARACTER SET utf8mb4 COLLATE utf8mb4_bin DEFAULT 'Used' COMMENT 'used disable delete',
  PRIMARY KEY (`id`)
) ENGINE=InnoDB DEFAULT CHARSET=utf8 COMMENT='';

-- ----------------------------
-- Records of sys_system
-- ----------------------------
INSERT INTO `sys_system` VALUES ('c63493fc99c8489294cbe839ce2071ac', '', 'md-cog', 'Yes', 'Yes', 'Yes', 'Breadcrumb', '1', '2019-01-09 11:19:50', '', '2019-01-25 14:10:19', 'admin', null, 'Used');
INSERT INTO `sys_system` VALUES ('d7065f3eba94409397f4d21f2692a8fa', '', 'logo-angular', 'Yes', 'No', 'Yes', 'Breadcrumb', '2', '2019-01-10 13:24:35', '', '2019-01-25 14:10:19', '', null, 'Used');
INSERT INTO `sys_system` VALUES ('e2c1a10b8799418f80b99545d7b83296', '', 'ios-briefcase', 'Yes', 'No', 'Yes', 'Tabs', '4', '2019-01-11 09:01:56', '', '2019-01-25 14:10:20', '', null, 'Used');
INSERT INTO `sys_system` VALUES ('fa904fdc7ce74970a45d731ed3ba2364', '', 'logo-playstation', 'Yes', 'No', 'Yes', 'Tabs', '3', '2019-01-11 09:01:28', '', '2019-01-25 14:10:21', 'admin', null, 'Used');

-- ----------------------------
-- Table structure for sys_task
-- ----------------------------
DROP TABLE IF EXISTS `sys_task`;
CREATE TABLE `sys_task` (
  `id` varchar(64) COLLATE utf8mb4_bin NOT NULL COMMENT 'ID',
  `name` varchar(255) COLLATE utf8mb4_bin DEFAULT NULL COMMENT '',
  `group` varchar(255) COLLATE utf8mb4_bin DEFAULT NULL COMMENT '',
  `rule` varchar(40) COLLATE utf8mb4_bin DEFAULT NULL COMMENT '',
  `status` varchar(10) COLLATE utf8mb4_bin DEFAULT NULL COMMENT ' Yes No',
  `class_name` varchar(255) COLLATE utf8mb4_bin DEFAULT NULL COMMENT '',
  `create_date` timestamp NULL DEFAULT CURRENT_TIMESTAMP COMMENT '',
  `create_by` varchar(64) COLLATE utf8mb4_bin DEFAULT NULL COMMENT '',
  `update_date` timestamp NULL DEFAULT NULL ON UPDATE CURRENT_TIMESTAMP COMMENT '',
  `update_by` varchar(64) COLLATE utf8mb4_bin DEFAULT NULL COMMENT '',
  `remark` varchar(255) COLLATE utf8mb4_bin DEFAULT NULL COMMENT '',
  `delete_flag` varchar(10) COLLATE utf8mb4_bin DEFAULT 'Used' COMMENT 'used disable delete',
  PRIMARY KEY (`id`)
) ENGINE=InnoDB DEFAULT CHARSET=utf8mb4 COLLATE=utf8mb4_bin COMMENT='';

-- ----------------------------
-- Records of sys_task
-- ----------------------------
INSERT INTO `sys_task` VALUES ('79eb74272c124cd388c659916711c9a2', '', 'sys_task_sys', '0 0 23 * * ?', 'No', 'com.wang.jmonkey.modules.sys.task.SysClearLogTask', '2019-01-25 15:31:09', null, '2019-01-25 15:51:54', null, null, 'Delete');
INSERT INTO `sys_task` VALUES ('99ef4a1cd212432898afae4793094aa1', '', 'sys_task_test', '0 */1 * * * ?', 'No', 'com.wang.jmonkey.modules.sys.task.SysTestTask', '2019-01-25 15:23:56', null, '2019-01-25 15:27:08', 'admin', null, 'Used');
INSERT INTO `sys_task` VALUES ('c9c5681b0d794e708d00a728e453ed8a', '', 'sys_task_sys', '0 0 23 * * ?', 'No', 'com.wang.jmonkey.modules.sys.task.SysClearLogTask', '2019-01-25 15:31:09', null, '2019-01-25 15:32:36', null, null, 'Used');

-- ----------------------------
-- Table structure for sys_user
-- ----------------------------
DROP TABLE IF EXISTS `sys_user`;
CREATE TABLE `sys_user` (
  `id` varchar(64) COLLATE utf8mb4_bin NOT NULL COMMENT 'ID',
  `username` varchar(64) COLLATE utf8mb4_bin NOT NULL COMMENT '',
  `password` varchar(255) COLLATE utf8mb4_bin NOT NULL,
  `phone` varchar(20) COLLATE utf8mb4_bin DEFAULT NULL COMMENT '',
  `real_name` varchar(64) COLLATE utf8mb4_bin DEFAULT NULL COMMENT '',
  `birthday` date DEFAULT NULL COMMENT '',
  `sex` varchar(20) COLLATE utf8mb4_bin DEFAULT NULL COMMENT ' man woman other',
  `photo` varchar(255) COLLATE utf8mb4_bin DEFAULT NULL COMMENT '',
  `create_date` timestamp NULL DEFAULT CURRENT_TIMESTAMP COMMENT '',
  `create_by` varchar(64) COLLATE utf8mb4_bin DEFAULT NULL COMMENT '',
  `update_date` timestamp NULL DEFAULT NULL ON UPDATE CURRENT_TIMESTAMP COMMENT '',
  `update_by` varchar(64) COLLATE utf8mb4_bin DEFAULT NULL COMMENT '',
  `remark` varchar(255) COLLATE utf8mb4_bin DEFAULT NULL COMMENT '',
  `delete_flag` varchar(10) COLLATE utf8mb4_bin DEFAULT 'Used' COMMENT 'used disable delete',
  PRIMARY KEY (`id`)
) ENGINE=InnoDB DEFAULT CHARSET=utf8mb4 COLLATE=utf8mb4_bin COMMENT='';

-- ----------------------------
-- Records of sys_user
-- ----------------------------
INSERT INTO `sys_user` VALUES ('1', 'admin', '$2a$10$2KkX8XQk5D0/eOhoOZX/cuTGDId.0qa7iu4s21bhe.lTcIC7QkqnW', '13888888888', '', '2019-01-09', 'Other', '', '2019-01-09 11:07:45', 'admin_test', '2019-01-10 08:43:40', 'admin_test', null, 'Used');
INSERT INTO `sys_user` VALUES ('237f91e6cd1245dbb585f585d3f3b75e', 'common7', '$2a$10$M7ibF/Meny/wfT6csrKBw.MNJ9SaIJb45IedWl5OTtd0qEGlEdFgC', '13333333333', 'common7', '2019-02-12', 'Man', null, '2019-02-01 14:36:22', 'admin', null, null, null, 'Used');
INSERT INTO `sys_user` VALUES ('23bae2f290a947ae86e1731dcd2d7988', 'common5', '$2a$10$7RPCB6LRJ9DlgUIWR84R3eCzjMRtQYxqer1sLsNl.dDqsFOp6ydZO', '13666666666', 'common5', '2019-02-07', 'Man', null, '2019-02-01 14:35:44', 'admin', null, null, null, 'Used');
INSERT INTO `sys_user` VALUES ('36f8103bf41c4098b72d28734c5fb2ed', 'common', '$2a$10$7y1IOxvikqw3RmYTsRkDA.lBcp9sPWvvG8zHkLDIFAd7h3qMRHqia', '13555555555', '', '2019-01-18', 'Man', '/assets/user/photo/d42fc8a314164c49808dc848e654139b_1234567890.jpg', '2019-01-17 10:20:25', 'admin_test', '2019-01-30 14:48:58', 'admin', null, 'Used');
INSERT INTO `sys_user` VALUES ('514122a8c3944f10b245399aafc8978d', 'common6', '$2a$10$JjB8SExZ/T3vFMVkjBRsQuP/ga2pOP9ldcDXaiE3x4e3dQqg/sGC2', '13333333333', 'common6', '2019-02-06', 'Man', null, '2019-02-01 14:36:03', 'admin', null, null, null, 'Used');
INSERT INTO `sys_user` VALUES ('5b0048391d5e497398d363cbad1a21eb', 'common3', '$2a$10$fXIqrzrSenIm.dCk3zSdaeFGQ0AMkC1IkEP8v0DrmReLA6ahfq5fq', '13888889999', 'common3', '2019-02-13', 'Man', null, '2019-02-01 14:35:03', 'admin', '2019-02-01 14:35:24', 'admin', null, 'Used');
INSERT INTO `sys_user` VALUES ('6e2d55ca9b604e01b17b03c4fd7821d0', 'common8', '$2a$10$QcRSLD49p3avg67OGvlSK.jOY1iZIVRHYeskvCp5eI0Mr2C9u85ve', '13333333333', 'common8', '2019-02-13', 'Man', null, '2019-02-01 14:36:38', 'admin', null, null, null, 'Used');
INSERT INTO `sys_user` VALUES ('94492b8bd0d74afb9c1af5c8fc36d57e', 'common1', '$2a$10$1Y.BV0PuHPyz06FRxOE1J.AfZmZcso9MswvP7AUlOWyBaZwuFnc16', '13333333333', 'common1', '2019-01-25', 'Man', null, '2019-01-22 13:32:51', null, null, null, null, 'Used');
INSERT INTO `sys_user` VALUES ('94d8f27841bf40fb942c8d865ba0e002', 'common4', '$2a$10$OVoglXKNQzkQLwI8CCdpAu3WFH8m353e2A36ncHaVx4OD7GJ90bcm', '13555555555', 'common4', '2019-02-06', 'Man', null, '2019-02-01 14:35:19', 'admin', null, null, null, 'Used');
INSERT INTO `sys_user` VALUES ('d78b19eecc524d5a8ee39126471a92dd', 'common9', '$2a$10$6dyAm/ue2A2MTJ2tp6MxJOjRq.hYAvNsOhDfEAdXCpH3KIlyP0hKC', '13333333333', 'common9', '2019-02-22', 'Man', null, '2019-02-01 14:37:00', 'admin', null, null, null, 'Used');
INSERT INTO `sys_user` VALUES ('d8c3368d55d8414cab00bafb5d733aca', 'common2', '$2a$10$9D9Mq5nj7ssoytVNJJrB.OvZZuM.xIqwPC64D6fFwQpvK78phhtsS', '13888888888', 'common2', '2019-01-28', 'Man', null, '2019-01-28 17:06:22', null, null, null, null, 'Used');

-- ----------------------------
-- Table structure for sys_user_dept
-- ----------------------------
DROP TABLE IF EXISTS `sys_user_dept`;
CREATE TABLE `sys_user_dept` (
  `user_id` varchar(64) NOT NULL COMMENT 'ID',
  `dept_id` varchar(64) NOT NULL COMMENT 'ID',
  `create_date` timestamp NULL DEFAULT CURRENT_TIMESTAMP COMMENT '',
  `create_by` varchar(64) CHARACTER SET utf8mb4 COLLATE utf8mb4_bin DEFAULT NULL COMMENT '',
  `update_date` timestamp NULL DEFAULT NULL ON UPDATE CURRENT_TIMESTAMP COMMENT '',
  `update_by` varchar(64) CHARACTER SET utf8mb4 COLLATE utf8mb4_bin DEFAULT NULL COMMENT '',
  `remark` varchar(255) CHARACTER SET utf8mb4 COLLATE utf8mb4_bin DEFAULT NULL COMMENT '',
  `delete_flag` varchar(10) CHARACTER SET utf8mb4 COLLATE utf8mb4_bin DEFAULT 'Used' COMMENT 'used disable delete',
  PRIMARY KEY (`user_id`,`dept_id`)
) ENGINE=InnoDB DEFAULT CHARSET=utf8 COMMENT='';

-- ----------------------------
-- Records of sys_user_dept
-- ----------------------------
INSERT INTO `sys_user_dept` VALUES ('1', '50f2a61a8321423aa6534d36aa2dafb6', '2019-01-11 19:06:38', null, null, null, null, 'Used');
INSERT INTO `sys_user_dept` VALUES ('237f91e6cd1245dbb585f585d3f3b75e', '212b1467fb53491a9b80f7f689d4f435', '2019-02-01 14:36:22', 'admin', null, null, null, 'Used');
INSERT INTO `sys_user_dept` VALUES ('23bae2f290a947ae86e1731dcd2d7988', 'a35e5084e51e486e96615eba477ce68f', '2019-02-01 14:35:44', 'admin', null, null, null, 'Used');
INSERT INTO `sys_user_dept` VALUES ('36f8103bf41c4098b72d28734c5fb2ed', 'cfdfef67079e45139125c91c7e016e8a', '2019-01-30 14:48:58', 'admin', null, null, null, 'Used');
INSERT INTO `sys_user_dept` VALUES ('514122a8c3944f10b245399aafc8978d', '5020de4a820c4be1bef0144836b26544', '2019-02-01 14:36:03', 'admin', null, null, null, 'Used');
INSERT INTO `sys_user_dept` VALUES ('5b0048391d5e497398d363cbad1a21eb', '212b1467fb53491a9b80f7f689d4f435', '2019-02-01 14:35:24', 'admin', null, null, null, 'Used');
INSERT INTO `sys_user_dept` VALUES ('6e2d55ca9b604e01b17b03c4fd7821d0', '212b1467fb53491a9b80f7f689d4f435', '2019-02-01 14:36:38', 'admin', null, null, null, 'Used');
INSERT INTO `sys_user_dept` VALUES ('94492b8bd0d74afb9c1af5c8fc36d57e', '7b5b0cc6c5b8467891c46dc945b0ef12', '2019-01-22 13:32:51', null, null, null, null, 'Used');
INSERT INTO `sys_user_dept` VALUES ('94d8f27841bf40fb942c8d865ba0e002', '7b5b0cc6c5b8467891c46dc945b0ef12', '2019-02-01 14:35:19', 'admin', null, null, null, 'Used');
INSERT INTO `sys_user_dept` VALUES ('d78b19eecc524d5a8ee39126471a92dd', '7b5b0cc6c5b8467891c46dc945b0ef12', '2019-02-01 14:37:00', 'admin', null, null, null, 'Used');
INSERT INTO `sys_user_dept` VALUES ('d8c3368d55d8414cab00bafb5d733aca', 'cfdfef67079e45139125c91c7e016e8a', '2019-01-28 17:06:22', null, null, null, null, 'Used');

-- ----------------------------
-- Table structure for sys_user_role
-- ----------------------------
DROP TABLE IF EXISTS `sys_user_role`;
CREATE TABLE `sys_user_role` (
  `user_id` varchar(64) NOT NULL COMMENT 'ID',
  `role_id` varchar(64) NOT NULL COMMENT 'ID',
  `create_date` timestamp NULL DEFAULT CURRENT_TIMESTAMP COMMENT '',
  `create_by` varchar(64) CHARACTER SET utf8mb4 COLLATE utf8mb4_bin DEFAULT NULL COMMENT '',
  `update_date` timestamp NULL DEFAULT NULL ON UPDATE CURRENT_TIMESTAMP COMMENT '',
  `update_by` varchar(64) CHARACTER SET utf8mb4 COLLATE utf8mb4_bin DEFAULT NULL COMMENT '',
  `remark` varchar(255) CHARACTER SET utf8mb4 COLLATE utf8mb4_bin DEFAULT NULL COMMENT '',
  `delete_flag` varchar(10) CHARACTER SET utf8mb4 COLLATE utf8mb4_bin DEFAULT 'Used' COMMENT 'used disable delete',
  PRIMARY KEY (`user_id`,`role_id`)
) ENGINE=InnoDB DEFAULT CHARSET=utf8 COMMENT='';

-- ----------------------------
-- Records of sys_user_role
-- ----------------------------
INSERT INTO `sys_user_role` VALUES ('1', '1', '2019-01-11 19:06:38', null, null, null, null, 'Used');
INSERT INTO `sys_user_role` VALUES ('237f91e6cd1245dbb585f585d3f3b75e', 'b5270709547143e5afb16c1f5c61ce95', '2019-02-01 14:36:22', 'admin', null, null, null, 'Used');
INSERT INTO `sys_user_role` VALUES ('23bae2f290a947ae86e1731dcd2d7988', 'b5270709547143e5afb16c1f5c61ce95', '2019-02-01 14:35:44', 'admin', null, null, null, 'Used');
INSERT INTO `sys_user_role` VALUES ('36f8103bf41c4098b72d28734c5fb2ed', 'b5270709547143e5afb16c1f5c61ce95', '2019-01-30 14:48:58', 'admin', null, null, null, 'Used');
INSERT INTO `sys_user_role` VALUES ('514122a8c3944f10b245399aafc8978d', 'b5270709547143e5afb16c1f5c61ce95', '2019-02-01 14:36:03', 'admin', null, null, null, 'Used');
INSERT INTO `sys_user_role` VALUES ('5b0048391d5e497398d363cbad1a21eb', 'b5270709547143e5afb16c1f5c61ce95', '2019-02-01 14:35:24', 'admin', null, null, null, 'Used');
INSERT INTO `sys_user_role` VALUES ('6e2d55ca9b604e01b17b03c4fd7821d0', 'b5270709547143e5afb16c1f5c61ce95', '2019-02-01 14:36:38', 'admin', null, null, null, 'Used');
INSERT INTO `sys_user_role` VALUES ('94492b8bd0d74afb9c1af5c8fc36d57e', 'b5270709547143e5afb16c1f5c61ce95', '2019-01-22 13:32:51', null, null, null, null, 'Used');
INSERT INTO `sys_user_role` VALUES ('94d8f27841bf40fb942c8d865ba0e002', 'b5270709547143e5afb16c1f5c61ce95', '2019-02-01 14:35:19', 'admin', null, null, null, 'Used');
INSERT INTO `sys_user_role` VALUES ('d78b19eecc524d5a8ee39126471a92dd', 'b5270709547143e5afb16c1f5c61ce95', '2019-02-01 14:37:00', 'admin', null, null, null, 'Used');
INSERT INTO `sys_user_role` VALUES ('d78b19eecc524d5a8ee39126471a92dd', 'd68fd78cb816477ea948734124de9eb6', '2019-02-01 14:37:00', 'admin', null, null, null, 'Used');
INSERT INTO `sys_user_role` VALUES ('d8c3368d55d8414cab00bafb5d733aca', 'd68fd78cb816477ea948734124de9eb6', '2019-01-28 17:06:22', null, null, null, null, 'Used');

-- ----------------------------
-- Table structure for test_mb
-- ----------------------------
DROP TABLE IF EXISTS `test_mb`;
CREATE TABLE `test_mb` (
  `id` varchar(64) COLLATE utf8mb4_bin NOT NULL COMMENT 'ID',
  `username` varchar(64) COLLATE utf8mb4_bin NOT NULL COMMENT '',
  `password` varchar(255) COLLATE utf8mb4_bin NOT NULL,
  `create_date` timestamp NULL DEFAULT CURRENT_TIMESTAMP COMMENT '',
  `create_by` varchar(64) COLLATE utf8mb4_bin DEFAULT NULL COMMENT '',
  `update_date` timestamp NULL DEFAULT NULL ON UPDATE CURRENT_TIMESTAMP COMMENT '',
  `update_by` varchar(64) COLLATE utf8mb4_bin DEFAULT NULL COMMENT '',
  `remark` varchar(255) COLLATE utf8mb4_bin DEFAULT NULL COMMENT '',
  `delete_flag` varchar(10) COLLATE utf8mb4_bin DEFAULT 'Used' COMMENT 'used disable delete',
  `b` tinyint(1) DEFAULT NULL,
  PRIMARY KEY (`id`)
) ENGINE=InnoDB DEFAULT CHARSET=utf8mb4 COLLATE=utf8mb4_bin COMMENT='mybatis ';

-- ----------------------------
-- Records of test_mb
-- ----------------------------
INSERT INTO `test_mb` VALUES ('dd44edee2c1c4f4f81fd35ab9357327a', 'update', '123', '2018-11-09 11:25:36', 'admin_test', '2018-12-08 10:04:38', 'admin_test', null, 'Delete', '1');

-- ----------------------------
-- View structure for sys_log
-- ----------------------------
DROP VIEW IF EXISTS `sys_log`;
CREATE ALGORITHM=UNDEFINED DEFINER=`root`@`localhost` SQL SECURITY DEFINER VIEW `sys_log` AS select `sys_log_0`.`id` AS `id`,`sys_log_0`.`user_name` AS `user_name`,`sys_log_0`.`ip` AS `ip`,`sys_log_0`.`url` AS `url`,`sys_log_0`.`http_method` AS `http_method`,`sys_log_0`.`class_method` AS `class_method`,`sys_log_0`.`param` AS `param`,`sys_log_0`.`handle_length` AS `handle_length`,`sys_log_0`.`create_date` AS `create_date`,`sys_log_0`.`create_by` AS `create_by`,`sys_log_0`.`update_date` AS `update_date`,`sys_log_0`.`update_by` AS `update_by`,`sys_log_0`.`remark` AS `remark`,`sys_log_0`.`delete_flag` AS `delete_flag` from `sys_log_0` union all select `sys_log_1`.`id` AS `id`,`sys_log_1`.`user_name` AS `user_name`,`sys_log_1`.`ip` AS `ip`,`sys_log_1`.`url` AS `url`,`sys_log_1`.`http_method` AS `http_method`,`sys_log_1`.`class_method` AS `class_method`,`sys_log_1`.`param` AS `param`,`sys_log_1`.`handle_length` AS `handle_length`,`sys_log_1`.`create_date` AS `create_date`,`sys_log_1`.`create_by` AS `create_by`,`sys_log_1`.`update_date` AS `update_date`,`sys_log_1`.`update_by` AS `update_by`,`sys_log_1`.`remark` AS `remark`,`sys_log_1`.`delete_flag` AS `delete_flag` from `sys_log_1` union all select `sys_log_2`.`id` AS `id`,`sys_log_2`.`user_name` AS `user_name`,`sys_log_2`.`ip` AS `ip`,`sys_log_2`.`url` AS `url`,`sys_log_2`.`http_method` AS `http_method`,`sys_log_2`.`class_method` AS `class_method`,`sys_log_2`.`param` AS `param`,`sys_log_2`.`handle_length` AS `handle_length`,`sys_log_2`.`create_date` AS `create_date`,`sys_log_2`.`create_by` AS `create_by`,`sys_log_2`.`update_date` AS `update_date`,`sys_log_2`.`update_by` AS `update_by`,`sys_log_2`.`remark` AS `remark`,`sys_log_2`.`delete_flag` AS `delete_flag` from `sys_log_2` union all select `sys_log_3`.`id` AS `id`,`sys_log_3`.`user_name` AS `user_name`,`sys_log_3`.`ip` AS `ip`,`sys_log_3`.`url` AS `url`,`sys_log_3`.`http_method` AS `http_method`,`sys_log_3`.`class_method` AS `class_method`,`sys_log_3`.`param` AS `param`,`sys_log_3`.`handle_length` AS `handle_length`,`sys_log_3`.`create_date` AS `create_date`,`sys_log_3`.`create_by` AS `create_by`,`sys_log_3`.`update_date` AS `update_date`,`sys_log_3`.`update_by` AS `update_by`,`sys_log_3`.`remark` AS `remark`,`sys_log_3`.`delete_flag` AS `delete_flag` from `sys_log_3` union all select `sys_log_4`.`id` AS `id`,`sys_log_4`.`user_name` AS `user_name`,`sys_log_4`.`ip` AS `ip`,`sys_log_4`.`url` AS `url`,`sys_log_4`.`http_method` AS `http_method`,`sys_log_4`.`class_method` AS `class_method`,`sys_log_4`.`param` AS `param`,`sys_log_4`.`handle_length` AS `handle_length`,`sys_log_4`.`create_date` AS `create_date`,`sys_log_4`.`create_by` AS `create_by`,`sys_log_4`.`update_date` AS `update_date`,`sys_log_4`.`update_by` AS `update_by`,`sys_log_4`.`remark` AS `remark`,`sys_log_4`.`delete_flag` AS `delete_flag` from `sys_log_4` union all select `sys_log_5`.`id` AS `id`,`sys_log_5`.`user_name` AS `user_name`,`sys_log_5`.`ip` AS `ip`,`sys_log_5`.`url` AS `url`,`sys_log_5`.`http_method` AS `http_method`,`sys_log_5`.`class_method` AS `class_method`,`sys_log_5`.`param` AS `param`,`sys_log_5`.`handle_length` AS `handle_length`,`sys_log_5`.`create_date` AS `create_date`,`sys_log_5`.`create_by` AS `create_by`,`sys_log_5`.`update_date` AS `update_date`,`sys_log_5`.`update_by` AS `update_by`,`sys_log_5`.`remark` AS `remark`,`sys_log_5`.`delete_flag` AS `delete_flag` from `sys_log_5` union all select `sys_log_6`.`id` AS `id`,`sys_log_6`.`user_name` AS `user_name`,`sys_log_6`.`ip` AS `ip`,`sys_log_6`.`url` AS `url`,`sys_log_6`.`http_method` AS `http_method`,`sys_log_6`.`class_method` AS `class_method`,`sys_log_6`.`param` AS `param`,`sys_log_6`.`handle_length` AS `handle_length`,`sys_log_6`.`create_date` AS `create_date`,`sys_log_6`.`create_by` AS `create_by`,`sys_log_6`.`update_date` AS `update_date`,`sys_log_6`.`update_by` AS `update_by`,`sys_log_6`.`remark` AS `remark`,`sys_log_6`.`delete_flag` AS `delete_flag` from `sys_log_6` union all select `sys_log_7`.`id` AS `id`,`sys_log_7`.`user_name` AS `user_name`,`sys_log_7`.`ip` AS `ip`,`sys_log_7`.`url` AS `url`,`sys_log_7`.`http_method` AS `http_method`,`sys_log_7`.`class_method` AS `class_method`,`sys_log_7`.`param` AS `param`,`sys_log_7`.`handle_length` AS `handle_length`,`sys_log_7`.`create_date` AS `create_date`,`sys_log_7`.`create_by` AS `create_by`,`sys_log_7`.`update_date` AS `update_date`,`sys_log_7`.`update_by` AS `update_by`,`sys_log_7`.`remark` AS `remark`,`sys_log_7`.`delete_flag` AS `delete_flag` from `sys_log_7` union all select `sys_log_8`.`id` AS `id`,`sys_log_8`.`user_name` AS `user_name`,`sys_log_8`.`ip` AS `ip`,`sys_log_8`.`url` AS `url`,`sys_log_8`.`http_method` AS `http_method`,`sys_log_8`.`class_method` AS `class_method`,`sys_log_8`.`param` AS `param`,`sys_log_8`.`handle_length` AS `handle_length`,`sys_log_8`.`create_date` AS `create_date`,`sys_log_8`.`create_by` AS `create_by`,`sys_log_8`.`update_date` AS `update_date`,`sys_log_8`.`update_by` AS `update_by`,`sys_log_8`.`remark` AS `remark`,`sys_log_8`.`delete_flag` AS `delete_flag` from `sys_log_8` union all select `sys_log_9`.`id` AS `id`,`sys_log_9`.`user_name` AS `user_name`,`sys_log_9`.`ip` AS `ip`,`sys_log_9`.`url` AS `url`,`sys_log_9`.`http_method` AS `http_method`,`sys_log_9`.`class_method` AS `class_method`,`sys_log_9`.`param` AS `param`,`sys_log_9`.`handle_length` AS `handle_length`,`sys_log_9`.`create_date` AS `create_date`,`sys_log_9`.`create_by` AS `create_by`,`sys_log_9`.`update_date` AS `update_date`,`sys_log_9`.`update_by` AS `update_by`,`sys_log_9`.`remark` AS `remark`,`sys_log_9`.`delete_flag` AS `delete_flag` from `sys_log_9` ;
