/*
Navicat MySQL Data Transfer

Source Server         : localhost
Source Server Version : 50721
Source Host           : localhost:3306
Source Database       : j_monkey

Target Server Type    : MYSQL
Target Server Version : 50721
File Encoding         : 65001

Date: 2019-04-23 15:48:55
*/

SET FOREIGN_KEY_CHECKS=0;

-- ----------------------------
-- Table structure for act_evt_log
-- ----------------------------
DROP TABLE IF EXISTS `act_evt_log`;
CREATE TABLE `act_evt_log` (
  `LOG_NR_` bigint(20) NOT NULL AUTO_INCREMENT,
  `TYPE_` varchar(64) COLLATE utf8_bin DEFAULT NULL,
  `PROC_DEF_ID_` varchar(64) COLLATE utf8_bin DEFAULT NULL,
  `PROC_INST_ID_` varchar(64) COLLATE utf8_bin DEFAULT NULL,
  `EXECUTION_ID_` varchar(64) COLLATE utf8_bin DEFAULT NULL,
  `TASK_ID_` varchar(64) COLLATE utf8_bin DEFAULT NULL,
  `TIME_STAMP_` timestamp(3) NOT NULL DEFAULT CURRENT_TIMESTAMP(3) ON UPDATE CURRENT_TIMESTAMP(3),
  `USER_ID_` varchar(255) COLLATE utf8_bin DEFAULT NULL,
  `DATA_` longblob,
  `LOCK_OWNER_` varchar(255) COLLATE utf8_bin DEFAULT NULL,
  `LOCK_TIME_` timestamp(3) NULL DEFAULT NULL,
  `IS_PROCESSED_` tinyint(4) DEFAULT '0',
  PRIMARY KEY (`LOG_NR_`)
) ENGINE=InnoDB DEFAULT CHARSET=utf8 COLLATE=utf8_bin;

-- ----------------------------
-- Records of act_evt_log
-- ----------------------------

-- ----------------------------
-- Table structure for act_ge_bytearray
-- ----------------------------
DROP TABLE IF EXISTS `act_ge_bytearray`;
CREATE TABLE `act_ge_bytearray` (
  `ID_` varchar(64) COLLATE utf8_bin NOT NULL,
  `REV_` int(11) DEFAULT NULL,
  `NAME_` varchar(255) COLLATE utf8_bin DEFAULT NULL,
  `DEPLOYMENT_ID_` varchar(64) COLLATE utf8_bin DEFAULT NULL,
  `BYTES_` longblob,
  `GENERATED_` tinyint(4) DEFAULT NULL,
  PRIMARY KEY (`ID_`),
  KEY `ACT_FK_BYTEARR_DEPL` (`DEPLOYMENT_ID_`),
  CONSTRAINT `ACT_FK_BYTEARR_DEPL` FOREIGN KEY (`DEPLOYMENT_ID_`) REFERENCES `act_re_deployment` (`ID_`)
) ENGINE=InnoDB DEFAULT CHARSET=utf8 COLLATE=utf8_bin;

-- ----------------------------
-- Records of act_ge_bytearray
-- ----------------------------
INSERT INTO `act_ge_bytearray` VALUES ('22502', '1', 'D:\\WorkSpace\\JMonkey2.0\\target\\classes\\processes\\message-publish.bpmn', '22501', 0x3C3F786D6C2076657273696F6E3D22312E302220656E636F64696E673D225554462D3822207374616E64616C6F6E653D22796573223F3E0D0A3C646566696E6974696F6E7320786D6C6E733D22687474703A2F2F7777772E6F6D672E6F72672F737065632F42504D4E2F32303130303532342F4D4F44454C2220786D6C6E733A61637469766974693D22687474703A2F2F61637469766974692E6F72672F62706D6E2220786D6C6E733A62706D6E64693D22687474703A2F2F7777772E6F6D672E6F72672F737065632F42504D4E2F32303130303532342F44492220786D6C6E733A6F6D6764633D22687474703A2F2F7777772E6F6D672E6F72672F737065632F44442F32303130303532342F44432220786D6C6E733A6F6D6764693D22687474703A2F2F7777772E6F6D672E6F72672F737065632F44442F32303130303532342F44492220786D6C6E733A746E733D22687474703A2F2F7777772E61637469766974692E6F72672F746573742220786D6C6E733A7873643D22687474703A2F2F7777772E77332E6F72672F323030312F584D4C536368656D612220786D6C6E733A7873693D22687474703A2F2F7777772E77332E6F72672F323030312F584D4C536368656D612D696E7374616E6365222065787072657373696F6E4C616E67756167653D22687474703A2F2F7777772E77332E6F72672F313939392F5850617468222069643D226D3135343939333637323633373222206E616D653D2222207461726765744E616D6573706163653D22687474703A2F2F7777772E61637469766974692E6F72672F746573742220747970654C616E67756167653D22687474703A2F2F7777772E77332E6F72672F323030312F584D4C536368656D61223E0D0A20203C70726F636573732069643D226D6573736167655075626C69736822206973436C6F7365643D2266616C73652220697345786563757461626C653D227472756522206E616D653D22E6B688E681AFE58F91E5B883E6B581E7A88B222070726F63657373547970653D224E6F6E65223E0D0A202020203C73746172744576656E742061637469766974693A696E69746961746F723D22247B7075626C6973685573657249647D222069643D2273746172745075626C69736822206E616D653D22E5BC80E5A78BE58F91E5B883222F3E0D0A202020203C757365725461736B2061637469766974693A6578636C75736976653D2274727565222069643D227075626C69736822206E616D653D22E9878DE696B0E58F91E5B883222F3E0D0A202020203C6578636C7573697665476174657761792067617465776179446972656374696F6E3D22556E737065636966696564222069643D226973417564697422206E616D653D22E698AFE590A6E99C80E8A681E5AEA1E6A0B8222F3E0D0A202020203C73657175656E6365466C6F772069643D225F322220736F757263655265663D227075626C69736822207461726765745265663D2269734175646974222F3E0D0A202020203C656E644576656E742069643D22656E645075626C69736822206E616D653D22E58F91E5B883E68890E58A9F222F3E0D0A202020203C73657175656E6365466C6F772069643D225F3622206E616D653D22E590A62220736F757263655265663D226973417564697422207461726765745265663D22656E645075626C697368223E0D0A2020202020203C636F6E646974696F6E45787072657373696F6E207873693A747970653D2274466F726D616C45787072657373696F6E223E3C215B43444154415B247B697341756469743D3D2766616C7365277D5D5D3E3C2F636F6E646974696F6E45787072657373696F6E3E0D0A202020203C2F73657175656E6365466C6F773E0D0A202020203C757365725461736B2061637469766974693A61737369676E65653D22247B61756469745573657249647D222061637469766974693A6578636C75736976653D2274727565222069643D2261756469744D65737361676522206E616D653D22E6ADA3E59CA8E5AEA1E6A0B8222F3E0D0A202020203C73657175656E6365466C6F772069643D225F3822206E616D653D22E698AF2220736F757263655265663D226973417564697422207461726765745265663D2261756469744D657373616765223E0D0A2020202020203C636F6E646974696F6E45787072657373696F6E207873693A747970653D2274466F726D616C45787072657373696F6E223E3C215B43444154415B247B697341756469743D3D2774727565277D5D5D3E3C2F636F6E646974696F6E45787072657373696F6E3E0D0A202020203C2F73657175656E6365466C6F773E0D0A202020203C6578636C7573697665476174657761792067617465776179446972656374696F6E3D22556E737065636966696564222069643D226175646974537461746522206E616D653D22E698AFE590A6E5AEA1E6A0B8E9809AE8BF87222F3E0D0A202020203C73657175656E6365466C6F772069643D225F31302220736F757263655265663D2261756469744D65737361676522207461726765745265663D2261756469745374617465222F3E0D0A202020203C73657175656E6365466C6F772069643D225F313122206E616D653D22E5AEA1E6A0B8E69CAAE9809AE8BF87EFBC8CE4BFAEE694B9E5908EE9878DE696B0E58F91E5B8832220736F757263655265663D226175646974537461746522207461726765745265663D227075626C697368223E0D0A2020202020203C636F6E646974696F6E45787072657373696F6E207873693A747970653D2274466F726D616C45787072657373696F6E223E3C215B43444154415B247B73746174653D3D274E6F277D5D5D3E3C2F636F6E646974696F6E45787072657373696F6E3E0D0A202020203C2F73657175656E6365466C6F773E0D0A202020203C73657175656E6365466C6F772069643D225F313222206E616D653D22E5AEA1E6A0B8E9809AE8BF872220736F757263655265663D226175646974537461746522207461726765745265663D22656E645075626C697368223E0D0A2020202020203C636F6E646974696F6E45787072657373696F6E207873693A747970653D2274466F726D616C45787072657373696F6E223E3C215B43444154415B247B73746174653D3D27596573277D5D5D3E3C2F636F6E646974696F6E45787072657373696F6E3E0D0A202020203C2F73657175656E6365466C6F773E0D0A202020203C73657175656E6365466C6F772069643D225F332220736F757263655265663D2273746172745075626C69736822207461726765745265663D2269734175646974222F3E0D0A20203C2F70726F636573733E0D0A20203C62706D6E64693A42504D4E4469616772616D20646F63756D656E746174696F6E3D226261636B67726F756E643D233343334634313B636F756E743D313B686F72697A6F6E74616C636F756E743D313B6F7269656E746174696F6E3D303B77696474683D3834322E343B6865696768743D313139352E323B696D61676561626C6557696474683D3833322E343B696D61676561626C654865696768743D313138352E323B696D61676561626C65583D352E303B696D61676561626C65593D352E30222069643D224469616772616D2D5F3122206E616D653D224E6577204469616772616D223E0D0A202020203C62706D6E64693A42504D4E506C616E652062706D6E456C656D656E743D226D6573736167655075626C697368223E0D0A2020202020203C62706D6E64693A42504D4E53686170652062706D6E456C656D656E743D2273746172745075626C697368222069643D2253686170652D73746172745075626C697368223E0D0A20202020202020203C6F6D6764633A426F756E6473206865696768743D2233322E30222077696474683D2233322E302220783D223337302E302220793D222D352E30222F3E0D0A20202020202020203C62706D6E64693A42504D4E4C6162656C3E0D0A202020202020202020203C6F6D6764633A426F756E6473206865696768743D2233322E30222077696474683D2233322E302220783D22302E302220793D22302E30222F3E0D0A20202020202020203C2F62706D6E64693A42504D4E4C6162656C3E0D0A2020202020203C2F62706D6E64693A42504D4E53686170653E0D0A2020202020203C62706D6E64693A42504D4E53686170652062706D6E456C656D656E743D227075626C697368222069643D2253686170652D7075626C697368223E0D0A20202020202020203C6F6D6764633A426F756E6473206865696768743D2235352E30222077696474683D223130352E302220783D223135352E302220793D2237352E30222F3E0D0A20202020202020203C62706D6E64693A42504D4E4C6162656C3E0D0A202020202020202020203C6F6D6764633A426F756E6473206865696768743D2235352E30222077696474683D223130352E302220783D22302E302220793D22302E30222F3E0D0A20202020202020203C2F62706D6E64693A42504D4E4C6162656C3E0D0A2020202020203C2F62706D6E64693A42504D4E53686170653E0D0A2020202020203C62706D6E64693A42504D4E53686170652062706D6E456C656D656E743D2269734175646974222069643D2253686170652D69734175646974222069734D61726B657256697369626C653D2266616C7365223E0D0A20202020202020203C6F6D6764633A426F756E6473206865696768743D2233322E30222077696474683D2233322E302220783D223337302E302220793D2238352E30222F3E0D0A20202020202020203C62706D6E64693A42504D4E4C6162656C3E0D0A202020202020202020203C6F6D6764633A426F756E6473206865696768743D2233322E30222077696474683D2233322E302220783D22302E302220793D22302E30222F3E0D0A20202020202020203C2F62706D6E64693A42504D4E4C6162656C3E0D0A2020202020203C2F62706D6E64693A42504D4E53686170653E0D0A2020202020203C62706D6E64693A42504D4E53686170652062706D6E456C656D656E743D22656E645075626C697368222069643D2253686170652D656E645075626C697368223E0D0A20202020202020203C6F6D6764633A426F756E6473206865696768743D2233322E30222077696474683D2233322E302220783D223537352E302220793D2238352E30222F3E0D0A20202020202020203C62706D6E64693A42504D4E4C6162656C3E0D0A202020202020202020203C6F6D6764633A426F756E6473206865696768743D2233322E30222077696474683D2233322E302220783D22302E302220793D22302E30222F3E0D0A20202020202020203C2F62706D6E64693A42504D4E4C6162656C3E0D0A2020202020203C2F62706D6E64693A42504D4E53686170653E0D0A2020202020203C62706D6E64693A42504D4E53686170652062706D6E456C656D656E743D2261756469744D657373616765222069643D2253686170652D61756469744D657373616765223E0D0A20202020202020203C6F6D6764633A426F756E6473206865696768743D2235352E30222077696474683D2238352E302220783D223334352E302220793D223234352E30222F3E0D0A20202020202020203C62706D6E64693A42504D4E4C6162656C3E0D0A202020202020202020203C6F6D6764633A426F756E6473206865696768743D2235352E30222077696474683D2238352E302220783D22302E302220793D22302E30222F3E0D0A20202020202020203C2F62706D6E64693A42504D4E4C6162656C3E0D0A2020202020203C2F62706D6E64693A42504D4E53686170653E0D0A2020202020203C62706D6E64693A42504D4E53686170652062706D6E456C656D656E743D2261756469745374617465222069643D2253686170652D61756469745374617465222069734D61726B657256697369626C653D2266616C7365223E0D0A20202020202020203C6F6D6764633A426F756E6473206865696768743D2233322E30222077696474683D2233322E302220783D223337302E302220793D223337302E30222F3E0D0A20202020202020203C62706D6E64693A42504D4E4C6162656C3E0D0A202020202020202020203C6F6D6764633A426F756E6473206865696768743D2233322E30222077696474683D2233322E302220783D22302E302220793D22302E30222F3E0D0A20202020202020203C2F62706D6E64693A42504D4E4C6162656C3E0D0A2020202020203C2F62706D6E64693A42504D4E53686170653E0D0A2020202020203C62706D6E64693A42504D4E456467652062706D6E456C656D656E743D225F3132222069643D2242504D4E456467655F5F31322220736F75726365456C656D656E743D22617564697453746174652220746172676574456C656D656E743D22656E645075626C697368223E0D0A20202020202020203C6F6D6764693A776179706F696E7420783D223430322E302220793D223338362E30222F3E0D0A20202020202020203C6F6D6764693A776179706F696E7420783D223539302E302220793D223230352E30222F3E0D0A20202020202020203C6F6D6764693A776179706F696E7420783D223539302E302220793D223131362E3936383731393432323637313331222F3E0D0A20202020202020203C62706D6E64693A42504D4E4C6162656C3E0D0A202020202020202020203C6F6D6764633A426F756E6473206865696768743D22302E30222077696474683D22302E302220783D22302E302220793D22302E30222F3E0D0A20202020202020203C2F62706D6E64693A42504D4E4C6162656C3E0D0A2020202020203C2F62706D6E64693A42504D4E456467653E0D0A2020202020203C62706D6E64693A42504D4E456467652062706D6E456C656D656E743D225F32222069643D2242504D4E456467655F5F322220736F75726365456C656D656E743D227075626C6973682220746172676574456C656D656E743D2269734175646974223E0D0A20202020202020203C6F6D6764693A776179706F696E7420783D223236302E302220793D223130302E30222F3E0D0A20202020202020203C6F6D6764693A776179706F696E7420783D223331302E302220793D223130302E30222F3E0D0A20202020202020203C6F6D6764693A776179706F696E7420783D223337312E302220793D223130302E30222F3E0D0A20202020202020203C62706D6E64693A42504D4E4C6162656C3E0D0A202020202020202020203C6F6D6764633A426F756E6473206865696768743D22302E30222077696474683D22302E302220783D22302E302220793D22302E30222F3E0D0A20202020202020203C2F62706D6E64693A42504D4E4C6162656C3E0D0A2020202020203C2F62706D6E64693A42504D4E456467653E0D0A2020202020203C62706D6E64693A42504D4E456467652062706D6E456C656D656E743D225F33222069643D2242504D4E456467655F5F332220736F75726365456C656D656E743D2273746172745075626C6973682220746172676574456C656D656E743D2269734175646974223E0D0A20202020202020203C6F6D6764693A776179706F696E7420783D223338362E302220793D2232372E30222F3E0D0A20202020202020203C6F6D6764693A776179706F696E7420783D223338362E302220793D2238352E30222F3E0D0A20202020202020203C62706D6E64693A42504D4E4C6162656C3E0D0A202020202020202020203C6F6D6764633A426F756E6473206865696768743D22302E30222077696474683D22302E302220783D22302E302220793D22302E30222F3E0D0A20202020202020203C2F62706D6E64693A42504D4E4C6162656C3E0D0A2020202020203C2F62706D6E64693A42504D4E456467653E0D0A2020202020203C62706D6E64693A42504D4E456467652062706D6E456C656D656E743D225F36222069643D2242504D4E456467655F5F362220736F75726365456C656D656E743D22697341756469742220746172676574456C656D656E743D22656E645075626C697368223E0D0A20202020202020203C6F6D6764693A776179706F696E7420783D223430322E302220793D223130312E30222F3E0D0A20202020202020203C6F6D6764693A776179706F696E7420783D223537352E302220793D223130312E30222F3E0D0A20202020202020203C62706D6E64693A42504D4E4C6162656C3E0D0A202020202020202020203C6F6D6764633A426F756E6473206865696768743D22302E30222077696474683D22302E302220783D22302E302220793D22302E30222F3E0D0A20202020202020203C2F62706D6E64693A42504D4E4C6162656C3E0D0A2020202020203C2F62706D6E64693A42504D4E456467653E0D0A2020202020203C62706D6E64693A42504D4E456467652062706D6E456C656D656E743D225F38222069643D2242504D4E456467655F5F382220736F75726365456C656D656E743D22697341756469742220746172676574456C656D656E743D2261756469744D657373616765223E0D0A20202020202020203C6F6D6764693A776179706F696E7420783D223338362E302220793D223131372E30222F3E0D0A20202020202020203C6F6D6764693A776179706F696E7420783D223338362E302220793D223234352E30222F3E0D0A20202020202020203C62706D6E64693A42504D4E4C6162656C3E0D0A202020202020202020203C6F6D6764633A426F756E6473206865696768743D22302E30222077696474683D22302E302220783D22302E302220793D22302E30222F3E0D0A20202020202020203C2F62706D6E64693A42504D4E4C6162656C3E0D0A2020202020203C2F62706D6E64693A42504D4E456467653E0D0A2020202020203C62706D6E64693A42504D4E456467652062706D6E456C656D656E743D225F3131222069643D2242504D4E456467655F5F31312220736F75726365456C656D656E743D22617564697453746174652220746172676574456C656D656E743D227075626C697368223E0D0A20202020202020203C6F6D6764693A776179706F696E7420783D223337302E302220793D223338362E30222F3E0D0A20202020202020203C6F6D6764693A776179706F696E7420783D223230352E302220793D223231302E30222F3E0D0A20202020202020203C6F6D6764693A776179706F696E7420783D223230352E302220793D223133302E30222F3E0D0A20202020202020203C62706D6E64693A42504D4E4C6162656C3E0D0A202020202020202020203C6F6D6764633A426F756E6473206865696768743D22302E30222077696474683D22302E302220783D22302E302220793D22302E30222F3E0D0A20202020202020203C2F62706D6E64693A42504D4E4C6162656C3E0D0A2020202020203C2F62706D6E64693A42504D4E456467653E0D0A2020202020203C62706D6E64693A42504D4E456467652062706D6E456C656D656E743D225F3130222069643D2242504D4E456467655F5F31302220736F75726365456C656D656E743D2261756469744D6573736167652220746172676574456C656D656E743D2261756469745374617465223E0D0A20202020202020203C6F6D6764693A776179706F696E7420783D223338362E302220793D223330302E30222F3E0D0A20202020202020203C6F6D6764693A776179706F696E7420783D223338362E302220793D223337302E30222F3E0D0A20202020202020203C62706D6E64693A42504D4E4C6162656C3E0D0A202020202020202020203C6F6D6764633A426F756E6473206865696768743D22302E30222077696474683D22302E302220783D22302E302220793D22302E30222F3E0D0A20202020202020203C2F62706D6E64693A42504D4E4C6162656C3E0D0A2020202020203C2F62706D6E64693A42504D4E456467653E0D0A202020203C2F62706D6E64693A42504D4E506C616E653E0D0A20203C2F62706D6E64693A42504D4E4469616772616D3E0D0A3C2F646566696E6974696F6E733E0D0A, '0');
INSERT INTO `act_ge_bytearray` VALUES ('22503', '1', 'D:\\WorkSpace\\JMonkey2.0\\target\\classes\\processes\\message-publish.messagePublish.png', '22501', 0x89504E470D0A1A0A0000000D4948445200000269000001A108060000003A222396000032334944415478DAEDDD0B6C95F5FDC7F18618C38C31643112B318638C8B5B16E266CC1663B46619199A4ED3729E87E7393D782650E52A8E89914028C3887FE9C42911896EF316A72E4E27BA002D58E90405748056E522170129E526B7420BF4F97FBFEC39EE504EDBE7B4E7F27B9EF37E25DF945EE8E57B9ECBE7B9FD7E6565008092E079DEA0254B96BC357FFEFC637575759D53A64CF192C9A43762C4082F914878F7DF7FBF3763C68C8E59B366ED9E3469D2EFE8180000401E7DF3CD37F1975E7AE9C87DF7DDE78D1B37CEFBEB5FFFEA7DF8E187DE9E3D7BBC13274E78AAA3A3C36B6D6DF5D6AC59E3BDFCF2CBDED8B163BD091326744E9B366D85E33883E9220000408E48F61ABC7CF9F2FD13274EF4EAEAEABC0D1B369C0D63413537377BF3E7CFF7468F1EED4D993265161D050000E8273D7BF6A73FFDA973F2E4C9DEBA75EBBCFEF8F2CB2FBD49932679F7DE7BEFDE64323988EE020000F4C1D1A34727CD9831C37BF2C927BD23478E78B9A09745F5FB8D1F3FFE5B2E7F0200006449CFA069407BECB1C7BCD3A74F7BB9B660C1023DA376B0BCBC7C20DD0600000840EF41D34B9C7AC62B1F012DE589279EF0AAABAB77D071A000263FB9DCCB547CBE309F07805CD08704F41EB45C5DE2ECE9D2E7D8B1633B1DC7994CD7810284B49E3EC6E7F3FB7900E82FBDCCA94F71EA139C85A00F13C4E3F133DC9F0610D2086900D0031D074D87D928A4871F7EB863C488118BE83E404823A40140063A93800E545BA8B368295F7CF185E738CE291E22000869843400C8A0BEBEFE1D9D49209F0F0B7427994C9EB16D7B34AF02404823A40140173A17A74EF5540CF3E6CD6B1B31624413AF0290C790C6D3973CDD09209C74B2749D8BB31856AE5C795A42DA4E5E050000802EA64C997276B2F462D8BF7F7FA784B4765E050000802E1289C4D9B1CB8A41276C9790C69501000080AE34241513210D00002083BBEEBAAB9867D23A0969401E71633B0084D7EF7EF7BBA2DD93D6DADADAC13D69409E435A908F0100CC3373E6CCF6623DDDB964C992569EEE04086900800C66CF9EBDA358E3A4CD9831A38571D200421A002083499326FD76ECD8B145997140A78562C60180900600E83EA89D29F4DC9DAB56ADD24B9DCCDD0910D20000DD993E7DFA7B73E7CE2D6848ABA9A9D14B9D8BE83E90E790C6D39D00105EC96472D09831633A9B9B9B0B12D03EFAE8A3FD7A16CD719CC1741F0000A00713264C983171E244EFC89123790D686D6D6D675CD7ED90803699AE030000043076ECD83DF3E6CDCBE743049DF2335A6DDBDE4AB701000002D29BF8274C98B07FFEFCF9F9086A9DD3A64DFB5AC745D3CBAB741B000020CBA0565353D3FAC73FFED13B7EFC78CE2E718E1F3F5E1F14D8C97D68000000FD086A894462EB3DF7DCD3B97EFDFA7E3F24A0F7A0E9254ECEA0010000E480DEDC5F5D5D7D7AE6CC99A734AC65730974EDDAB5FBF41E37FF294E1E12000000C8253DFB65DBF6EB7A366CE4C8919D7575756DEFBFFFFEE9969696331D1D1D670399BCEDD4C9D2972E5DBA5FA77AD29904349CE938685CDE040000C833095D09A906A91D12DCDAE4AD9756ED7ACF99D42A9DEA8999040000008A1BDC18BC1C0000809006000000421A000000210D0000008434000000421A0000000869000000843400000010D2000000404803000020A40100008090060000404803000000210D0000809006000000421A0000000869000000843400000010D2000000086900000020A401000010D2000000404803000000210D0000809006000000421A000000210D0000008434000000421A000000086900000020A401000010D2000000404803000020A40100008090060000404803000000210D0000008434000000421A0000000869000000843400000010D2000000086900000020A40100008090060000404803000000210D00902DCFF3066EDDBA75E7AA55ABBC65CB9679F5F5F59401D5D0D0E0AD58B1A2536A014B694904B2160D65BDD4313A05002544035A535393D7DADAEAB5B7B75306D5BE7DFBBCC6C6C64E096C752CA9910F6989DE429A6DDBB3E8140094103D834640333BA8D5D7D7B7B3A4964450DBD743483B5A5E5E3E902E014009D14B9C8421B34B2F7FB2A496F6D934C771E6D0210028311A00084284341813D432DD9B768CB368004048EBB68E7DBBC7DBBAE6AF5E73C31FCE96FE5B3F468822A421BF67D3B8170D000869DDD6D143BBBDCF96CCF0D6BFFBC039A51FD3CF11A40869C86950FB86B368008040216D67F3DBE705B454ED6A5E449022A421876CDB1E9D16D2A6D3110020A4755B5FBCF77FDD8634FD1C418A90869C9F4D3B7B6F1A67D1008090D6637D565FDB6D48D3CF11A40869C879484B545656F2BA0319E8C18B9E65966AF287AE69EF722FE769A90352AB5CD75D904C2607D13510D228421A7265AA94BEEE3C3400F8AAAAAA8648F06A94E0D51160868EF4216CCED8B6DD2C6F6FA28B885C48D3A739BB0B69FA398214210D390F689D529FF86F096A28F9336712B2164B38F3B20967DDD42ACEAC2152216DF307F3BB0D69FA398214210D390F68A960369DA08652367CF8F05F3A8E73A26BD81A376E9CB770E142EFC30F3FF476EFDEED9D3871C253FA5667D1F9F8E38FBD175E78C19B3C7972A629D6DA2CCBBA93EE221221EDC0EE0DDE674B679E7FA9533EA69F234811D2909780D6DBC78148D3279DE3F1F899F480F5C0030F9C0D60A74F9FF6825AB76E9D376DDAB4AE61AD933108118990A6B56DED8BE78534FD18218A9086BC06B4AE9F67480E944C404BBFBC2961CD5BB4685156E1ACABC58B177BC96492C1A211B19076F2A4B779E582F32F75CAC7F4730429421AF21AD052B8F48992A0973825A075A65FDADCB46993970BDBB76FF7264E9C78CE19352E7D22B4214D6714D8F4C153DDDE93A69F63D601421AF21ED0D283DA19CEA821AAF42181F47BD034A0E93D66B9A4DF2F3DA8E93D6A3C4C807085B49327BD3D9B977B9F2E9ED66D404B957E8D7E2D67D50869C86B404BFF7F6738A38628D2A738D32F71E6EA0C5AA6336A5D2E7DAEA6FB084548EBEDEC1967D50869285A40EBFAFF39A386C8D071D0D2EF43D37BD0F249EF514BBF3F4D2FB3F22AC0F89016E4EC594F67D5085684346415D006483DEBBFED49D7AFE31E35448A0E549BFE1467474787976F0F3EF860FA65CF665E05181FD2FA1AD05245B022A445593FE7D3CC14D03696FD7776818D3D04B5EEBE8E336A88CC7A953E93800EB351081B366C38676602A9C1BC1A303AA4518434F478B47F588EB85FEFC38DC6992E713EEB072FAF87A0961ED052B5B097EF0B98B4CE1C90F033AEA7AFD1A130D21F16E8CF501BD94A1FF056E7FAE41503218D22A4857787732A75D42D6F5F0918D6BA0B529902587A50EBEDF3295CFA84C9EB4C2A041DD0F1CFBAF99AA6D4D73DF7DC735E21BDFCF2CBE74C1BC52B06421A45480B293F9CA56FD44FC9C7E6F421A0F516D42E0818D0D27F0E4F7DC2E49096AA7D5DCFACE9C7529FD7A99E0A492FADA65DF23CC42B06421A45488BCE0E2755C7A4A66719D07A0A6AED5904B4AE418D7BD4108675E6BBCBA0F2F6BBFBD1F6ECD953D090A6E3A6A5FD4EA779C54048A3B20A69353535175554545C2A1B902B6CDBFEA1EBBAD7555757DFA88F8CCBC76E971A2E1BB96ABD9420FF1E2FFF9E225F334D6AB67CEC3179FF09BDD7C2B2AC3FCBE75F927A4D3EF6A6D4BBF2F97AFFA9AA0FE4FD8FE4FD4FA436C8FB9F4B6D968F6D93B75F4BED966A91CFE911EF41A96FA58E4A1D97D2C127DBA53AFCCB8167FCEAEC66E3ACF3E675FA67A5B44EFBFF4FBFC749FFFBE9F73D2A5FA3F7801DD20DBA7FB4DD22F58D7C7CA7BCDD2EF595FC7B93FEBEF2759FCADB75F2FE5ABD6C21F56FFF6F6B90FA977CFC6DE9C13FA417AF6A1FE4FDBFC8FF5928FF7E4A3EFEB8BC7D547BA6614BDE9F2A9F9FAC3B1179FF6EBFBFB11E7638A9D2DFFB91B2ECEF15CB14D4B20968295CFA445842DA7767D6D2DF4F4D965E28FAF3D27F3EAF18086954E09270704EB8490B40A7FCA3CFB3A14602C4713F3469783AA8614AAAC50F573BE4DF5BD3C2CC060D631ACAFC20F39ED4520926EF6878D310A72146439D7CDDD3F2B1791A60F4E65E0D7F1A02350CFAA1503EE4564ADD265F7FAB7CEC171A22354C6AA8D470997A2252DFEA3D5CFA04D5A851A3AEACAAAABA56BF56BEEEE7F27F6F96FF3354DE5668E8D4EFABE148DEBF57DE4ED2D0A4E1497F07BDBCE887AAA7E4FD6752E1D30F5F6FC8FBFFD450E607D0F7FCBF7195BCBF46FEEF7FFC30A72174A3BCBF45C39E1FFA76FB3DDBE71FE51FD290A87DF5FBDB166087E3555656A6C255B68FF45F90E10C5ABBFFF16C2C0EF27B529489550C843410D2282E7746F8AC801FE82667B8D419F4D263AECFA4CDE1D582E167D28EE941971EBC71260D20A411D2D02F7A1630C38EE69B1E861728F43D69A9B93DB9D4099343DA77E12CF535DC9306842CA4757346A1609F27A4A12BD991DC94363AF997FA7E80FF56C8A73B19D816268734BDC7744EA601A179BA13086148EBE963F9FE3C210D5DC5E3F11BFC87296ECAF2BF76F7D465AEC6494B94F15427CC0D69E79D39CBF0358C930610D20869289AE919CE74E572C6813A5A8CB0D2336CC59A71E0BEFBEE63C60110D208698434E46DEE4E021A42CD7F78E0347377028434421A4C38A3961ED41696F5FE5040D7AF633C34448A04A5D5A9C0F4C0030F14E46CDAB469D3BCB4FB4C9B7915404823A411D2D0DF99010868889CAAAAAA21E903602F5AB428AF016DF1E2C5E73C75AA8383F32A8090464823A4A13F416B6A19010DD13D9BF6DD0304F178DCDBB469535E02DAF6EDDBBDBBEEBA2B3DA4ADA6FB20A4310407210DFD095C0434449A8E4568DB765BFA43043A8E59AEC7459B306142FA65CE36FDB9741F84348A90864C67D4825CFA4C94F190004A80655977A65FF6D4A096AB336A7A062D3DA0E9CFD19F47D74148A30869E8EB19B2D43D6C0434944A509B9A1ED4F4D2A7DEA3D69F8709F41EB42E9738F52C1A67A54148A30869E87350CB34BE1A5072412DF5D4E7BA75EBB21E6663C68C195DA7A6EA24A081904611D2D097A0363D2DA03193004A39A8DD997E8F5AFA25509D9960CD9A3567E7FA4C4DCAAE6FF59E330D723A9340FA40B5E9F7A071891384348A9086BE489D396BF4DFCEA12528657A537FFA539FFDACD53C2400421A454843BFCEA8E90E858006FC8F8EA366DBF627E9331304299D494007AA755DF736BA08421A454843BFF9216D009D00CEA55348F9737DEAD9B57DF2EF8EAEA14CEA904E96AE737132D513086914210D390F69B158EC423A01F44C42D8E4B480368E8E80904611D290F79056535373119D007A0D6987D2CEA41DA02320A4518434E43DA40D1B36EC123A01F4B89E4CCF700F1A67D34048A30869C86F488BC562DFA713408FEBC9E10C0F0BB4D01910D228421AF21AD21289C4657402C8CCB6EDBAEE9EE88CC7E3361D02218D22A4215F21ADB3B2B2F2723A0174BB8E9CE861E88D1D740884348A9086BC8534A92BE804703E7F088E1EC74763560110D228421AF216D21289C4557402385FA6A9A232D44E3A85505BB66C19418890063377429DC964F21A3A01043AA8F9B9CE44402710294D4D4D6774325AC29099B56BD7AE1D12D2DA59524B8F8E9A5E5555752D9D0002AD2F3749483B45271029CB972F7FA4B1B1B173EFDEBD842203035A4343C329A93A96D4923C33A0F30DFE844E00BDB32CEB5659673AE804224742C0ACFAFAFA637A592DCCF5FCF3CF9FBD0F21EC7F475AB513D04A3BA4B9AE7B1D9D007A27073443659DE1AA0360F04EEDB03F29351085E5F9742C16BB9E4E00BD93039ADB086980A1986017510C697A33349D000285B43B6CDB3E4927000375791C9BC7AE118565FA547575F58D7402087450335C07B7A51380793BB33A06314404773AA76439BE994E00BD7384AC336D7402306BC51CAC43156418C47035DD41C8435A873EB146278040EB4B42EA189D00CC0A696F7637DAB46DDB3FA44308734893E5FB57740208B4BEDC2D75944E00E604B4C1FECDD5DD4D09C2D9348479F96E8FC562BFA61340A0F5E51EA923740230E7C8A9A99779DB3A478D1A75259D424897EF9352B7D30920D0FA325EEA5B3A019871D4A467D18EE9CDD5BD04B546BA8530D2E1047458013A0104DA274C963A44278010ACA4F178FC069DCBADAAAA6A089D4148CF0C9C90905649278040EBCBEFA50ED009C05096653D24C16C3F9D4044763A6DB66DC7E804C0F61F083DD77567CB4EAD854E202A214DC77EA21340A0F565BAD43E3A01981BD2E64A48DB45271005B22C1F978C564D27804021AD566A2F9D00CC5D499F92DA4E271091E5F998655977D109A0777240F3B0AC337BE80460EE4EED39A9CD740211599E8FEA009D740208B4BE3C2AB59B4E00E6AEA42F497D4E271005B66D1F91E5790C9D0002AD2F3A87F34E3A0118CA719CBFCB8ABA8E4E2022CBF361CBB2EEA51340A0F5E50909693BE80460EE4AFAB684B435740251A0A3A7EB28EA740208B4BECC97DA4627007357D225522BE904A2400E380EC9F23C894E0081D69767647DF98A4E00E686B446A9F7E804A2C0719C839665DD4F278040DB7F1E1C030C5F4957EAD9343A81882CCF0774AA1B3A01045A5F9E97DA48270043398EB3D6B2AC7FD2094464A7B35FEA413A01045A5F78BA1F307C255D6FDBF6EB74025120CBF23ED775A7D10920D0F6FF1559679AE90460EE4AFAB91E4DD1094464796E959A41278040EBCB6B12D236D009C0DC95748BE338CFD209446479DEABF311D20920D0FAF28614E3640206AFA4DB75FE4E3A8128B06DBBC575DDD9740208B4FD7F4BEA633A0198BB92EE961DDB63740211599EF7483D42278040EBCB22A9D574023077256D9190368B4E202A071D3A69349D0002AD2FFF925A45270043398EB3DFB2AC87E804A2400E3876B9AE3B974E008142DA52A90FE80460EE4E8D697410A5838E9D72D0F1389D000285B465522BE804606E483B222BE9183A8188EC747648507B824E0081D617A605040C5F498F4BB9740211599E795A1908BEBE344935D009C0DC95F484655977D2094481E338DB6CDB7E9A4E0081B6FFCCDD0C18BE92B6CB4E6D289D404496E7AF64797E864E0081D69755FA84279D000C253BB453D5D5D537D2094464A7C30C1A40F0F565B58E954627007357D233AEEB5E4727100512D0365996F5673A0104DAFE7FACB30ED009C0DC95B4D3B6EDABE90422B23C6F947A9E4E0081D697753A7F279D000C0E698EE30CA61388C8F2FC85D48B7402E89D1CA06F90F5E5353A0198BB53F362B1D8C5740211D9E934CB41C7CB740208B6BEC83EE0153A01181CD2E80222B43C7F263B9EBFD10920D0FAC29967C0547A068D9086889D19E0F20D103CA46D741CE72F740230506565E5E57A4F1A9D408442DA3AD9E9FC9D4E0081421A43D600A64A2693D7C84E8D9086C8901DCE7F2CCBFA079D00021DD46C755D77019D000CA4E3A3E938697402113A33C0B84F40F0F585B96E0153398E7393ACA0A7E804227466608D2CD76FD309205048DB21EBCB1374023073873654E7EEA41388D081C7479665BD43278040216DA7EC07EAE8046020D7752B65253D412710A19D0E134603C1D797DD528FD209C0408EE354CB51D4713A8108ED74564A2DA11340A0F5658FEC071EA61380992BE818096947E80422B44CFF5B96E97A3A01045A5FF64AD5D209C04072043559EA109D4084763A2BA496D10920D0FAB24F6A3A9D000C6459D64312D2F6D3094468A7D328F51E9D0002AD2FFBA51EA41380815CD79D6DDB760B9D4054C8F2BC5C0E3CDEA71340A0907650D6972974023033A4CD959DDA2E3A8108ED741AA49AE80410E8A0E690AC2F93E80460E60EED291D719A4E2042CBF452A90FE80410687D39EC38CE383A0198B9823E27B5994E2042670616EB5869740208B4BE1CD1A7FCE9046066487B49EA733A81A8701CE75DD9F17C48278040FB80A35277D309C0CC1DDADF6587B68E4E20423B9D4552ABE90410687D392695A013809921ED6D9D909A4E202A2CCBFAA72CD76BE9041028A4B5C9FAE2D009C0CC1574894EA3432710A1038F37E5C0E3133A0104DA079C901A4E270033575006FE44D496E937A4B8840F04200734275DD7BD834E0066EED0988C1A51DBE9BC2ECBF47A3A0104DA07B44B48BB8D4E0006D27B77F41E1E3A81A8901DCEAB12D43EA51340A090D621FB815FD109C0CC1574BD9E79A01388D032FD8A2CD3CD7402081CD26EA11380992BE8E73A561A9D40849669C6FE030292039A53D5D5D537D209C0CC1DDA16398A7A964E202A64797E41763C5FD20920D03EE0743C1EBF814E0066AEA0DB75FE4E3A810885B4BFC832BD914E0081F601675CD7BD8E4E0066AEA0BB6DDB7E8C4E2042CB34F3D102598434D907FC844E0066AEA02DB282CEA213880A599E173A8EB3854E008143DA0FE9046020D999EDB72CEB213A81A8705D7781EC74B6D209205048EB4C241257D109C040B2333B242BE9243A8108ED74E64B6DA31340A07D40E7C891237F4027003357D023B2431B432710A165FA4959A677D00920D0418D9748242EA31380992BE87129974E202A1CC79927CBF4D774020816D292C9E4203A0198B9829EB02CEB4E3A81A8B06DBB4E96EB9D74020816D26A6A6A2EA21380992B68BBECD486D2094428A43DA643CBD009205848ABADADBD804E0066EED098120491E238CE1CD9F17C4327805EB7FFB334A45554545C4A3700338FA2186D1A510B690FCB72BD874E003DAE272FEBF6DFB2ACBBE806606E48EB94A3A9ABE904227676A0854E00DD6EF73FD05B5D24A8DD423700C3439AACA883E904A2C275DD9912D45AE904702E7D4040B6F95FE9D04BCC32008423A479B158EC623A81082DD3D3A5F6D109E07F74C05A592F0EE8FD9AB2CDFF3E1D010CA703186A48731C670ADD4054E834673ADD199D00FE4B42D9F53ADC92D47A9EE404424456DAF17AF3A89E7DA01B8848489BAA670CE80470F6F2FF1DB23E9C92039777E9061042B66D8FF69FF29C4D3710767A665896E7837402AC0BCE64FF20FC29BA01847B65AEF683DA5CBA81B0EF98A40ED10994320D66BA4DD7F5816E00D158A987FB475DF3E906C2CAB6ED89B20C7F4B2750AA2CCB7A472F71EAA54EBA01446BE5AE9095FBB4D473740361E438CE38597E0FD309941A7D28401F0ED08704F461013A024490CEE5A9414D47A4A61B086148BB47EA089D4029D1613574780D7D684687DBA02340B47774B7E8E972A937E806427690A10FC21CA5132815C964F21A1DA05607AAD5016BE908501A3BBB5F4858EBD0FB1BE806427480F15BD9591DA31328A103EA769DEA896E00254656FC9FCA464037000D740321596613843494029D1C9D5B53801267DBF64FA44ECAC6A0896E200421CD953A4E2710F1E5BC56C219E35B02381BD47E28D5261B86D57403268BC7E3B62EAB7402110E682FF963A0FD966E00382B91485CA597916407B84EDE1D404760E80E4CC7FB3B412710D1E5FBDF527AAFF0AD7403C039F4D16E1DDE4036129F13D46022D979DD494843D4E8539BB2EDDDA24F2EEB950D3A022023D9500C968DC421D9586CD6C113E9080C0B693A20F3493A81A8A8ACACBC5C96E9FD527B743C343A02A04715151597EAA08952DB65A371211D81295CD7BD4D8724A01388027DC25EAA4D0E8C3FE5A0184060C96472906C385AA5763180224CE1CF98414843E8E95961599E7550F17FD10D00598BC56217EB5424B2216919366CD8257404C5367CF8F05FEA20CC74026126DBD549FA04A7D47CBA01A0CFCACBCB07CA86E46BA97D7A768D8EA098FC11D8096908F332FC840634CBB2EEA71B00FA4DEF4BB36D7BAB6C580E261289CBE8088AB883BB49E79DA5130823597617E9F2AB4F29D30D0039A337B5CAC665A3D4B7FA34121D4131E89CB384348471FBA96350EAF03172D07B3D1D01900F036423F3998EE5237505ED40A1C5E3F11B743E433A81B0D0DB446499DDAD5722742C4A3A0220AFE488F013A9E35257D30D14923F6401210D610968D7E800E17ABB084FC90328E4CE72959EBAAFAAAABA966EA05064791BA2134FD30998CEB2AC9B75B818A99565CCE002A00841AD51477FD71D27DD4021C4E3F11FEB93717402866F1B137AC6D7B6EDBFD10D00C5DC182DD1A345BD57886E200FCBD70929AF97DA49A7600AD77567EAD95EA987E90680A2B32CEB9F3A76557575F58D7403B9243BBA39BD85348633804107152FFA83D4DE4D370098B4717A4DA738911DE6AD7403395EB67A3A9BB6830EC190E57485CE86A1B362D00D00C6910DD40B7A1F462C16FB35DD40AE48F8AFEB2EA4C5E3719B0EA198F4A94D5916B7E8D0443C4805C0F41DEA331AD4B804855CF2C7E6EB1AD25AE80C8A4907F69683D3FDB22CEEA9A8A8B8948E00309ECE4DA737CE729603390C69D3BB863459C6C6D119148BEBBAD7C941699B0EF0AD53E7D1110061DAA93EEA4F227C17DD408E96A9C36921ED001D41B1C876AD42EFC1955A4C37008475A75AAB41CD719C7BE806FA4B96A3C96967D126D311148304B389BA5D93B74FD30D00610F6A0FFA8FA44FA21BC8C1F274F66C1A9D40910E14E6F9079E53E80680A86CD826EB3D6A96654DA51BC841E827A4A118DBB1B7F5A128D7752BE9068048918076AF1E81EA68DC74C34C9EE70DDCBA75EBCE55AB5679CB962DF3EAEBEBA93E54434383B762C58A4EA9052C55E1575B5B7B816CBBD6E9787DCCAC0220CA47A2BFF52F15CCA11BE6D180D6D4D4E4B5B6B67AEDEDED543F6ADFBE7D5E636363A704B63A96ACF04A2693836CDBDE25DBAC83B2EDBA828E00887A5073FC79EDE6D10DB3E81934025A6E835A7D7D7D3B4B56384938BB5AB6537A0FE4B6582C76311D01501274A05BFFDE0E2E0719442F7112AE725B7AF993252B94DBA89B25A0B5CB766A95BC3B808E00282912D06ED3A026F53CDD3083060A821521ADD44938ABF60F225FA51B004A964E442C1B431D10F26F74233C21EDD8B77BBCAD6BFEEA3537FCE16CE9BFF5638432425AD8C9F66886DE8E216F1FA11B00386A759C9B6483D8216FDFA41BE687B4A387767B9F2D99E1AD7FF781734A3FA69F239811D2421CD09ED78026078DA3E90600F8F4B1760D6A4CB1627E48DBD9FCF679012D55BB9A1711CC0869613D587C5FAA43CFEED30D00E842272B96A07652EA3DBA616E48FBE2BDFFEB36A4E9E7086684B430292F2F1F28E16C936C778E5555555D4B4700A01BF178FCC73A60A4D44ABA616648FBACBEB6DB90A69F239811D2C242C2D960DBB6F749B55454545C4A4700A017C964F21A0969C76503BA966E10D20869C807FFCC7D9B04B4E6582C76211D018080468D1A75A56C408FCA0674431963141915D2F469CEEE429A7E8E604648339D6C5B6ED7A7CAA596D00D00E883CACACACB65237A5882DA973A771E1D3123A46DFE607EB7214D3F473023A4191ED0C6FB730833903600F4472291B8CC9F33EF2B2E499811D20EECDEE07DB674E6F9973AE563FA39821921CD5496653DAE014DEAF77403007240C2D9F725A8ED970DEB0E7D128B8E1437A4696D5BFBE279214D3F462823A4994AB61F6FF9339C0CA71B009043C3860DBB4436AE2D52BB99E8B8C821EDE4496FF3CA05E75FEA948FE9E70866843493E8AD12B66D7FE23F35FE733A02007950535373918634A9BD1ADAE848E1439ACE28B0E983A7BABD274D3FC7AC038434532493C941B2BDD8E938CE21797B051D01803CD2CB9D7AD9536ABF5E06A523050A69274F7A7B362FF73E5D3CADDB80962AFD1AFD5ACEAA11D28AC9B6EDABF5C123A9ED9C7D078002D1CB17B2E1DDA247C7FA60011DC96F48EBEDEC1967D50869A6F1E7036E97A0F6611943F80040C10D908DF017B2313E3C72E4C81FD08EFC85B42067CF7A3AAB464823A415926C175CFF0181D7E806001437A8ADD739F774F05BDA919F90D6D780962A421A21AD80016DBA1CB89D919A433700C000B66DAFD1E95D743A29BA91FB904611D2C24082D95F34A0C9F66034DD0000B38EA03FD047EC758276BA414823A495DCFADF28D52121ED57740300CCDC502FD39B85A57E4A37086984B4E8F39FF6DEA8B73C70800600869323E977A53A18B4929046488BFCBA3E58D6F37D3AC8754545C5A574040042C0B2AC7FC886FB94BCBD996E10D20869D15355553544D6F1E3529F33A72F00848C6CBC5FD1A0C63D2A8434425AB4B8AE7B9BAEDBB66DD7D30D000829CBB2FEEC8F97743BDD20A411D2C24F0EBAC6C9FAAC4F702EA41B001072B2317F5A37EA72F45D4937086984B450AFCB75BA2ECBC1D754BA010011211BF5C775FC241D899C6E9817D2E4C766AC427D9E90663E597FDFD4B3E212D462740300224636F08FE851B8D4DD74C3BC90D6D3C7F2FD79429AD17456918F259C9DE4896D008876509BA1414DEF6BA11B8434429AD9860D1B7689ACAB3B25A01D62DA3700288DA0F67BBDF46959D6FD748390464833532291B84AD6D56FA576C462B18BE90800940839329FE83F4C308D6E10D2086966A9AEAEBE51D6CF937230F591BC3B808E004089919DC018FF51FE59748390464833830433C77F40E075BA0100A51DD4127E507B8C6E10D20869C5A567B6FD877B1EA51B0000BDF419F383DA93748321380869C5A1034FFBC3E48CA11B0080F423F83BF4128BEC249E25A431982D21ADE0074ACB65FDEB90B743E9060020D38E62A83F85D48B84348215212DFFCACBCB07CAFAB651EA583C1EFF311D010074CB719C5BFC899B4BF6A665421A21AD40EBDA6059D75AA5F6261289CBE80800A057FEE3FF1DB213799B904611D2724F0E827E22755CD6B32F62B1D8857404001098EC38AE9790D62E3B91A584348A9096D375EBD77AB65AAA816E0000FAA4AAAA6A883F5FE00A421A4548EB3FCBB2EEF5A7657B966E0000FA1BD4AE959D4A9B84B50F09691421ADEF5CD79DEB8F81F6205B1600404E4840BB5A9F3E93A3FFFF10D228425AF62CCBFA873E391D8FC76DB62800809C921DCC1512D68E483597457C2E41421A212D8706C8C1CD5A9D8753D69D5FB0250100E4853F64C0B7F276536D6DED0584348A90D6BD61C3865D22EBCBD7BACE8C1A35EA4AB6200080BCAAA8A8B854763A0724A86D8BEAD0018434425A7F251289AB349C49EDD0B0C69603005010C96472903F08E7CE9A9A9A8B08691421ED7FF4B2A67F79734D59C46F0D00001828168B5D2C3BA23D5AFA6F421A45482B2BD30703FCA9D5DE602B0100281A3D8BE638CE4E3DABA667D7086954298734CBB21ED221366CDB7E8CAD0300A0E8F4BE34BD3F4DEF53D3FBD508695429863459FE9F93F54007A9BD87AD0200C018FAA4A73EF1E93FF93938EC7FCFB265CB085684B46C02DA329DEB56A77B626B000030D1001D434DC752D331D5C2FC873435359D696D6D255CE5A876EDDAB543425A7BD416F8F2F2F281B2BC7FA913A5EB84E96C02000046D359097476029DA520AC7FC3F2E5CB1F696C6CECDCBB772F212B0701ADA1A1E194545D9496F3442271992CE3AD5AFA6FD67C004028E83C9F3ADFA7CEFB19D6BF4142C5ACFAFAFA637A99CED49240EC99FCFBF9D51EB580A667CDFC03912FF56C1A6B3C0020546427B64276622725A80DA11BB9A70F6C488F3D3A51F0803654EF3FD3FBD0E8060020CC416DA9E338ED1228AEA71BB9E54F3944482B207D72539FE0D42739E90600200A3BB6B7F5CC437575F58D742377F43E28425AE1E8D8673A069A8E854637000051DAC1BD2E3BB85312D86EA11BB93172E4C81F485F3BE944410E34FEAEB308E86C027403001039B2937B5177747A4F0FDDC849F0BD5AFA4948CBAF01D2E3D53A0F276782010091E638CEB31AD45CD7BD836EF44F3C1EFFB15E7EA313F9E1DFF3B74307684E241257D1110040E4D9B6FDA43FBF618C6EF49D04DDEB0869F9316AD4A82B65F93C24FDFD5AC31A1D01009452503B7B13B654826EF48DF4EEE77A56924EE47CD9FC855EDE741C67ADBC3B808E00004A716738CB0F6A63E846F62CCBBA591FC6A013395D26631A7CA5B7FFA01B008092E6BAEE34FFD2E744BA919DE1C387FFD2719C0E3A911BB21C3EA8CBA22C9373E90600006567CF08DDEF0F10FA7BBA9155C0BD4D7AD64E27FA4F0E1216FA63A0DD4B3700004823216D9C7FE97306DD081C6EEF947E9DA013FD233D6CD0CBC6B158ECD774030080CC3BCBBBFDA0F608DDE89D7FFF541B9DE81B7FEED3CFA58E33BF2C0000BD0735572F7D5A96F538DDE899F4A95A82DA713A913D7F4AADBD52ADD2C7C174040080005CD7ADF41F26789A6EF41868F5CCE3513A911D7F10E063521BCBCBCB07D2110000B20B20B7FB4321FC996E64E638CE3D5247E844703A25992C571D52EFD10D0000FA1E427EA537744BBD423732068E893A65119D081CFCC7F897D209FE0000F4576AC0560617CD1862A7486F0ED2894001ED510D683A2E1FDD000020773BD89FEBA0AD52EFD28D73FAA283AFEEA7133DB36DFB75BD742ECB8F43370000C87D20F9A90EDC2AB58C6E7CD79319FA74229DE8D600C9651FE972535D5D7D23ED0000204FFCA7F24E487D4037CE3E053BDBB6ED163A71BE582C76B12C273BF49EBD442271151D010020CF92C9E4353A80AB849335A5DE0BC771E6482FBE61A938D7A851A3AE94DE1C92DA396CD8B04BE808000005DC09FBE35CAD977707946A1F24A8D6490F76B244FC8FDEBF287D39296F3F2EE565030080A2193972E40F1CC7392C3BE32F4A75672C61E449BDA4C7D2F05D3F62FE03026FD20D00008A48A7F6D1CB5AB263DE525B5B7B41098692A7E5EFDFC6927076A896A9FE2C15757403000003C462B1EFEB30147A46A9D4A6F89180F6AC06D4525F0624983DA3014DFA318E3502000083E8CDE1FE64D9BB6B6A6A2E2A95BF5BFEDEE775FEC9527EEDE5EF5FAA831DBBAE7B1B6B02000006F2875CD82DD5522A4FF4C9DFFA92D4E725FA7A5F68DB76B3FCFDC7ABAAAA86B00600006030BDDCA9973D1DC7D9AF9741A3FEF7BAAEFBAA04954F4BED75AEA8A8B854C3B8D43E79AD07B3E4030010027A864576DE5FC9CEFBA03E5810E5BF55FEC6BF4B485B574AAFAF3FA0B10EBFB2B1D4EE41040020F4F4494F092F5FCA8EFC706565E5E551FD3BE5EF7BCB1F0FAC244828FD95FCBD1D528D2CE5000084D700096A1B64877E5407BF8DE21F6859D63B3A376529BC98F25A8E96BF559FE0FC0B8B36000011203BF5B57A73B94E2715C1E0B258FEB65525F01ACED180267FEB7496680000224476EE2B756276BD9F29627F57835453C45FBBD774160129972519008068EEECDF933AE9BAEE7511FA9B1AF5EF8AE84BA697AB3F94BFAFDD719C9B588201008830FFF260473C1EBF212221AD49CFA645ED75F2C7BCDBA60F7EC86B76354B2E0000254027DFD6A01685B3337A3F9A06CF28BD3EF2375DA1C3A7C8DFB52B994C0E62890500A0844800F89B4E25347CF8F05F863CD0AC965A1495D745CF70EABD8312D2FEA3C3A8B0A402005082FC792F4F8779CE471D234DC74A8BC8EB315C5F0FCBB2FEC9D2090040899380B6C00F067786F1F7D7D90674D6810804B4DF4B9D91D7E171964A00007096849C79FE20A94E08C3CD677AE936024159C7401BCFD2080000BA06B5391A14E4ED6F4316D23E977A29AC7D97DF7D89DE1B28753B4B210000C8C875DD99FE25B77B4314723686719AA4582C76A16DDBCDF2FBB74569DC3A0000902712D0A6FA973E2787E1F795DF738B849D8561EA714545C5A5F23BB748EDABACACBC9CA50E0000043262C48849FE19B5874210D2B649D8793A2CBDADAAAABA567A7B4C6A737979F94096360000906DF8B9C7BF99BDD6F040B9437ED727C2D0531D934E7E571D44F87D96300000D0679665DDE507B5474DFD1D75547ED775E79ADE4BE9E1DDFE83192FB0640100807E8BC7E3B67F8F9A9167AB24F87CA34FA69ADC43F9FD1ED61ECAEF3A83250A0000E48C0E74AB03DEDAB6FD8C81214D6FC09F656AEF5CD77D557B2721AD9A25090000E45C2C16FBB51F368CBA5C27BFD33EA9E906B66C804EFE2EFD6A97907B334B100000C81B091BB7DAB6AD03AFBE665048DB2FF5A06181F6627DEA54EAB0F4EB6A961C00009077D5D5D5374A28EA30651270094207E577B9DFA0D07885D441A9DDC96472104B0C00002898783C7E838490769DD2C88050F4AD29735EFA7D3921B5AEB6B6F60296140000507055555543248C9C946A2CE6EFE138CE111DD3ADD8FD705DB7D2BF67EF6D960E000050ECA076AD7FE66855B17E071DBDBFD893C2CBCF9FE28F81F6044B0500003082DE182F755CEA932285B4E3526E11FFFEA735A0C9DB892C0D0000C028FECDF247A53E93770714F867B749408A1529A02DD6A75D2DCBAA602900000046AAACACBCDCBF897F63216F9A979074D275DD3B0AF9B7C662B10B3590CACF6E939F7D1DAF3E0000305A2291B84C879F90F0B255834CAEBFBF3EACE038CE4D5283531FD3C16275A0DD42FD8D15151597CADFB847C767D360CAAB0E00004241C706F36701F8BABCBC7C602EBFB784BF66F9BE5E37A57363EA40BB87F3353E99FCFC1FFA9775B7D4D4D45CC4AB0D00004265D8B0619748A069D1C9CF75F4FD5C7D5F7F1C32AFA7929FFB7A3EFE269D6DC1719C0EF9194DBCC2000020B4F44C9304A65D52ADB93CB32521697D77014D42D4997C9C45D3213EFC33752FF2CA020080D0F36FB0DF2E7540EFE5CAC5F7ECE96C5A3ECEA2B9AE3B5BC39FBC9DC92B0A000022439FF49400B55902D4A1F41BFEFB43BED7971942DAE95C9F4593EFF98A7E5FA904AF24000088A2017AD3BF4EE13472E4C81FF4F79B599675678690F65C2E7F5FF97E2B757E52F95937F3F2010080A807B5753A8D532291B8AABFDF4C1F4A480B686DB97A92D4BF976EAB06CA6432790D2F1B0000280912A856EB20B03A9C457FBE8FFCFFD16921ED915CFC6E7A964FEF9F93DA1D8BC5BECFAB0500004A2DA835E94C01523FE9E7F7D1613EBCA143875ED6DFDF4942D9F53A59BC9EED2BE48C09000000A605B5069D2D40DEFEB41FDF23515959E9F5777603FF1E371D087711AF0C00002879128EDED101626DDBFE451FBFC554294F6A563F7E87FB750C34F91D9EE415010000F049407A43CF624958BBA50F01AD53EA13FFEDAC3EFCECF9FE20B5937825000000BA9080F6B28E4766DBF6D02C035A2A984DCF36A8C9CF7C577EDE29D775EFE015000000E8868E73A641CDB2AC8A2C035A6F1F3F873E1420E16C830EDBD19FFBE10000004A29A8A52E3F0ECF32A075FDFCF44C9FD46135E47BEFD161362A2B2B2FA7E300000001B9AE3B57839AE338D55906B4948C973E755C36F9BE47E5FB6ED1016BE934000040F6416DB6FFC4E5E82C035A7A503BE3BFD527386F95EFD721F56FBA0B0000D00F12A8A66B501B3264C85B657D7B7A5383DD991FFDE8476FF997505FA2AB00000039F0B39FFD6CD16F7EF31BEF7BDFFBDEDCBEFCFF4B2EB9E40FFAFF6FB8E18665741300002037CE5EE24C0B6803A49EF5DFF6E49CAFBBE8A28B745ECF3E8DA3060000800C012D2D5869E0DA58F6DFD90536F610D4BAFBBA1E9FFA04000040F6014D3DEB072FAF87A0961ED052B5B097EF0B0000803E06B4EE02587A50EBEDF32959CF4C0000004040EB39407517C42E0818D0D27FCE19821A000040FF035A4F41AD3D8B80D635A8718F1A0000403F035A4F412D9B8096C2A54F0000806E5CE987ABE62CFF9F5EE2EC7A06ADDDFF783616FBFFF74A5E0A00008073653B3C46AECFA4CDE125000000E839A815EA9EB4D4DC9E5CEA040000E86750CBE5D39D0C6C0B0000906550CBF4D465AEC6494B94F154270000409FA4EE154B0F52B99C71A08E16030000F44DBEE6EE24A0010000F4D3F40C416D6159EF0F0574FD3AC643030000C8B1FECE0C4040030000C893BE06ADA9650434000080BCCA367011D00000000A2435006D6F973E13653C240000005050BD9D214BDDC346400300003024A8651A5F0D00000045086AD3D3021A3309000000182075E6ACD17F3B87960000009841CFA8790434000000F35C490B0000000000000000000000000000000000000000000000000000000000406FFE1F1257D81229B8F8720000000049454E44AE426082, '1');
INSERT INTO `act_ge_bytearray` VALUES ('40002', '1', 'D:\\WorkSpace\\JMonkey2.0\\target\\classes\\processes\\message-publish.bpmn', '40001', 0x3C3F786D6C2076657273696F6E3D22312E302220656E636F64696E673D225554462D3822207374616E64616C6F6E653D22796573223F3E0D0A3C646566696E6974696F6E7320786D6C6E733D22687474703A2F2F7777772E6F6D672E6F72672F737065632F42504D4E2F32303130303532342F4D4F44454C2220786D6C6E733A61637469766974693D22687474703A2F2F61637469766974692E6F72672F62706D6E2220786D6C6E733A62706D6E64693D22687474703A2F2F7777772E6F6D672E6F72672F737065632F42504D4E2F32303130303532342F44492220786D6C6E733A6F6D6764633D22687474703A2F2F7777772E6F6D672E6F72672F737065632F44442F32303130303532342F44432220786D6C6E733A6F6D6764693D22687474703A2F2F7777772E6F6D672E6F72672F737065632F44442F32303130303532342F44492220786D6C6E733A746E733D22687474703A2F2F7777772E61637469766974692E6F72672F746573742220786D6C6E733A7873643D22687474703A2F2F7777772E77332E6F72672F323030312F584D4C536368656D612220786D6C6E733A7873693D22687474703A2F2F7777772E77332E6F72672F323030312F584D4C536368656D612D696E7374616E6365222065787072657373696F6E4C616E67756167653D22687474703A2F2F7777772E77332E6F72672F313939392F5850617468222069643D226D3135343939333637323633373222206E616D653D2222207461726765744E616D6573706163653D22687474703A2F2F7777772E61637469766974692E6F72672F746573742220747970654C616E67756167653D22687474703A2F2F7777772E77332E6F72672F323030312F584D4C536368656D61223E0D0A20203C70726F636573732069643D226D6573736167655075626C69736822206973436C6F7365643D2266616C73652220697345786563757461626C653D227472756522206E616D653D22E6B688E681AFE58F91E5B883E6B581E7A88B222070726F63657373547970653D224E6F6E65223E0D0A202020203C73746172744576656E742061637469766974693A696E69746961746F723D22247B7075626C6973685573657249647D222069643D2273746172745075626C69736822206E616D653D22E5BC80E5A78BE58F91E5B883222F3E0D0A202020203C757365725461736B2061637469766974693A6578636C75736976653D2274727565222069643D227075626C69736822206E616D653D22E9878DE696B0E58F91E5B883222F3E0D0A202020203C6578636C7573697665476174657761792067617465776179446972656374696F6E3D22556E737065636966696564222069643D226973417564697422206E616D653D22E698AFE590A6E99C80E8A681E5AEA1E6A0B8222F3E0D0A202020203C73657175656E6365466C6F772069643D225F322220736F757263655265663D227075626C69736822207461726765745265663D2269734175646974222F3E0D0A202020203C656E644576656E742069643D22656E645075626C69736822206E616D653D22E58F91E5B883E68890E58A9F222F3E0D0A202020203C73657175656E6365466C6F772069643D225F3622206E616D653D22E590A62220736F757263655265663D226973417564697422207461726765745265663D22656E645075626C697368223E0D0A2020202020203C636F6E646974696F6E45787072657373696F6E207873693A747970653D2274466F726D616C45787072657373696F6E223E3C215B43444154415B247B697341756469743D3D2766616C7365277D5D5D3E3C2F636F6E646974696F6E45787072657373696F6E3E0D0A202020203C2F73657175656E6365466C6F773E0D0A202020203C757365725461736B2061637469766974693A61737369676E65653D22247B61756469745573657249647D222061637469766974693A6578636C75736976653D2274727565222069643D2261756469744D65737361676522206E616D653D22E6ADA3E59CA8E5AEA1E6A0B8222F3E0D0A202020203C73657175656E6365466C6F772069643D225F3822206E616D653D22E698AF2220736F757263655265663D226973417564697422207461726765745265663D2261756469744D657373616765223E0D0A2020202020203C636F6E646974696F6E45787072657373696F6E207873693A747970653D2274466F726D616C45787072657373696F6E223E3C215B43444154415B247B697341756469743D3D2774727565277D5D5D3E3C2F636F6E646974696F6E45787072657373696F6E3E0D0A202020203C2F73657175656E6365466C6F773E0D0A202020203C6578636C7573697665476174657761792067617465776179446972656374696F6E3D22556E737065636966696564222069643D226175646974537461746522206E616D653D22E698AFE590A6E5AEA1E6A0B8E9809AE8BF87222F3E0D0A202020203C73657175656E6365466C6F772069643D225F31302220736F757263655265663D2261756469744D65737361676522207461726765745265663D2261756469745374617465222F3E0D0A202020203C73657175656E6365466C6F772069643D225F313122206E616D653D22E5AEA1E6A0B8E69CAAE9809AE8BF87EFBC8CE4BFAEE694B9E5908EE9878DE696B0E58F91E5B8832220736F757263655265663D226175646974537461746522207461726765745265663D227075626C697368223E0D0A2020202020203C636F6E646974696F6E45787072657373696F6E207873693A747970653D2274466F726D616C45787072657373696F6E223E3C215B43444154415B247B73746174653D3D2766616C7365277D5D5D3E3C2F636F6E646974696F6E45787072657373696F6E3E0D0A202020203C2F73657175656E6365466C6F773E0D0A202020203C73657175656E6365466C6F772069643D225F313222206E616D653D22E5AEA1E6A0B8E9809AE8BF872220736F757263655265663D226175646974537461746522207461726765745265663D22656E645075626C697368223E0D0A2020202020203C636F6E646974696F6E45787072657373696F6E207873693A747970653D2274466F726D616C45787072657373696F6E223E3C215B43444154415B247B73746174653D3D2774727565277D5D5D3E3C2F636F6E646974696F6E45787072657373696F6E3E0D0A202020203C2F73657175656E6365466C6F773E0D0A202020203C73657175656E6365466C6F772069643D225F332220736F757263655265663D2273746172745075626C69736822207461726765745265663D2269734175646974222F3E0D0A20203C2F70726F636573733E0D0A20203C62706D6E64693A42504D4E4469616772616D20646F63756D656E746174696F6E3D226261636B67726F756E643D233343334634313B636F756E743D313B686F72697A6F6E74616C636F756E743D313B6F7269656E746174696F6E3D303B77696474683D3834322E343B6865696768743D313139352E323B696D61676561626C6557696474683D3833322E343B696D61676561626C654865696768743D313138352E323B696D61676561626C65583D352E303B696D61676561626C65593D352E30222069643D224469616772616D2D5F3122206E616D653D224E6577204469616772616D223E0D0A202020203C62706D6E64693A42504D4E506C616E652062706D6E456C656D656E743D226D6573736167655075626C697368223E0D0A2020202020203C62706D6E64693A42504D4E53686170652062706D6E456C656D656E743D2273746172745075626C697368222069643D2253686170652D73746172745075626C697368223E0D0A20202020202020203C6F6D6764633A426F756E6473206865696768743D2233322E30222077696474683D2233322E302220783D223337302E302220793D222D352E30222F3E0D0A20202020202020203C62706D6E64693A42504D4E4C6162656C3E0D0A202020202020202020203C6F6D6764633A426F756E6473206865696768743D2233322E30222077696474683D2233322E302220783D22302E302220793D22302E30222F3E0D0A20202020202020203C2F62706D6E64693A42504D4E4C6162656C3E0D0A2020202020203C2F62706D6E64693A42504D4E53686170653E0D0A2020202020203C62706D6E64693A42504D4E53686170652062706D6E456C656D656E743D227075626C697368222069643D2253686170652D7075626C697368223E0D0A20202020202020203C6F6D6764633A426F756E6473206865696768743D2235352E30222077696474683D223130352E302220783D223135352E302220793D2237352E30222F3E0D0A20202020202020203C62706D6E64693A42504D4E4C6162656C3E0D0A202020202020202020203C6F6D6764633A426F756E6473206865696768743D2235352E30222077696474683D223130352E302220783D22302E302220793D22302E30222F3E0D0A20202020202020203C2F62706D6E64693A42504D4E4C6162656C3E0D0A2020202020203C2F62706D6E64693A42504D4E53686170653E0D0A2020202020203C62706D6E64693A42504D4E53686170652062706D6E456C656D656E743D2269734175646974222069643D2253686170652D69734175646974222069734D61726B657256697369626C653D2266616C7365223E0D0A20202020202020203C6F6D6764633A426F756E6473206865696768743D2233322E30222077696474683D2233322E302220783D223337302E302220793D2238352E30222F3E0D0A20202020202020203C62706D6E64693A42504D4E4C6162656C3E0D0A202020202020202020203C6F6D6764633A426F756E6473206865696768743D2233322E30222077696474683D2233322E302220783D22302E302220793D22302E30222F3E0D0A20202020202020203C2F62706D6E64693A42504D4E4C6162656C3E0D0A2020202020203C2F62706D6E64693A42504D4E53686170653E0D0A2020202020203C62706D6E64693A42504D4E53686170652062706D6E456C656D656E743D22656E645075626C697368222069643D2253686170652D656E645075626C697368223E0D0A20202020202020203C6F6D6764633A426F756E6473206865696768743D2233322E30222077696474683D2233322E302220783D223537352E302220793D2238352E30222F3E0D0A20202020202020203C62706D6E64693A42504D4E4C6162656C3E0D0A202020202020202020203C6F6D6764633A426F756E6473206865696768743D2233322E30222077696474683D2233322E302220783D22302E302220793D22302E30222F3E0D0A20202020202020203C2F62706D6E64693A42504D4E4C6162656C3E0D0A2020202020203C2F62706D6E64693A42504D4E53686170653E0D0A2020202020203C62706D6E64693A42504D4E53686170652062706D6E456C656D656E743D2261756469744D657373616765222069643D2253686170652D61756469744D657373616765223E0D0A20202020202020203C6F6D6764633A426F756E6473206865696768743D2235352E30222077696474683D2238352E302220783D223334352E302220793D223234352E30222F3E0D0A20202020202020203C62706D6E64693A42504D4E4C6162656C3E0D0A202020202020202020203C6F6D6764633A426F756E6473206865696768743D2235352E30222077696474683D2238352E302220783D22302E302220793D22302E30222F3E0D0A20202020202020203C2F62706D6E64693A42504D4E4C6162656C3E0D0A2020202020203C2F62706D6E64693A42504D4E53686170653E0D0A2020202020203C62706D6E64693A42504D4E53686170652062706D6E456C656D656E743D2261756469745374617465222069643D2253686170652D61756469745374617465222069734D61726B657256697369626C653D2266616C7365223E0D0A20202020202020203C6F6D6764633A426F756E6473206865696768743D2233322E30222077696474683D2233322E302220783D223337352E302220793D223337352E30222F3E0D0A20202020202020203C62706D6E64693A42504D4E4C6162656C3E0D0A202020202020202020203C6F6D6764633A426F756E6473206865696768743D2233322E30222077696474683D2233322E302220783D22302E302220793D22302E30222F3E0D0A20202020202020203C2F62706D6E64693A42504D4E4C6162656C3E0D0A2020202020203C2F62706D6E64693A42504D4E53686170653E0D0A2020202020203C62706D6E64693A42504D4E456467652062706D6E456C656D656E743D225F3132222069643D2242504D4E456467655F5F31322220736F75726365456C656D656E743D22617564697453746174652220746172676574456C656D656E743D22656E645075626C697368223E0D0A20202020202020203C6F6D6764693A776179706F696E7420783D223430372E302220793D223339312E30222F3E0D0A20202020202020203C6F6D6764693A776179706F696E7420783D223539302E302220793D223230352E30222F3E0D0A20202020202020203C6F6D6764693A776179706F696E7420783D223539302E302220793D223131362E3936383731393432323637313331222F3E0D0A20202020202020203C62706D6E64693A42504D4E4C6162656C3E0D0A202020202020202020203C6F6D6764633A426F756E6473206865696768743D22302E30222077696474683D22302E302220783D22302E302220793D22302E30222F3E0D0A20202020202020203C2F62706D6E64693A42504D4E4C6162656C3E0D0A2020202020203C2F62706D6E64693A42504D4E456467653E0D0A2020202020203C62706D6E64693A42504D4E456467652062706D6E456C656D656E743D225F32222069643D2242504D4E456467655F5F322220736F75726365456C656D656E743D227075626C6973682220746172676574456C656D656E743D2269734175646974223E0D0A20202020202020203C6F6D6764693A776179706F696E7420783D223236302E302220793D223130302E30222F3E0D0A20202020202020203C6F6D6764693A776179706F696E7420783D223331302E302220793D223130302E30222F3E0D0A20202020202020203C6F6D6764693A776179706F696E7420783D223337312E302220793D223130302E30222F3E0D0A20202020202020203C62706D6E64693A42504D4E4C6162656C3E0D0A202020202020202020203C6F6D6764633A426F756E6473206865696768743D22302E30222077696474683D22302E302220783D22302E302220793D22302E30222F3E0D0A20202020202020203C2F62706D6E64693A42504D4E4C6162656C3E0D0A2020202020203C2F62706D6E64693A42504D4E456467653E0D0A2020202020203C62706D6E64693A42504D4E456467652062706D6E456C656D656E743D225F33222069643D2242504D4E456467655F5F332220736F75726365456C656D656E743D2273746172745075626C6973682220746172676574456C656D656E743D2269734175646974223E0D0A20202020202020203C6F6D6764693A776179706F696E7420783D223338362E302220793D2232372E30222F3E0D0A20202020202020203C6F6D6764693A776179706F696E7420783D223338362E302220793D2238352E30222F3E0D0A20202020202020203C62706D6E64693A42504D4E4C6162656C3E0D0A202020202020202020203C6F6D6764633A426F756E6473206865696768743D22302E30222077696474683D22302E302220783D22302E302220793D22302E30222F3E0D0A20202020202020203C2F62706D6E64693A42504D4E4C6162656C3E0D0A2020202020203C2F62706D6E64693A42504D4E456467653E0D0A2020202020203C62706D6E64693A42504D4E456467652062706D6E456C656D656E743D225F36222069643D2242504D4E456467655F5F362220736F75726365456C656D656E743D22697341756469742220746172676574456C656D656E743D22656E645075626C697368223E0D0A20202020202020203C6F6D6764693A776179706F696E7420783D223430322E302220793D223130312E30222F3E0D0A20202020202020203C6F6D6764693A776179706F696E7420783D223537352E302220793D223130312E30222F3E0D0A20202020202020203C62706D6E64693A42504D4E4C6162656C3E0D0A202020202020202020203C6F6D6764633A426F756E6473206865696768743D22302E30222077696474683D22302E302220783D22302E302220793D22302E30222F3E0D0A20202020202020203C2F62706D6E64693A42504D4E4C6162656C3E0D0A2020202020203C2F62706D6E64693A42504D4E456467653E0D0A2020202020203C62706D6E64693A42504D4E456467652062706D6E456C656D656E743D225F38222069643D2242504D4E456467655F5F382220736F75726365456C656D656E743D22697341756469742220746172676574456C656D656E743D2261756469744D657373616765223E0D0A20202020202020203C6F6D6764693A776179706F696E7420783D223338362E302220793D223131372E30222F3E0D0A20202020202020203C6F6D6764693A776179706F696E7420783D223338362E302220793D223234352E30222F3E0D0A20202020202020203C62706D6E64693A42504D4E4C6162656C3E0D0A202020202020202020203C6F6D6764633A426F756E6473206865696768743D22302E30222077696474683D22302E302220783D22302E302220793D22302E30222F3E0D0A20202020202020203C2F62706D6E64693A42504D4E4C6162656C3E0D0A2020202020203C2F62706D6E64693A42504D4E456467653E0D0A2020202020203C62706D6E64693A42504D4E456467652062706D6E456C656D656E743D225F3131222069643D2242504D4E456467655F5F31312220736F75726365456C656D656E743D22617564697453746174652220746172676574456C656D656E743D227075626C697368223E0D0A20202020202020203C6F6D6764693A776179706F696E7420783D223337352E302220793D223339312E30222F3E0D0A20202020202020203C6F6D6764693A776179706F696E7420783D223230352E302220793D223231302E30222F3E0D0A20202020202020203C6F6D6764693A776179706F696E7420783D223230352E302220793D223133302E30222F3E0D0A20202020202020203C62706D6E64693A42504D4E4C6162656C3E0D0A202020202020202020203C6F6D6764633A426F756E6473206865696768743D22302E30222077696474683D22302E302220783D22302E302220793D22302E30222F3E0D0A20202020202020203C2F62706D6E64693A42504D4E4C6162656C3E0D0A2020202020203C2F62706D6E64693A42504D4E456467653E0D0A2020202020203C62706D6E64693A42504D4E456467652062706D6E456C656D656E743D225F3130222069643D2242504D4E456467655F5F31302220736F75726365456C656D656E743D2261756469744D6573736167652220746172676574456C656D656E743D2261756469745374617465223E0D0A20202020202020203C6F6D6764693A776179706F696E7420783D223339312E302220793D223330302E30222F3E0D0A20202020202020203C6F6D6764693A776179706F696E7420783D223339312E302220793D223337352E30222F3E0D0A20202020202020203C62706D6E64693A42504D4E4C6162656C3E0D0A202020202020202020203C6F6D6764633A426F756E6473206865696768743D22302E30222077696474683D22302E302220783D22302E302220793D22302E30222F3E0D0A20202020202020203C2F62706D6E64693A42504D4E4C6162656C3E0D0A2020202020203C2F62706D6E64693A42504D4E456467653E0D0A202020203C2F62706D6E64693A42504D4E506C616E653E0D0A20203C2F62706D6E64693A42504D4E4469616772616D3E0D0A3C2F646566696E6974696F6E733E0D0A, '0');
INSERT INTO `act_ge_bytearray` VALUES ('40003', '1', 'D:\\WorkSpace\\JMonkey2.0\\target\\classes\\processes\\message-publish.messagePublish.png', '40001', 0x89504E470D0A1A0A0000000D4948445200000269000001A608060000002727132E0000329C4944415478DAEDDD096C9475FEC7F186B81B971863CC46628C31C668CC86185D6334C62866A35934ACA6ED3C8FCF331D1845AB9CE2A2180984B21AF1AFDDC555B248745DAFB8ABC6F5403740012B5DA802BA8056E5580EB9CB25574FDAE7FFFDE233EE503AED33ED4CE7F73CF37E25DF941EF4F8CE737C9EEBF72B2901001405CFF3CE59B870E1FB73E6CC39565D5DDD3979F2642F994C7A77DD7597974824BC871E7AC89B3E7D7ADBCC9933774E9C38F1F7740C0000208F76EDDA157FFDF5D78F3CF8E083DED8B163BDBFFDED6FDE679F7DE6EDDEBDDB6B6E6EF6545B5B9BD7D8D8E8AD5AB5CA7BE38D37BC3163C678E3C78FEF9C3A75EA32C77186D0450000801C91EC3564E9D2A5FB274C98E05557577BEBD6AD3B19C6826A6868F0E6CC99E3DD7BEFBDDEE4C99367D2510000807ED2B3677FFEF39F3B274D9AE4AD59B3C6EB8FEFBEFBCE9B3871A2F7C0030FEC4D2693E7D05D0000803E387AF4E8C4E9D3A77BCF3DF79C77E4C8112F17F4B2A87EBF71E3C6FDC0E54F0000802CE919340D684F3FFDB477E2C4092FD7E6CE9DAB67D40E0E1B36EC4CBA0D00001080DE83A69738F58C573E025ACAB3CF3EEB5554546CA3E3C00098F4DC52AFBBE2F303F37900C8057D4840EF41CBD525CE9E2E7D8E1933A6D3719C49741D188090D6D3C7F87C7E3F0F00FDA59739F5294E7D827320E8C304F178BC83FBD300421A210D007AA0E3A0E9301B03E989279E68BBEBAEBBE6D37D8090464803806EE84C023A50ED409D454BF9F6DB6F3DC771DA79880020A411D200A01B3535351FE94C02F97C5820936432D961DBF6BDBC0A00218D9006005DE85C9C3AD55321CC9E3DBBE9AEBBEEAAE35500F218D278FA92A73B0184934E96AE737116C28A152B4E4848DBCEAB000000D0C5E4C9934F4E965E08FBF7EFEF9490D6CAAB000000D04522913839765921E884ED12D2B832000000D09586A44222A40100007463D4A851853C93D6494803F2881BDB0120BC7EFFFBDF17EC9EB4C6C6C636EE4903F21CD2827C0C00609E193366B416EAE9CE850B1736F274274048030074E3F1C71FDF56A871D2A64F9FBE8771D200421A00A01B13274EBC7BCC983105997140A78562C60180900600C81CD43A067AEECEFAFA7ABDD4C9DC9D00210D0090C9B469D33E79E699670634A4555656EAA5CEF9741FC87348E3E94E0008AF643279CE7DF7DDD7D9D0D0302001EDF3CF3FDFAF67D11CC71942F70100007A307EFCF8E913264CF08E1C3992D780D6D4D4D4E1BA6E9B04B449741D000020803163C6EC9E3D7B763E1F22E8949FD168DBF666BA0D00001090DEC43F7EFCF8FD73E6CCC94750EB9C3A75EAF73A2E9A5E5EA5DB0000005906B5CACACAC63FFEF18FDEF1E3C773768973DCB871FAA0C076EE43030000E847504B24129BEFBFFFFECEB56BD7F6FB2101BD074D2F7172060D00002007F4E6FE8A8A8A133366CC68D7B096CD25D0D5AB57EFD37BDCFCA73879480000002097F4EC976DDB6FEBD9B091234776565757377DFAE9A727F6ECD9D3D1D6D6763290C9DB4E9D2C7DD1A245FB75AA279D4940C3998E83C6E54D0000803C93D095905A2CB54D825B93BCF5D2AA55EF3993AAD7A99E9849000000A0B0C18DC1CB010000086900000020A401000010D2000000404803000020A40100008090060000404803000000210D0000008434000000421A0000000869000000843400000010D2000000086900000020A40100008090060000404803000000210D0000809006000000421A000000210D000000843400000010D2000000086900000020A401000010D2000000404803000020A4010000809006000000421A000000210D0000008434000000421A0000000869000000843400000010D2000000404803000020A40100008090060000404803000000210D0000809006000000421A0000000869000000843400000010D20000D9F23CEFCCCD9B376FAFAFAFF7962C59E2D5D4D45006D4E2C58BBD65CB96754ACD65292D8A40B64743592F758C4E014011D180565757E73536367AADADAD9441B56FDF3EAFB6B6B653025B354B6AE4435AA2B79066DBF64C3A05004544CFA011D0CC0E6A353535AD2CA94511D4F6F510D28E0E1B36EC4CBA040045442F711286CC2EBDFCC9925ADC67D31CC799458700A0C86800200811D2604C50EBEEDEB4639C450300425AC63AF6C36E6FF3AABF790D8BFF70B2F4DFFA314214210DF93D9BC6BD68004048CB58470FEDF4BE5E38DD5BFBF123A7947E4C3F479022A421A7416D1767D100008142DAF6860F4F0B68A9DAD1309F204548430ED9B67D6F5A489B464700809096B1BEFDE4FF328634FD1C418A90869C9F4D3B796F1A67D1008090D6637D5D539531A4E9E708528434E43CA4254A4B4B79DD816EE8C18B9E6596AAF387AE69ED722FE709A90352F5AEEBCE4D2693E7D03510D228421A72658A94BEEE3C3400F8CACACAAE90E0552BC1AB2DC00C1DE943D874D8B6DD206F6FA08B885C48D3A739338534FD1C418A90869C07B44EA92FFDB7043514FD993309590B249C79D984B30C55CF9935442AA46D5C3E276348D3CF11A40869C879404B05B369043514B3F2F2F2DF388ED3DC356C8D1D3BD69B376F9EF7D9679F793B77EEF49A9B9B3DA56F75169D2FBEF8C27BF5D557BD4993267537C55A93655977D25D4422A41DD8B9CEFB7AD18CD32F75CAC7F4730429421AF212D07AFB381069FAA4733C1EEF480F588F3CF2C8C90076E2C4092FA8356BD67853A74EED1AD63A1983109108695A5B56BF765A48D38F11A20869C86B40EBFA7986E440D104B4F4CB9B12D6BCF9F3E76715CEBA5AB06081974C26192C1A110B692D2DDEC615734FBFD4291FD3CF11A40869C86B404BE1D2278A825EE29480D6997E6973C3860D5E2E6CDDBAD59B3061C22967D4B8F489D086349D5160C3F2E733DE93A69F63D601421AF21ED0D2835A0767D41055FA9040FA3D681AD0F41EB35CD2EF971ED4F41E351E2640B8425A4B8BB77BE352EFAB05533306B454E9D7E8D772568D9086BC06B4F4FFD7C1193544913EC5997E89335767D0BA3BA3D6E5D2E74ABA8F5084B4DECE9E71568D90868205B4AEFF9F336A880C1D072DFD3E34BD072D9FF41EB5F4FBD3F4322BAF028C0F6941CE9EF574568D6045484356016D90D48BFEDB9E74FD3AEE5143A4E840B5E94F71B6B5B579F9F6E8A38FA65FF66CE05580F121ADAF012D55042B425A94F5733ECDEE02DAFA921F671758DF4350CBF4759C514364D6ABF4990474988D81B06EDDBA536626901AC2AB01A3431A4548438F47FB87E588FBED3EDC68DCDD25CE17FDE0E5F510D4D2035AAAE6F5F27D0193D69903127EC6F6F4353A1446FAC302FD196A235BE903DEEA5C9FBC6220A45184B4F0EE70DA5347DDF2F6CD80612D5390EA2E80A507B5DE3E9FC2A54F98BCCEA442D0011DFF2CC3D7D4A5BEEEA5975EF206D21B6FBC71CAB451BC6220A45184B490F2C359FA46BD5D3E36AB0F01ADB7A07646C08096FE7378EA132687B454EDEB7A664D3F96FABC4EF53490F4D26ADA25CF43BC6220A45184B4E8EC7052754C6A5A9601ADA7A0D69A4540EB1AD4B8470D6158677EBA0C2A6F7FBA1F6DF7EEDD031AD274DCB4B4DFE904AF180869545621ADB2B272F08811237E291B900B6DDBBECC75DD2B2B2A2AAED747C6E563B74B95CB46AE422F25C8BFC7C9BF27CBD74C957A5C3EF6B4BCFFACDE6B6159D65FE5F3AF4BBD251F7B4FEA63F97C8DFF54D57279FF7379FF4BA975F2FE37521BE5635BE4EDF7523BA5F6C8E7F488F7A0D40F5247A58E4BE9E093AD526DFEE5C00EBF3A336C9C75DEBC4EFFAC94D609FFFFE9F768F1BF9F7EDFA3F2357A0FD821DDA0FB47DB7BA476C9C7B7CBDBAD52FF957F6FD0DF57BEEE2B79BB46DE5FAD972DA4FEEDFF6D8BA5FE251FFF507AF04FE9C53FB40FF2FECBF27FE6C9BF9F978FFF49DE3EA53DD3B025EF4F91CF4FD29D88BC7F8FDFDF580F3B9C54E9EFFD6449F6F78A7517D4B20968295CFA445842DA4F67D6D2DF4F4D963E50F4E7A5FF7C5E3110D2A8C025E1E09470931680DAFDA3CF93A14602C4713F3469783AA8614A6A8F1FAEB6C9BF37A78599751AC63494F941E613A945124C3ED2F0A6214E438C863AF9BABFC8C7666B80D19B7B35FC6908D430E88742F9905B2A759B7CFDCDF2B1EB34446A98D450A9E132F544A4BED57BB8F409AAD1A3475F54565676B97EAD7CDDB5F27F6F94FF73ABBC1DA1A153BFAF862379FF01793B5143938627FD1DF4F2A21FAA9E97F75F48854F3F7CBD2BEF7FA0A1CC0FA09FF87F63BDBCBF4AFEEF7FFC30A72174BDBCBF49C39E1FFA76FA3DDBE71FE51FD290A87DF5FBDB146087E3959696A6C255B68FF49FD1CD19B456FFE3D95810E4F7A42813AB10086920A4515CEE8CF059013FD04DEAE65267D04B8FB93E93368B570B869F493BA6075D7AF0C699348090464843BFE859C06E7634BB7A185E60A0EF494BCDEDC9A54E981CD27E0A67A9AFE19E342064212DC3198501FB3C210D5DC98EE486B4D1C9BFD3F703FCB7817CBA93816D617248D37B4C67753720344F7702210C693D7D2CDF9F27A4A1AB783C7E8DFF30C50D59FED74C4F5DE66A9CB444094F75C2DC9076DA99B36EBE8671D200421A210D0533AD9B335DB99C71A09A1623ACF40C5BA1661C78F0C1079971008434421A210D799BBB93808650F31F1E38C1DC9D00218D900613CEA8A507B57925BD3F14D0F5EB180F0D91224169652A303DF2C8230372366DEAD4A95EDA7DA60DBC0A20A411D20869E8EFCC000434444E5959D915E90360CF9F3F3FAF016DC18205A73C75AA8383F32A8090464823A4A13F416B4A09010DD13D9BF6D30304F178DCDBB061435E02DAD6AD5BBD51A346A587B495741F843486E020A4A13F818B808648D3B1086DDB6E4A7F8840C731CBF5B868E3C78F4FBFCCD9A43F97EE83904611D2D0DD19B520973E13253C2480226059D69DE9973D35A8E5EA8C9A9E414B0F68FA73F4E7D17510D228421AFA7A862C750F1B010DC512D4A6A40735BDF4A9F7A8F5E76102BD07ADCB254E3D8BC6596910D228421AFA1CD4BA1B5F0D28BAA0967AEA73CD9A35590FB3317DFAF4AE53537512D04048A30869E84B509B9616D0984900C51CD4EE4CBF472DFD12A8CE4CB06AD5AA93737DA62665D7B77ACF9906399D49207DA0DAF47BD0B8C409421A4548435FA4CE9CD5FA6F67D1121433BDA93FFDA9CF7ED64A1E1200218D22A4A15F67D47487424003FE47C751B36DFBCBF499098294CE24A003D5BAAE7B1B5D04218D22A4A1DFFC9036884E00A7D229A4FCB93EF5ECDA3EF9775BD750267548274BD7B93899EA0984348A90869C87B4582CF6733A01F44C42D8A4B48036968E80904611D290F79056595939984E00BD86B4436967D20ED01110D228421AF21ED2860F1F7E369D007A5C4FA675730F1A67D34048A30869C86F488BC562E7D209A0C7F5E470370F0BECA13320A4518434E435A4251289F3E804D03DDBB6AB333DD1198FC76D3A04421A454843BE425A676969E9F97402C8B88E34F730F4C6363A04421A454843DE429AD4857402389D3F04478FE3A331AB00086914210D790B698944E2623A019CAEBBA9A2BAA9ED740AA1B664C9128210210D66EE843A93C9E4A5740208745073ADCE44402710297575751D3A192D61C8CCDAB163C7360969AD2CA9C547474D2F2B2BBB9C4E0081D6971B24A4B5D30944CAD2A54B9FACADADEDDCBB772FA1C8C080B678F1E276A96A96D4A23C33A0F30D0EA51340EF2CCBBA59D699363A81C8911030B3A6A6E6985E560B73BDF2CA2B27EF4308FBDF9156AD04B4E20E69AEEB5E492780DEC901CDADB2CE70D5013078A776D89F941A88C2F27C22168B5D4D2780DEC901CD6D8434C0504CB08B288634BD199A4E008142DA1DB66DB7D009C0405D1EC7E6B16B4461996EAFA8A8B89E4E00810E6ACA75705B3A0198B733AB6610434470A7D32ECBF18D7402E89D23649D69A21380592BE6101DAAA09B410C57D21D843CA4B5E9136B740208B4BE24A48ED109C0AC90F65EA6D1A66DDBBE8C0E21CC214D96EF5BE80410687DB947EA289D00CC096843FC9BAB334D09C2D9348479F96E8DC562BFA51340A0F5E57EA923740230E7C8A9AE9779DB3A478F1E7D119D424897EF16A9DBE90410687D1927F5039D00CC386AD2B368C7F4E6EA5E825A2DDD4218E970023AAC009D0002ED1326491DA213400856D2783C7E8DCEE556565676059D4148CF0C344B482BA51340A0F5E561A9037402309465598F4930DB4F2710919D4E936DDB313A01B0FD0742CF75DDC765A7B6874E202A214DC77EA21340A0F5659AD43E3A01981BD29E9190B6834E200A64593E2E19AD824E0081425A95D45E3A0198BB923E2FB5954E2022CBF331CBB246D109A0777240F384AC33BBE90460EE4EED25A98D740211599E8FEA009D740208B4BE3C25B5934E00E6AEA4AF4B7D43271005B66D1F91E5F93E3A01045A5F740EE7ED74023094E338EFC88ABA864E2022CBF361CBB21EA01340A0F5E5590969DBE80460EE4AFAA184B455740251A0A3A7EB28EA740208B4BECC91DA4227007357D285522BE804A2400E380EC9F23C914E0081D69717647DF92F9D00CC0D69B5529FD0094481E338072DCB7A884E0081B6FF3C380618BE92AED0B369740211599E0FE85437740208B4BEBC22B59E4E0086721C67B565591FD0094464A7B35FEA513A01045A5F78BA1F307C255D6BDBF6DB74025120CBF23ED775A7D20920D0F6FF4D59671AE80460EE4AFA8D1E4DD1094464796E949A4E278040EBCB5B12D2D6D109C0DC957493E3382FD209446479DEABF311D20920D0FAF2AE14E3640206AFA45B75FE4E3A8128B06D7B8FEBBA8FD30920D0F6FF7DA92FE80460EE4ABA53766C4FD309446479DE2DF5249D0002AD2FF3A556D209C0DC95748F84B49974025139E8D049A3E90410687DF997543D9D000CE538CE7ECBB21EA313880239E0D8E1BAEE3374020814D216492DA71380B93B35A6D141940E3AB6CB41C79FE8041028A42D915A4627007343DA115949EFA31388C84E679B04B567E90410687D615A40C0F095F4B8944B271091E599A79581E0EB4B9DD4623A0198BB92365B9675279D4014388EB3C5B6EDBFD00920D0F69FB99B01C357D256D9A9DD4A271091E5F9BFB23CBF40278040EB4BBD3EE149270043C90EADBDA2A2E27A3A8188EC7498410308BEBEACD4B1D2E80460EE4ADAE1BAEE9574025120016D8365597FA51340A0EDFF173AEB009D00CC5D493B6DDBBE844E2022CBF37AA957E80410687D59A3F377D209C0E090E638CE103A81882CCFDF4ABD462780DEC901FA3A595FDEA21380B93B352F168B9D452710919D4E831C74BC41278060EB8BEC03DEA41380C1218D2E2042CBF3D7B2E3F93B9D0002AD2F9C79064CA567D0086988D899012EDF00C143DA7AC7715EA61380814A4B4BCFD77BD2E8042214D2D6C84EE71D3A01040A690C5903982A994C5E2A3B35421A22437638FFB12CEB9F7402087450B3D975DDB9740230908E8FA6E3A4D10944E8CC00E33E01C1D717E6BA054CE538CE0DB282B6D30944E8CCC02A59AE3FA41340A090B64DD69767E90460E60EED569DBB934E2042071E9F5B96F5119D000285B4EDB21FA8A61380815CD72D9595B4994E20423B1D268C0682AF2F3BA59EA21380811CC7A990A3A8E3740211DAE9AC905A48278040EBCB6ED90F3C4127003357D0FB24A41DA11388D032FD6F59A66BE80410687DD92B5545270003C911D424A943740211DAE92C935A42278040EBCB3EA9697402309065598F4948DB4F2710A19D4EADD427740208B4BEEC977A944E0006725DF771DBB6F7D00944852CCF4BE5C0E3533A01040A6907657D994C27003343DA33B253DB412710A19DCE62A93A3A01043AA83924EBCB443A0198B9437B5E479CA61388D032BD486A399D0002AD2F871DC7194B27003357D097A436D20944E8CCC0021D2B8D4E0081D69723FA943F9D00CC0C69AF4B7D432710158EE37C2C3B9ECFE80410681F7054EA1E3A0198B9437B4776686BE80422B4D3992FB5924E0081D6976352093A019819D23ED409A9E904A2C2B2AC0F64B95E4D27804021AD49D617874E0066AEA00B751A1D3A81081D78BC27071E5FD20920D03EA059AA9C4E0066AEA00CFC89A82DD3EF4A71091F08400E685A5CD7BD834E0066EED0988C1A51DBE9BC2DCBF45A3A0104DA07B44A48BB8D4E0006D27B77F41E1E3A81A8901DCE3F24A87D4527804021AD4DF603B7D009C0CC1574AD9E79A01388D032FDA62CD30D7402081CD26EA21380992BE8373A561A9D40849669C6FE030292039AF68A8A8AEBE90460E60E6D931C45BD48271015B23CBF2A3B9EEFE80410681F70221E8F5F4327003357D0AD3A7F279D408442DACBB24CAFA71340A07D4087EBBA57D209C0CC1574A76DDB4FD309446899663E5A208B9026FB80A17402307305DD232BE84C3A81A890E5799EE3389BE8041038A45D46270003C9CE6CBF65598FD1094485EBBA7365A7B3994E0081425A672291B8984E0006929DD921594927D2094468A733476A0B9D0002ED033A478E1C79019D00CC5C418FC80EED3E3A81082DD3CFC932BD8D4E00810E6ABC4422711E9D00CC5C418F4BB9740251E138CE6C59A6BFA71340B090964C26CFA11380992B68B3655977D20944856DDBD5B25C6FA71340B09056595939984E0066AEA0ADB253BB954E204221ED691D5A864E00C1425A5555D5197402307387C694208814C77166C98E67179D007AE6BAEE540D6923468CF825DD00CC3C8A62B469442DA43D21CBF56E3A01646659D69F74FBCF836380D921ADD3B6ED4BE804A2420767D6419AE90490F140E6559DB353AA9C6E00868734596187D0094485EBBA3324A835D209E07496657D24DBFD76797B33DD00CC0F695E2C163B8B4E2042CBF434A97D7402386DDD5821D5227515DD000CA703186A48731C6732DD4084CE143CA6D39DD109E047FAF4A66DDB0DB2BD3F964C262FA52340788EACC6F9378F4EA31B8848489B22CBF3013A019494E818683A03871CB81CE4D6162084E408EB5EFF29CFC7E906C24ECF0CCBF27C904EA0D8C562B173F5FE4C7DDA79F8F0E167D31120BC3BB60A3FA83D433710F2657992D4213A816226DBF30BA57E907561D3B061C3CEA42340C8C91157CCBFF4F93CDD408897E309BA73A213285665656597CB3AD024B546DE1D44478088B02C6B848E9F23475F2FD20D84912CBB6365193E4C2750A40729D7C93AD02AEB402DDD00A2B992DFEA0F74F81ADD400843DAFD5247E8048A4D2C16FBAD8E8126F52EDD00A2BDA3BB495776096C6FD30D84EC20431F84394A27504C649977F5761559FEE7D10DA008E8C4EBB2D2B74960FB906E2044071877EB7850740245746032C1BF9FF849BA011491582C76B5ACF87A7FC322BA8130906535414843112DEF551AD018941C285265656557E85422B211F8946E20043B2DBDEC739C4EA00896F5E765BBDC6159D628BA011477504B3DD25D4F3760B2783C6E8B263A81289365FCEFFA80973E914F3700E846E112A9E3525FD20D984A765CE552CD7402115EC617398ED32601ED46BA01207DE3A0A3581F95FABA8441126120D971DD49484384B7C12B75F9D6DB50E80680D39496969EAF23BA4BADAFAAAA3A838EC0B090A60332B7D00944492C16FBB96E736DDB3E9248242EA6230032928DC4793A89B56C3036EBC6838EC014AEEBDEA64F24D3094428A09D25CBF476A9FDBAEDA52300826C38CE9590B64F361CDF33812F4CE1CF98414843640E881DC7D92FCBF50E0D6B74044060C3870F3F5B361E7B64A7B88B0D084C505E5EFE1BBDA99A4E200201ED62BDBCA99739B96201A04F2A2B2B07EB519E6C48F66A68A32328247F4A33421A42CD1F9FB259B6ADABE806807ED1CB9DB241D9AAF74CE865503A820286B41B74DE593A81302FC37A3698995E00E48C3EE9291B954DB27139C4CDAD2814DBB6AF23A421ACFCA7934FE860B5740340AE0D920DCCB712D40E8F1C39F202DA8181168FC7AFD19D1C9D400803DA289DE64996DF397403403E83DA5A9DE47AF4E8D117D10E0C2459EEAE22A4216C7482749D285D274CA71B00F24E6F78D5F93E93C9E4A5740303456FB8D6B3117402213AB07852039A6C3327D00D0003B9F159AE4F28C5E3F15FD10D0C045DD674874727109283D979FE1934976E0028C44668A94ED3E3BAEE9574037938106896F27AA9ED740A062EBBEFEA432EB158ECB7740340213746FFD2B1ABA4AEA51BC825C77166F516D274D2753A05C3B6899FE8CC18FA3432DD0060C2CEF43D3D6AD43180E80672BCC3EBE96CDA363A0483E883556BF47E5D6E030160141DFB47AA5DA7EEA11BC8E172559D29A4C98ED0A64330814EED2407A99B64B9FC41EA423A02C038B2717A458748705DF736BA811C2E5747BB09697BE80C4CA053E6C9F2B85B0E281A99950580D16443F5820635EE15420E43DAB4AE21CD719CB174068526CBE110591E0FEAA5779DEB988E0008C3866BB68E6725E5D00DE428A81D4E0B6907E8080A4DC789D481BDE5C0B441A7CEA32300C2B4537D4AC708D2E950E8067210FC27A59D459B444750E0ED9BCE7ED122B5826E0008EB86AC4A839AEC54EFA71BC8C1F274F26C1A9D4021C981E7CDFA34BBBCFD886E0008FB8EF5517FD4ED89740339589608692818D7754BF59E5B39F07C956E008804BD3CA5F7A8C991E714BA6126CFF3CEDCBC79F3F6FAFA7A6FC992255E4D4D0DD5875ABC78B1B76CD9B24EA9B92C55913B48B8CFBF85E34F740340A4C886ED01DDC0C991E80CBA611E0D687575755E6363A3D7DADA4AF5A3F6EDDBE7D5D6D6764A60AB66C98ACCF6EB313DD094EDD754BA012092642377B77FE9F349BA61163D834640CB6D50ABA9A96965C90A3F7F4065EEAD05501441CDF12F7D72C9C0207A89937095DBD2CB9F2C59E1961AA05BAA9C6E00280AFECDB71D7284FA17BA61060D14042B421A4E39A0FC509FE264AA3B00C578847ABBFF94D4CB74233C21EDD80FBBBDCDABFEE6352CFEC3C9D27FEBC7086584B4886D9F96EB3868B158EC6ABA01A0588F546FD12355A937E986F921EDE8A19DDED70BA77B6B3F7EE494D28FE9E7086684B4B0D39903647BF4B5CE24A0330AD0110045CDB2AC1BFD8121FF4937CC0E69DB1B3E3C2DA0A56A47C37C8219212DD4860D1B76A66C8BB6CAC1E3A1D2D2D2F3E90800949CBCB470AD6C18DBA43EA61BE686B46F3FF9BF8C214D3F473023A485552C163B57B6437BA5762793C973E808009C1AD4742EBC56A92574C3CC90F6754D55C690A69F239811D2C268E4C89117C876E707A9FFEAD9343A0200DDB06D7BA86C289BA5FE4D3708698434E45B5959D9E5B2BD392EDB9E35F2EE203A02003D07B5CBA49A64C3B9926E9815D2F469CE4C214D3F473023A485897F9B45ABD4A7740300024A241217EBD3551CDD9A15D2362E9F9331A4E9E7086684B4101D0CDE2AD52E01ED3DBA010059D2FB4464037A44C2DA3704353342DA819DEBBCAF17CD38FD52A77C4C3F473023A485814E79E24FF3F422DD0080BE6F4C87C8D1EE21D9A06ED4F18BE84861439AD696D5AF9D16D2F4638432425A18C8B6649C1FD066D10D00E8A7112346FC5236AA07A4B6C462B19FD3910286B496166FE38AB9A75FEA948FE9E70866843493B9AE3B43039AD4C37403007244C72D920D6BA3D4F6CACACAC17464E0439ACE28B061F9F319EF49D3CF31EB0021CD54B66D3FE79F41BB9B6E00408EC562B1B374A0492DFD371D19A090D6D2E2EDDEB8D4FB6AC1D48C012D55FA35FAB59C5523A49944A79DD379825DD7BD836E00409EE840937224BC5D36B8FB18153CFF21ADB7B3679C5523A48520A02D946AD3E9E7E80600E499DE9726416D8BDEA7A6F7ABD191FC85B42067CF7A3AAB464823A415926C273ED7C1B15DD7BD926E00C000D1273D6503BC41A772D12740E9487E425A5F035AAA086984B4426D1F6CDBFE4EB60F4775CC453A0200036F906C881BA4742CB50B6947EE431A45480B1BBD5FD5BF25E28004B4F3E8080014906C8CD7E8EC041C3113D20869C54D6F7F9083B67DB23DD8C9C345006008FFDE93269DF7936E10D20869C567F4E8D117E90C257A1B04E32902806124A4D549486B911A4A37086984B4E2A1EBBC3E2020016D750953C80180B11BEB1AD950B7CA91F4D574839046488B3E59DF6F906A9390B6986E0080E164633D5FC74592C0761DDD20A411D222BDAEDFAE83D44ABD453700203C47D7EFC886BB5DDEDE4437086984B44806B484ACDF1D7230F617BA0100E10B6A6FE851B66CC46FA51B8434425A745896F590CEC329EBF64CBA0100E13DDA7E49839A6CD447D00DF3429AFCD86E6BA03E4F480BE5C1D7131AD0A426D20D00087F509BE36FD4CBE9867921ADA78FE5FBF384B470B16DFB055D9725A855D00D0088CEC6BD5AEF5F910DBC4B37086984B4F049DD67EABAEE6D740300A2B7914F5D26B9876E10D20869A13AC85A2AEB6D2B4F6C034084C9867EBA7FB9642CDD20A411D28CA7F3F37E29D5148FC77F453B0020FA41ED61BDF4A94F88D10D421A21CD4C3AB593ACAB9BA40E4B5D484700A048C891F9043DA32641ED31BA414823A49965F8F0E167CBFAB94BAA51274DA7230050646407701F632D153EA495300407D2388E3344D6CB0352DB2A2B2B07D3110028DEA096F083DAD3843406B325A41596AC8797C8FA784CEA9BAAAAAA33E8080014B9783C6EFBD3CB3C4748235811D20A76C07495AC832DF2B69E6E00007EE2BAEE1DFE1452F3086914216D60E91CBBB2FEB5C9DB8FE90600E034B158ECB71AD46447F12A218D22A40DD80152A9AE7752AFD30D0040469665DD6CDB76BBEC30DE22A45184B4FC9275ED5E7FDCC2D9740300D0AB8A8A8AEBF5D28B04B60F086914212D3F641D7BD49FAA6D1ADD000004168FC7AFF1A7A1594048A30869B9A54F53FBE3143E4037000059735DF74AD991E8D366B584348A90961B8EE3BCEC3FA413A31B00803E2B2B2BBB5C7628CDC5302C00218D90966F7A0B81AC4BED12D46EA11B00807EF307D83C2EF505218D22A4F58DAC3F757A665A6F25A01B00809C193D7AF445B283392A81ED2B797710218D22A4053648D69B7552C7A52EA31D00809C2B2D2D3D5F82DA61D9D17C17C5296B086984B45C1B366CD8998EE36C9175E690AE3F6C45000079934824CE939DCE41A94DB158ECE784348A90D6BD6432798E1CD4EC9180B647FFCDD60300907712CECE9590B65F7640DBF44C01218D22A49D6AE4C89117E8D933A9CD515A47000021307CF8F0B3F52C81D4CECACACAC184348A90F623BDEFCCBFFF6C5D4944EFDF0400184EC39986340D6B1ADAC2FEF72C59B284604548EB97D420D052CBD84200000A4A2FE5E8654FBDFCA99741C3FCB7D4D5D57534363612AE72543B76ECD82621ADB558D6051DFB4CC740937A9F2D0300C008FA00813E48A00F14E8830561FD3B962E5DFA646D6D6DE7DEBD7B09593908688B172F6E97AA2E8675201E8FDB3A8B8065597F658B0000308A0EC9A14373E8101D611E6A4042C5CC9A9A9A637A99CEE4923E7B86FF8EADC512D0E4E064ACCEC3A9F371B2250000984A07EDFC4A07BDD5C16F6947FE68488BC56267D18982BF0ED325A4E944E953E80600200C3BAE2F741AA964327929DDC85B8F3B191CB5B0249C3DAB67D0A4EEA11B00803085887A9D985D2768A71BB967DB7627530C1534A0BDE1DF837627DD00008431A8D5EA84D2AEEB5E493772DEDB135257D18982F4FE5F526D12D46EA21B0080D0B26D7B818E1BA5E347D18D9C068576CBB26EA41303BE3C7FA6678839F00000442550BCAF671E2A2A2AAEA71B39EB69AB0485DBE8C4C0D0A797A5E7DFEA433112D42EA123008028858AB764E7A6677F6EA61B39E967B354399DC83F7F668DEFA50E388E33848E000022477670AFEABD54B158ECB774A3DF21ED9804DE517422BF468C18F14BE9F53E9DFE2C0A539F010090916DDBF334A8B9AE7B07DDE857483BAC83A8D289FCD1B1FEA4C787A5D71B75560D3A02002886A0F69C0E00AA53E9D08D3E87B403520FD389BC2DA343A5BF4D3AE69FBC3B888E00008A6927F8B43F1068826EF429A435EA68F77422F7F401177DD0456A09DD0000146B509BE907B5FBE846D6216D97E338B3E844CEFB7ABB5E8E9765F36DBA0100286A96653DE64F4E3D816E641526B6E9B444742277A49F157A19DE75DDB9740300801F83DA43BA73E41EABAC02C5267D08834EE4AC9F93F4604102DAE37403008053779263FD4B9FDC67158004B4EF7448133AD17F1ACC74D9D3A046370000E886EC28EFF177964FD08D5E43DA3A1D20984EF43BA0CDF5CFE2F2000B0000BD043557779A1242AAE94666D2A3D596657D4027FA1574DFF627AABF9D6E0000102CA895FB973EE7D08D8C3DAA975A4827FADCBF25CC270B00401F589635C23FCBF112DDE83664D44A7D4227B2364807A8D5816A75C05ADA0100401F388E738B063579FB06DD382DA42D945A412782D3A99D6459DAA0533DE9944F74040080FE05B59B248CB4CBDB77E8C6FFE8FD687A5F1A9D08462747D749D275B2749D349D8E00009003B66D5FE74FD3339F6EFCD493B7F5094F3AD1BB4422719E3FD7E9F795959583E908000039148BC5AE761CA75582490DDD3879B9F335A96FE944AF61F612E9D351ED555555D51974040080FCEC70874AB5C80EB78E5ED8F374D601968ACC5CD7BD52969566E9D56774030080FC8793CBF4C93C09289F17731F74DE4E9DBF932522637FF45EC636595E16D00D000006482291B85876C0C7A4D6146B0FE46F7F4A6F846769389D655977F254300000850B2917DAB67D44AA41DE1D546C7FBFEBBA33E46F6F6449386DB9484D2DF62CDD0000A04064473C4476C83FE8D857C57653B8FCDD0FEB138B2C05FF6359D6147F1ECEE97403008002D331AF34ACC8CE798B0E565A440175ACFCDD8759027E0AAD4FF967D0C6D20D00000C914C26CFD1414A6507BD7DD8B06167164948BB5BEFCBE3D53F19D05ED27BD0E2F1B84D370000304C2C163B4B76D4BBB5F4DF51FF7B6DDB8EE953AE04B4BBDE975EB44BDDCA5A000080A1743479D9696F976AD4B36B51FE5B5DD7BD4DFECED6220F68CBB407F178FC1A967E00000CA7F7A5C98E7B8BDEA716E5391A2DCBBA51E7342DD2977990FCED6BA58EEBB8792CF5000084843EE9293BF08DB2033FA44F8046348C5EADF76115DB6BABF71CCAEBBA599FEA1D3972E4052CED0000848F9E6DF94642DA9128EECCFD99173A8AE905D54BD8F277EF91BF7B4FD42F67030010F9A0263BF535FA14A4CE5210A53FACB4B4F47CF9BB3A8BE585D4BF5702F721BD945D2C4FF002001079B2635F2961AD294AF72F0D1F3EFC6CF9BBBC6278FDFCB386C7E4ED57254538BB040000510F6AFF966A961DFDD008FD4D910F69FAE4A6FC9D2DFAFAB114030010DDA0B644876C90BA2A2A212DCA63C2398E738B3EC16A59D6072CBD0000449CECF83F966A939DFFB51108699D7AAF56145F277FB0DE13F25ABDCC520B004091B02CEB9FFE199A1B431E643AA3384E98BC2E0FE893ABAEEB3EC3D20A0040919110F0A60635BDA416E2BFE144542EDDA6FD4DD3E435E990B78FB294020050A4F4529A1F746E0F69A009FDD9C02EAFC76C3D8366DBF6BD2C9D0000143909047FF12FAD958630A4B5EA1C9E51781DE46F794D0373185F07000090279665FD492FB14939210B36CD52E561EFBF3ECC217F479BBC0E37B334020080AE81E7493DA32681E1EE10FDCEC724D88C0A79DFEB6DDB6E89DABD75000020875CD79DA1414D9F2E0C49C0392CA1726C187B5D5555758684B3067F26814B58FA0000408F24A04DF12F7D4E0A41483B20F570D87A5C595939587EEF6D5207A5CF4358EA000040D0F03351CFA8993E0C84FC7E8D52D3C3D4DB582C76AEFF7BEFD2F94759DA000040561CC7B9DF0F6A550687B45DF27BCE0A51F8BD502FD14A6D92B0F67396320000D0277A53BE1FD49E3234F46C9390F66C187A198FC77F65DB7693FCBEFF917707B1740100807E717EA4F7A8CD36F077DB24C1679EE93D94DFF13A1DD34DDE2E6589020000396359D69D3AD0AA848C170C0B3FDF49507BD5E4DEE960BBFEF45BEFB0240100807C850D9D42EA158342DA3AF97DDE32B56712CC2AFC699E5E600902000079535E5EFE1B091CED527F372404ADB62CEB03137B957A42567EC72758720000C04004A31BFCCB77EF191084EAA5169AD62309B133FD41811F628901000003198EAED5B926A5FE55E0DFA356EA13C37A33471FB408FB7455000020A45CD7BD5202494B219F58D4B368522B0CEAC93FF4BE3D0968235842000040C1E8D85F124A9AA59617E2E7EBFD687A5F9A09BD90B05A23BF4B9B5E0E66C900000005974C262F9590D6242165550182D1DBFA8467815B304883A28655F95D86B244000000638C1E3DFA220929C7A4D6960CE068FAF2F35E93FAB6507FB74EED243F7FBD84B423DA0396040000609C9123475E2061E5B01F9A0624A8E96C033AEB408102DA59F2F37748ED1B3162C42F5902000080B11289C479129A0EE904E255555567E4FBE7E9BC9D3A7F6721FE4EF9B9FBE5E76FD7B0C62B0F00008C27A1E55C0D30525B870D1B76663E7F964EFC2EB5738003DAC5F2338FEA94540311440100007266F8F0E1674B90D9AB97032B2B2B07E7EBE7B8AE3B437E46A3FEDB719C21FA64655959D915F9FA79FABDF50101F9399FF32A03008050D2CB801268764988DAA3A1ADBFDF4F43987CAF269DED4047F397F232546D3EFE1ECBB26EF407F05DC8AB0B0000424D2F774AA8F95E6FAED7CBA0FDFD7EF2BDEA7A08675A9DF978CAD275DD3BFCC9E5DFE45505000091A0C3544848DB2C01E7A0DE70DF9FEFE55FD2ECE92CDACA5CFFFEF2F3EED69F297FC373BC9A00002052F4067B1D4F4CEA87D2D2D2F3FB199ADECB14D224485D96CBDF5BBEE7C37A6955EF7DE35504000051354802CFD7FA64A4D485FD086943BABB274D02DA97B9FC65E5E7CCF27FCE385E3A000010791AA6A48E4B5DD2D7EFE1BAEEDCAE212D1E8FDB390C682F6A4093B70EAF180000281A1280EA75BECFB2B2B2CBFB11F69AD242DAF65CFD6E9665FD53BE77BBD4ADBC520000A0E8388EF3A984AB96BE8E6B26FF7F522AA4E9BF73F53B49B5CAF7BC9657080000142D09438BA45A63B1D8D57DF9FFB66D1F9150E5C93FFB3BECC620F95E6BE47739DE9FB37B000000912121EB431D24B6A2A2E2FA6CFF6F7979F9F49B6FBE59439AD6CCBEFC7C7F2CB7FFEA93A73A493CAF08000080CFB6EDB7752601096C3765F95FA7FCEC673FD380A64F7676661BD492C9E439F27377EB1456B9186C17000020722428BDA6A3FA6771C3FE942EC16C5A36414DC76B935078502782CFE7FCA2000000A1E70F7D71C2B2AC115906B4DE3E7E8A643279A9FC9C633A6E9B0EB44BE70100007A21C1E9791DA3CCB6ED589601ADEBE7A775F7497D48419F2A955A4EB7010000B2E0BAEE33FE60B2155906B4946E2F7D969797FF46EF7D939A4F97010000FA16D41EF7CFA8DD9B65404B0F6A1DFE5B3D4357AE9752A55EA1BB000000FD0B6A5335A85D71C515EF97F4E1E94D3FD8750C1D3AF4233FF055D3550000801CF8F5AF7F3DFF77BFFB9DF78B5FFCE299BEFCFFB3CF3EFB0FFAFFAFBAEAAA457413000020374E5EE24C0B6883A45EF4DFF6E494AF1B3C78F093257D3B1307000080EE025A5AB0D2C0B5BEE4C7D905D6F710D4327D5D8F4F7D02000020FB80A65EF48397D743504B0F68A99AD7CBF7050000401F035AA600961ED47AFB7C4A563313000000A0F7335D9982D81901035AFACFE920A8010000F43FA0F514D45AB308685D831AF7A8010000F433A0F514D4B20968295CFA040000C8E0223F5C3564F9FFF41267D73368ADFEC7B3B1C0FFBF17F1520000009C2ADBE131727D266D162F01000040CF416DA0EE494BCDEDC9A54E0000807E06B55C3EDDC9C0B60000005906B5EE9EBACCD5386989129EEA040000E893D4BD62E9412A97330E54D362000080BEC9D7DC9D04340000807E9AD64D509B57D2FB43015DBF8EF1D000000072ACBF330310D0000000F2A4AF416B4A09010D000020AFB20D5C043400008001921A80B6B74B9F89121E120000001850BD9D214BDDC346400300003024A87537BE1A0000000A10D4A6A5053466120000003040EACC59ADFF76162D01000030839E51F30868000000E6B9881600000000000000000000000000000000000000000000000000000000008074FF0F92A5FF853C5086BD0000000049454E44AE426082, '1');
INSERT INTO `act_ge_bytearray` VALUES ('50002', '1', 'D:\\WorkSpace\\JMonkey2.0\\target\\classes\\processes\\message-publish.bpmn', '50001', 0x3C3F786D6C2076657273696F6E3D22312E302220656E636F64696E673D225554462D3822207374616E64616C6F6E653D22796573223F3E0D0A3C646566696E6974696F6E7320786D6C6E733D22687474703A2F2F7777772E6F6D672E6F72672F737065632F42504D4E2F32303130303532342F4D4F44454C2220786D6C6E733A61637469766974693D22687474703A2F2F61637469766974692E6F72672F62706D6E2220786D6C6E733A62706D6E64693D22687474703A2F2F7777772E6F6D672E6F72672F737065632F42504D4E2F32303130303532342F44492220786D6C6E733A6F6D6764633D22687474703A2F2F7777772E6F6D672E6F72672F737065632F44442F32303130303532342F44432220786D6C6E733A6F6D6764693D22687474703A2F2F7777772E6F6D672E6F72672F737065632F44442F32303130303532342F44492220786D6C6E733A746E733D22687474703A2F2F7777772E61637469766974692E6F72672F746573742220786D6C6E733A7873643D22687474703A2F2F7777772E77332E6F72672F323030312F584D4C536368656D612220786D6C6E733A7873693D22687474703A2F2F7777772E77332E6F72672F323030312F584D4C536368656D612D696E7374616E6365222065787072657373696F6E4C616E67756167653D22687474703A2F2F7777772E77332E6F72672F313939392F5850617468222069643D226D3135343939333637323633373222206E616D653D2222207461726765744E616D6573706163653D22687474703A2F2F7777772E61637469766974692E6F72672F746573742220747970654C616E67756167653D22687474703A2F2F7777772E77332E6F72672F323030312F584D4C536368656D61223E0D0A20203C70726F636573732069643D226D6573736167655075626C69736822206973436C6F7365643D2266616C73652220697345786563757461626C653D227472756522206E616D653D22E6B688E681AFE58F91E5B883E6B581E7A88B222070726F63657373547970653D224E6F6E65223E0D0A202020203C73746172744576656E742061637469766974693A696E69746961746F723D22247B7075626C6973685573657249647D222069643D2273746172745075626C69736822206E616D653D22E5BC80E5A78BE58F91E5B883222F3E0D0A202020203C757365725461736B2061637469766974693A6578636C75736976653D2274727565222069643D227075626C69736822206E616D653D22E9878DE696B0E58F91E5B883222F3E0D0A202020203C6578636C7573697665476174657761792067617465776179446972656374696F6E3D22556E737065636966696564222069643D226973417564697422206E616D653D22E698AFE590A6E99C80E8A681E5AEA1E6A0B8222F3E0D0A202020203C73657175656E6365466C6F772069643D225F322220736F757263655265663D227075626C69736822207461726765745265663D2269734175646974222F3E0D0A202020203C656E644576656E742069643D22656E645075626C69736822206E616D653D22E58F91E5B883E68890E58A9F222F3E0D0A202020203C73657175656E6365466C6F772069643D225F3622206E616D653D22E590A62220736F757263655265663D226973417564697422207461726765745265663D22656E645075626C697368223E0D0A2020202020203C636F6E646974696F6E45787072657373696F6E207873693A747970653D2274466F726D616C45787072657373696F6E223E3C215B43444154415B247B697341756469743D3D2766616C7365277D5D5D3E3C2F636F6E646974696F6E45787072657373696F6E3E0D0A202020203C2F73657175656E6365466C6F773E0D0A202020203C757365725461736B2061637469766974693A61737369676E65653D22247B61756469745573657249647D222061637469766974693A6578636C75736976653D2274727565222069643D2261756469744D65737361676522206E616D653D22E6ADA3E59CA8E5AEA1E6A0B8222F3E0D0A202020203C73657175656E6365466C6F772069643D225F3822206E616D653D22E698AF2220736F757263655265663D226973417564697422207461726765745265663D2261756469744D657373616765223E0D0A2020202020203C636F6E646974696F6E45787072657373696F6E207873693A747970653D2274466F726D616C45787072657373696F6E223E3C215B43444154415B247B697341756469743D3D2774727565277D5D5D3E3C2F636F6E646974696F6E45787072657373696F6E3E0D0A202020203C2F73657175656E6365466C6F773E0D0A202020203C6578636C7573697665476174657761792067617465776179446972656374696F6E3D22556E737065636966696564222069643D226175646974537461746522206E616D653D22E698AFE590A6E5AEA1E6A0B8E9809AE8BF87222F3E0D0A202020203C73657175656E6365466C6F772069643D225F31302220736F757263655265663D2261756469744D65737361676522207461726765745265663D2261756469745374617465222F3E0D0A202020203C73657175656E6365466C6F772069643D225F313122206E616D653D22E5AEA1E6A0B8E69CAAE9809AE8BF87EFBC8CE4BFAEE694B9E5908EE9878DE696B0E58F91E5B8832220736F757263655265663D226175646974537461746522207461726765745265663D227075626C697368223E0D0A2020202020203C636F6E646974696F6E45787072657373696F6E207873693A747970653D2274466F726D616C45787072657373696F6E223E3C215B43444154415B247B73746174653D3D2774727565277D5D5D3E3C2F636F6E646974696F6E45787072657373696F6E3E0D0A202020203C2F73657175656E6365466C6F773E0D0A202020203C73657175656E6365466C6F772069643D225F313222206E616D653D22E5AEA1E6A0B8E9809AE8BF872220736F757263655265663D226175646974537461746522207461726765745265663D22656E645075626C697368223E0D0A2020202020203C636F6E646974696F6E45787072657373696F6E207873693A747970653D2274466F726D616C45787072657373696F6E223E3C215B43444154415B247B73746174653D3D2766616C7365277D5D5D3E3C2F636F6E646974696F6E45787072657373696F6E3E0D0A202020203C2F73657175656E6365466C6F773E0D0A202020203C73657175656E6365466C6F772069643D225F332220736F757263655265663D2273746172745075626C69736822207461726765745265663D2269734175646974222F3E0D0A20203C2F70726F636573733E0D0A20203C62706D6E64693A42504D4E4469616772616D20646F63756D656E746174696F6E3D226261636B67726F756E643D233343334634313B636F756E743D313B686F72697A6F6E74616C636F756E743D313B6F7269656E746174696F6E3D303B77696474683D3834322E343B6865696768743D313139352E323B696D61676561626C6557696474683D3833322E343B696D61676561626C654865696768743D313138352E323B696D61676561626C65583D352E303B696D61676561626C65593D352E30222069643D224469616772616D2D5F3122206E616D653D224E6577204469616772616D223E0D0A202020203C62706D6E64693A42504D4E506C616E652062706D6E456C656D656E743D226D6573736167655075626C697368223E0D0A2020202020203C62706D6E64693A42504D4E53686170652062706D6E456C656D656E743D2273746172745075626C697368222069643D2253686170652D73746172745075626C697368223E0D0A20202020202020203C6F6D6764633A426F756E6473206865696768743D2233322E30222077696474683D2233322E302220783D223337302E302220793D222D352E30222F3E0D0A20202020202020203C62706D6E64693A42504D4E4C6162656C3E0D0A202020202020202020203C6F6D6764633A426F756E6473206865696768743D2233322E30222077696474683D2233322E302220783D22302E302220793D22302E30222F3E0D0A20202020202020203C2F62706D6E64693A42504D4E4C6162656C3E0D0A2020202020203C2F62706D6E64693A42504D4E53686170653E0D0A2020202020203C62706D6E64693A42504D4E53686170652062706D6E456C656D656E743D227075626C697368222069643D2253686170652D7075626C697368223E0D0A20202020202020203C6F6D6764633A426F756E6473206865696768743D2235352E30222077696474683D223130352E302220783D223135352E302220793D2237352E30222F3E0D0A20202020202020203C62706D6E64693A42504D4E4C6162656C3E0D0A202020202020202020203C6F6D6764633A426F756E6473206865696768743D2235352E30222077696474683D223130352E302220783D22302E302220793D22302E30222F3E0D0A20202020202020203C2F62706D6E64693A42504D4E4C6162656C3E0D0A2020202020203C2F62706D6E64693A42504D4E53686170653E0D0A2020202020203C62706D6E64693A42504D4E53686170652062706D6E456C656D656E743D2269734175646974222069643D2253686170652D69734175646974222069734D61726B657256697369626C653D2266616C7365223E0D0A20202020202020203C6F6D6764633A426F756E6473206865696768743D2233322E30222077696474683D2233322E302220783D223337302E302220793D2238352E30222F3E0D0A20202020202020203C62706D6E64693A42504D4E4C6162656C3E0D0A202020202020202020203C6F6D6764633A426F756E6473206865696768743D2233322E30222077696474683D2233322E302220783D22302E302220793D22302E30222F3E0D0A20202020202020203C2F62706D6E64693A42504D4E4C6162656C3E0D0A2020202020203C2F62706D6E64693A42504D4E53686170653E0D0A2020202020203C62706D6E64693A42504D4E53686170652062706D6E456C656D656E743D22656E645075626C697368222069643D2253686170652D656E645075626C697368223E0D0A20202020202020203C6F6D6764633A426F756E6473206865696768743D2233322E30222077696474683D2233322E302220783D223537352E302220793D2238352E30222F3E0D0A20202020202020203C62706D6E64693A42504D4E4C6162656C3E0D0A202020202020202020203C6F6D6764633A426F756E6473206865696768743D2233322E30222077696474683D2233322E302220783D22302E302220793D22302E30222F3E0D0A20202020202020203C2F62706D6E64693A42504D4E4C6162656C3E0D0A2020202020203C2F62706D6E64693A42504D4E53686170653E0D0A2020202020203C62706D6E64693A42504D4E53686170652062706D6E456C656D656E743D2261756469744D657373616765222069643D2253686170652D61756469744D657373616765223E0D0A20202020202020203C6F6D6764633A426F756E6473206865696768743D2235352E30222077696474683D2238352E302220783D223334352E302220793D223234352E30222F3E0D0A20202020202020203C62706D6E64693A42504D4E4C6162656C3E0D0A202020202020202020203C6F6D6764633A426F756E6473206865696768743D2235352E30222077696474683D2238352E302220783D22302E302220793D22302E30222F3E0D0A20202020202020203C2F62706D6E64693A42504D4E4C6162656C3E0D0A2020202020203C2F62706D6E64693A42504D4E53686170653E0D0A2020202020203C62706D6E64693A42504D4E53686170652062706D6E456C656D656E743D2261756469745374617465222069643D2253686170652D61756469745374617465222069734D61726B657256697369626C653D2266616C7365223E0D0A20202020202020203C6F6D6764633A426F756E6473206865696768743D2233322E30222077696474683D2233322E302220783D223337352E302220793D223337352E30222F3E0D0A20202020202020203C62706D6E64693A42504D4E4C6162656C3E0D0A202020202020202020203C6F6D6764633A426F756E6473206865696768743D2233322E30222077696474683D2233322E302220783D22302E302220793D22302E30222F3E0D0A20202020202020203C2F62706D6E64693A42504D4E4C6162656C3E0D0A2020202020203C2F62706D6E64693A42504D4E53686170653E0D0A2020202020203C62706D6E64693A42504D4E456467652062706D6E456C656D656E743D225F3132222069643D2242504D4E456467655F5F31322220736F75726365456C656D656E743D22617564697453746174652220746172676574456C656D656E743D22656E645075626C697368223E0D0A20202020202020203C6F6D6764693A776179706F696E7420783D223430372E302220793D223339312E30222F3E0D0A20202020202020203C6F6D6764693A776179706F696E7420783D223539302E302220793D223230352E30222F3E0D0A20202020202020203C6F6D6764693A776179706F696E7420783D223539302E302220793D223131362E3936383731393432323637313331222F3E0D0A20202020202020203C62706D6E64693A42504D4E4C6162656C3E0D0A202020202020202020203C6F6D6764633A426F756E6473206865696768743D22302E30222077696474683D22302E302220783D22302E302220793D22302E30222F3E0D0A20202020202020203C2F62706D6E64693A42504D4E4C6162656C3E0D0A2020202020203C2F62706D6E64693A42504D4E456467653E0D0A2020202020203C62706D6E64693A42504D4E456467652062706D6E456C656D656E743D225F32222069643D2242504D4E456467655F5F322220736F75726365456C656D656E743D227075626C6973682220746172676574456C656D656E743D2269734175646974223E0D0A20202020202020203C6F6D6764693A776179706F696E7420783D223236302E302220793D223130302E30222F3E0D0A20202020202020203C6F6D6764693A776179706F696E7420783D223331302E302220793D223130302E30222F3E0D0A20202020202020203C6F6D6764693A776179706F696E7420783D223337312E302220793D223130302E30222F3E0D0A20202020202020203C62706D6E64693A42504D4E4C6162656C3E0D0A202020202020202020203C6F6D6764633A426F756E6473206865696768743D22302E30222077696474683D22302E302220783D22302E302220793D22302E30222F3E0D0A20202020202020203C2F62706D6E64693A42504D4E4C6162656C3E0D0A2020202020203C2F62706D6E64693A42504D4E456467653E0D0A2020202020203C62706D6E64693A42504D4E456467652062706D6E456C656D656E743D225F33222069643D2242504D4E456467655F5F332220736F75726365456C656D656E743D2273746172745075626C6973682220746172676574456C656D656E743D2269734175646974223E0D0A20202020202020203C6F6D6764693A776179706F696E7420783D223338362E302220793D2232372E30222F3E0D0A20202020202020203C6F6D6764693A776179706F696E7420783D223338362E302220793D2238352E30222F3E0D0A20202020202020203C62706D6E64693A42504D4E4C6162656C3E0D0A202020202020202020203C6F6D6764633A426F756E6473206865696768743D22302E30222077696474683D22302E302220783D22302E302220793D22302E30222F3E0D0A20202020202020203C2F62706D6E64693A42504D4E4C6162656C3E0D0A2020202020203C2F62706D6E64693A42504D4E456467653E0D0A2020202020203C62706D6E64693A42504D4E456467652062706D6E456C656D656E743D225F36222069643D2242504D4E456467655F5F362220736F75726365456C656D656E743D22697341756469742220746172676574456C656D656E743D22656E645075626C697368223E0D0A20202020202020203C6F6D6764693A776179706F696E7420783D223430322E302220793D223130312E30222F3E0D0A20202020202020203C6F6D6764693A776179706F696E7420783D223537352E302220793D223130312E30222F3E0D0A20202020202020203C62706D6E64693A42504D4E4C6162656C3E0D0A202020202020202020203C6F6D6764633A426F756E6473206865696768743D22302E30222077696474683D22302E302220783D22302E302220793D22302E30222F3E0D0A20202020202020203C2F62706D6E64693A42504D4E4C6162656C3E0D0A2020202020203C2F62706D6E64693A42504D4E456467653E0D0A2020202020203C62706D6E64693A42504D4E456467652062706D6E456C656D656E743D225F38222069643D2242504D4E456467655F5F382220736F75726365456C656D656E743D22697341756469742220746172676574456C656D656E743D2261756469744D657373616765223E0D0A20202020202020203C6F6D6764693A776179706F696E7420783D223338362E302220793D223131372E30222F3E0D0A20202020202020203C6F6D6764693A776179706F696E7420783D223338362E302220793D223234352E30222F3E0D0A20202020202020203C62706D6E64693A42504D4E4C6162656C3E0D0A202020202020202020203C6F6D6764633A426F756E6473206865696768743D22302E30222077696474683D22302E302220783D22302E302220793D22302E30222F3E0D0A20202020202020203C2F62706D6E64693A42504D4E4C6162656C3E0D0A2020202020203C2F62706D6E64693A42504D4E456467653E0D0A2020202020203C62706D6E64693A42504D4E456467652062706D6E456C656D656E743D225F3131222069643D2242504D4E456467655F5F31312220736F75726365456C656D656E743D22617564697453746174652220746172676574456C656D656E743D227075626C697368223E0D0A20202020202020203C6F6D6764693A776179706F696E7420783D223337352E302220793D223339312E30222F3E0D0A20202020202020203C6F6D6764693A776179706F696E7420783D223230352E302220793D223231302E30222F3E0D0A20202020202020203C6F6D6764693A776179706F696E7420783D223230352E302220793D223133302E30222F3E0D0A20202020202020203C62706D6E64693A42504D4E4C6162656C3E0D0A202020202020202020203C6F6D6764633A426F756E6473206865696768743D22302E30222077696474683D22302E302220783D22302E302220793D22302E30222F3E0D0A20202020202020203C2F62706D6E64693A42504D4E4C6162656C3E0D0A2020202020203C2F62706D6E64693A42504D4E456467653E0D0A2020202020203C62706D6E64693A42504D4E456467652062706D6E456C656D656E743D225F3130222069643D2242504D4E456467655F5F31302220736F75726365456C656D656E743D2261756469744D6573736167652220746172676574456C656D656E743D2261756469745374617465223E0D0A20202020202020203C6F6D6764693A776179706F696E7420783D223339312E302220793D223330302E30222F3E0D0A20202020202020203C6F6D6764693A776179706F696E7420783D223339312E302220793D223337352E30222F3E0D0A20202020202020203C62706D6E64693A42504D4E4C6162656C3E0D0A202020202020202020203C6F6D6764633A426F756E6473206865696768743D22302E30222077696474683D22302E302220783D22302E302220793D22302E30222F3E0D0A20202020202020203C2F62706D6E64693A42504D4E4C6162656C3E0D0A2020202020203C2F62706D6E64693A42504D4E456467653E0D0A202020203C2F62706D6E64693A42504D4E506C616E653E0D0A20203C2F62706D6E64693A42504D4E4469616772616D3E0D0A3C2F646566696E6974696F6E733E0D0A, '0');
INSERT INTO `act_ge_bytearray` VALUES ('50003', '1', 'D:\\WorkSpace\\JMonkey2.0\\target\\classes\\processes\\message-publish.messagePublish.png', '50001', 0x89504E470D0A1A0A0000000D4948445200000269000001A608060000002727132E0000329C4944415478DAEDDD096C9475FEC7F186B81B971863CC46628C31C668CC86185D6334C62866A35934ACA6ED3C8FCF331D1845AB9CE2A2180984B21AF1AFDDC555B248745DAFB8ABC6F5403740012B5DA802BA8056E5580EB9CB25574FDAE7FFFDE233EE503AED33ED4CE7F73CF37E25DF941EF4F8CE737C9EEBF72B2901001405CFF3CE59B870E1FB73E6CC39565D5DDD3979F2642F994C7A77DD7597974824BC871E7AC89B3E7D7ADBCC9933774E9C38F1F7740C0000208F76EDDA157FFDF5D78F3CF8E083DED8B163BDBFFDED6FDE679F7DE6EDDEBDDB6B6E6EF6545B5B9BD7D8D8E8AD5AB5CA7BE38D37BC3163C678E3C78FEF9C3A75EA32C77186D0450000801C91EC3564E9D2A5FB274C98E05557577BEBD6AD3B19C6826A6868F0E6CC99E3DD7BEFBDDEE4C99367D2510000807ED2B3677FFEF39F3B274D9AE4AD59B3C6EB8FEFBEFBCE9B3871A2F7C0030FEC4D2693E7D05D0000803E387AF4E8C4E9D3A77BCF3DF79C77E4C8112F17F4B2A87EBF71E3C6FDC0E54F0000802CE919340D684F3FFDB477E2C4092FD7E6CE9DAB67D40E0E1B36EC4CBA0D00001080DE83A69738F58C573E025ACAB3CF3EEB5554546CA3E3C00098F4DC52AFBBE2F303F37900C8057D4840EF41CBD525CE9E2E7D8E1933A6D3719C49741D188090D6D3C7F87C7E3F0F00FDA59739F5294E7D827320E8C304F178BC83FBD300421A210D007AA0E3A0E9301B03E989279E68BBEBAEBBE6D37D8090464803806EE84C023A50ED409D454BF9F6DB6F3DC771DA79880020A411D200A01B3535351FE94C02F97C5820936432D961DBF6BDBC0A00218D9006005DE85C9C3AD55321CC9E3DBBE9AEBBEEAAE35500F218D278FA92A73B0184934E96AE737116C28A152B4E4848DBCEAB000000D0C5E4C9934F4E965E08FBF7EFEF9490D6CAAB000000D04522913839765921E884ED12D2B832000000D09586A44222A40100007463D4A851853C93D6494803F2881BDB0120BC7EFFFBDF17EC9EB4C6C6C636EE4903F21CD2827C0C00609E193366B416EAE9CE850B1736F274274048030074E3F1C71FDF56A871D2A64F9FBE8771D200421A00A01B13274EBC7BCC983105997140A78562C60180900600C81CD43A067AEECEFAFA7ABDD4C9DC9D00210D0090C9B469D33E79E699670634A4555656EAA5CEF9741FC87348E3E94E0008AF643279CE7DF7DDD7D9D0D0302001EDF3CF3FDFAF67D11CC71942F70100007A307EFCF8E913264CF08E1C3992D780D6D4D4D4E1BA6E9B04B449741D000020803163C6EC9E3D7B763E1F22E8949FD168DBF666BA0D00001090DEC43F7EFCF8FD73E6CCC94750EB9C3A75EAF73A2E9A5E5EA5DB0000005906B5CACACAC63FFEF18FDEF1E3C773768973DCB871FAA0C076EE43030000E847504B24129BEFBFFFFECEB56BD7F6FB2101BD074D2F7172060D00002007F4E6FE8A8A8A133366CC68D7B096CD25D0D5AB57EFD37BDCFCA73879480000002097F4EC976DDB6FEBD9B091234776565757377DFAE9A727F6ECD9D3D1D6D6763290C9DB4E9D2C7DD1A245FB75AA279D4940C3998E83C6E54D0000803C93D095905A2CB54D825B93BCF5D2AA55EF3993AAD7A99E9849000000A0B0C18DC1CB010000086900000020A401000010D2000000404803000020A40100008090060000404803000000210D0000008434000000421A0000000869000000843400000010D2000000086900000020A40100008090060000404803000000210D0000809006000000421A000000210D000000843400000010D2000000086900000020A401000010D2000000404803000020A4010000809006000000421A000000210D0000008434000000421A0000000869000000843400000010D2000000404803000020A40100008090060000404803000000210D0000809006000000421A0000000869000000843400000010D20000D9F23CEFCCCD9B376FAFAFAFF7962C59E2D5D4D45006D4E2C58BBD65CB96754ACD65292D8A40B64743592F758C4E014011D180565757E73536367AADADAD9441B56FDF3EAFB6B6B653025B354B6AE4435AA2B79066DBF64C3A05004544CFA011D0CC0E6A353535AD2CA94511D4F6F510D28E0E1B36EC4CBA040045442F711286CC2EBDFCC9925ADC67D31CC799458700A0C86800200811D2604C50EBEEDEB4639C450300425AC63AF6C36E6FF3AABF790D8BFF70B2F4DFFA314214210DF93D9BC6BD68004048CB58470FEDF4BE5E38DD5BFBF123A7947E4C3F479022A421A7416D1767D100008142DAF6860F4F0B68A9DAD1309F204548430ED9B67D6F5A489B464700809096B1BEFDE4FF328634FD1C418A90869C9F4D3B796F1A67D1008090D6637D5D539531A4E9E708528434E43CA4254A4B4B79DD816EE8C18B9E6596AAF387AE69ED722FE709A90352F5AEEBCE4D2693E7D03510D228421A72658A94BEEE3C3400F8CACACAAE90E0552BC1AB2DC00C1DE943D874D8B6DD206F6FA08B885C48D3A739338534FD1C418A90869C07B44EA92FFDB7043514FD993309590B249C79D984B30C55CF9935442AA46D5C3E276348D3CF11A40869C879404B05B369043514B3F2F2F2DF388ED3DC356C8D1D3BD69B376F9EF7D9679F793B77EEF49A9B9B3DA56F75169D2FBEF8C27BF5D557BD4993267537C55A93655977D25D4422A41DD8B9CEFB7AD18CD32F75CAC7F4730429421AF212D07AFB381069FAA4733C1EEF480F588F3CF2C8C90076E2C4092FA8356BD67853A74EED1AD63A1983109108695A5B56BF765A48D38F11A20869C86B40EBFA7986E440D104B4F4CB9B12D6BCF9F3E76715CEBA5AB06081974C26192C1A110B692D2DDEC615734FBFD4291FD3CF11A40869C86B404BE1D2278A825EE29480D6997E6973C3860D5E2E6CDDBAD59B3061C22967D4B8F489D086349D5160C3F2E733DE93A69F63D601421AF21ED0D2835A0767D41055FA9040FA3D681AD0F41EB35CD2EF971ED4F41E351E2640B8425A4B8BB77BE352EFAB05533306B454E9D7E8D772568D9086BC06B4F4FFD7C1193544913EC5997E89335767D0BA3BA3D6E5D2E74ABA8F5084B4DECE9E71568D90868205B4AEFF9F336A880C1D072DFD3E34BD072D9FF41EB5F4FBD3F4322BAF028C0F6941CE9EF574568D6045484356016D90D48BFEDB9E74FD3AEE5143A4E840B5E94F71B6B5B579F9F6E8A38FA65FF66CE05580F121ADAF012D55042B425A94F5733ECDEE02DAFA921F671758DF4350CBF4759C514364D6ABF4990474988D81B06EDDBA536626901AC2AB01A3431A4548438F47FB87E588FBED3EDC68DCDD25CE17FDE0E5F510D4D2035AAAE6F5F27D0193D69903127EC6F6F4353A1446FAC302FD196A235BE903DEEA5C9FBC6220A45184B4F0EE70DA5347DDF2F6CD80612D5390EA2E80A507B5DE3E9FC2A54F98BCCEA442D0011DFF2CC3D7D4A5BEEEA5975EF206D21B6FBC71CAB451BC6220A45184B490F2C359FA46BD5D3E36AB0F01ADB7A07646C08096FE7378EA132687B454EDEB7A664D3F96FABC4EF53490F4D26ADA25CF43BC6220A45184B4E8EC7052754C6A5A9601ADA7A0D69A4540EB1AD4B8470D6158677EBA0C2A6F7FBA1F6DF7EEDD031AD274DCB4B4DFE904AF180869545621ADB2B272F08811237E291B900B6DDBBECC75DD2B2B2A2AAED747C6E563B74B95CB46AE422F25C8BFC7C9BF27CBD74C957A5C3EF6B4BCFFACDE6B6159D65FE5F3AF4BBD251F7B4FEA63F97C8DFF54D57279FF7379FF4BA975F2FE37521BE5635BE4EDF7523BA5F6C8E7F488F7A0D40F5247A58E4BE9E093AD526DFEE5C00EBF3A336C9C75DEBC4EFFAC94D609FFFFE9F768F1BF9F7EDFA3F2357A0FD821DDA0FB47DB7BA476C9C7B7CBDBAD52FF957F6FD0DF57BEEE2B79BB46DE5FAD972DA4FEEDFF6D8BA5FE251FFF507AF04FE9C53FB40FF2FECBF27FE6C9BF9F978FFF49DE3EA53DD3B025EF4F91CF4FD29D88BC7F8FDFDF580F3B9C54E9EFFD6449F6F78A7517D4B20968295CFA445842DA4F67D6D2DF4F4D963E50F4E7A5FF7C5E3110D2A8C025E1E09470931680DAFDA3CF93A14602C4713F3469783AA8614A6A8F1FAEB6C9BF37A78599751AC63494F941E613A945124C3ED2F0A6214E438C863AF9BABFC8C7666B80D19B7B35FC6908D430E88742F9905B2A759B7CFDCDF2B1EB34446A98D450A9E132F544A4BED57BB8F409AAD1A3475F54565676B97EAD7CDDB5F27F6F94FF73ABBC1DA1A153BFAF862379FF01793B5143938627FD1DF4F2A21FAA9E97F75F48854F3F7CBD2BEF7FA0A1CC0FA09FF87F63BDBCBF4AFEEF7FFC30A72174BDBCBF49C39E1FFA76FA3DDBE71FE51FD290A87DF5FBDB146087E3959696A6C255B68FF49FD1CD19B456FFE3D95810E4F7A42813AB10086920A4515CEE8CF059013FD04DEAE65267D04B8FB93E93368B570B869F493BA6075D7AF0C699348090464843BFE859C06E7634BB7A185E60A0EF494BCDEDC9A54E981CD27E0A67A9AFE19E342064212DC3198501FB3C210D5DC98EE486B4D1C9BFD3F703FCB7817CBA93816D617248D37B4C67753720344F7702210C693D7D2CDF9F27A4A1AB783C7E8DFF30C50D59FED74C4F5DE66A9CB444094F75C2DC9076DA99B36EBE8671D200421A210D0533AD9B335DB99C71A09A1623ACF40C5BA1661C78F0C1079971008434421A210D799BBB93808650F31F1E38C1DC9D00218D900613CEA8A507B57925BD3F14D0F5EB180F0D91224169652A303DF2C8230372366DEAD4A95EDA7DA60DBC0A20A411D20869E8EFCC000434444E5959D915E90360CF9F3F3FAF016DC18205A73C75AA8383F32A8090464823A4A13F416B4A09010DD13D9BF6D30304F178DCDBB061435E02DAD6AD5BBD51A346A587B495741F843486E020A4A13F818B808648D3B1086DDB6E4A7F8840C731CBF5B868E3C78F4FBFCCD9A43F97EE83904611D2D0DD19B520973E13253C2480226059D69DE9973D35A8E5EA8C9A9E414B0F68FA73F4E7D17510D228421AFA7A862C750F1B010DC512D4A6A40735BDF4A9F7A8F5E76102BD07ADCB254E3D8BC6596910D228421AFA1CD4BA1B5F0D28BAA0967AEA73CD9A35590FB3317DFAF4AE53537512D04048A30869E84B509B9616D0984900C51CD4EE4CBF472DFD12A8CE4CB06AD5AA93737DA62665D7B77ACF9906399D49207DA0DAF47BD0B8C409421A4548435FA4CE9CD5FA6F67D1121433BDA93FFDA9CF7ED64A1E1200218D22A4A15F67D47487424003FE47C751B36DFBCBF499098294CE24A003D5BAAE7B1B5D04218D22A4A1DFFC9036884E00A7D229A4FCB93EF5ECDA3EF9775BD750267548274BD7B93899EA0984348A90869C87B4582CF6733A01F44C42D8A4B48036968E80904611D290F79056595939984E00BD86B4436967D20ED01110D228421AF21ED2860F1F7E369D007A5C4FA675730F1A67D34048A30869C86F488BC562E7D209A0C7F5E470370F0BECA13320A4518434E435A4251289F3E804D03DDBB6AB333DD1198FC76D3A04421A454843BE425A676969E9F97402C8B88E34F730F4C6363A04421A454843DE429AD4857402389D3F04478FE3A331AB00086914210D790B698944E2623A019CAEBBA9A2BAA9ED740AA1B664C9128210210D66EE843A93C9E4A5740208745073ADCE44402710297575751D3A192D61C8CCDAB163C7360969AD2CA9C547474D2F2B2BBB9C4E0081D6971B24A4B5D30944CAD2A54B9FACADADEDDCBB772FA1C8C080B678F1E276A96A96D4A23C33A0F30D0EA51340EF2CCBBA59D699363A81C8911030B3A6A6E6985E560B73BDF2CA2B27EF4308FBDF9156AD04B4E20E69AEEB5E492780DEC901CDADB2CE70D5013078A776D89F941A88C2F27C22168B5D4D2780DEC901CD6D8434C0504CB08B288634BD199A4E008142DA1DB66DB7D009C0405D1EC7E6B16B4461996EAFA8A8B89E4E00810E6ACA75705B3A0198B733AB6610434470A7D32ECBF18D7402E89D23649D69A21380592BE6101DAAA09B410C57D21D843CA4B5E9136B740208B4BE24A48ED109C0AC90F65EA6D1A66DDBBE8C0E21CC214D96EF5BE80410687DB947EA289D00CC096843FC9BAB334D09C2D9348479F96E8DC562BFA51340A0F5E57EA923740230E7C8A9AE9779DB3A478F1E7D119D424897EF16A9DBE90410687D1927F5039D00CC386AD2B368C7F4E6EA5E825A2DDD4218E970023AAC009D0002ED1326491DA213400856D2783C7E8DCEE556565676059D4148CF0C344B482BA51340A0F5E561A9037402309465598F4930DB4F2710919D4E936DDB313A01B0FD0742CF75DDC765A7B6874E202A214DC77EA21340A0F5659AD43E3A01981BD29E9190B6834E200A64593E2E19AD824E0081425A95D45E3A0198BB923E2FB5954E2022CBF331CBB246D109A0777240F384AC33BBE90460EE4EED25A98D740211599E8FEA009D740208B4BE3C25B5934E00E6AEA4AF4B7D43271005B66D1F91E5F93E3A01045A5F740EE7ED74023094E338EFC88ABA864E2022CBF361CBB21EA01340A0F5E5590969DBE80460EE4AFAA184B455740251A0A3A7EB28EA740208B4BECC91DA4227007357D285522BE804A2400E380EC9F23C914E0081D69717647DF92F9D00CC0D69B5529FD0094481E338072DCB7A884E0081B6FF3C380618BE92AED0B369740211599E0FE85437740208B4BEBC22B59E4E0086721C67B565591FD0094464A7B35FEA513A01045A5F78BA1F307C255D6BDBF6DB74025120CBF23ED775A7D20920D0F6FF4D59671AE80460EE4AFA8D1E4DD1094464796E949A4E278040EBCB5B12D2D6D109C0DC957493E3382FD209446479DEABF311D20920D0FAF2AE14E3640206AFA45B75FE4E3A8128B06D7B8FEBBA8FD30920D0F6FF7DA92FE80460EE4ABA53766C4FD309446479DE2DF5249D0002AD2FF3A556D209C0DC95748F84B49974025139E8D049A3E90410687DF997543D9D000CE538CE7ECBB21EA313880239E0D8E1BAEE3374020814D216492DA71380B93B35A6D141940E3AB6CB41C79FE8041028A42D915A4627007343DA115949EFA31388C84E679B04B567E90410687D615A40C0F095F4B8944B271091E599A79581E0EB4B9DD4623A0198BB92365B9675279D4014388EB3C5B6EDBFD00920D0F69FB99B01C357D256D9A9DD4A271091E5F9BFB23CBF40278040EB4BBD3EE149270043C90EADBDA2A2E27A3A8188EC7498410308BEBEACD4B1D2E80460EE4ADAE1BAEE9574025120016D8365597FA51340A0EDFF173AEB009D00CC5D493B6DDBBE844E2022CBF37AA957E80410687D59A3F377D209C0E090E638CE103A81882CCFDF4ABD462780DEC901FA3A595FDEA21380B93B352F168B9D452710919D4E831C74BC41278060EB8BEC03DEA41380C1218D2E2042CBF3D7B2E3F93B9D0002AD2F9C79064CA567D0086988D899012EDF00C143DA7AC7715EA61380814A4B4BCFD77BD2E8042214D2D6C84EE71D3A01040A690C5903982A994C5E2A3B35421A22437638FFB12CEB9F7402087450B3D975DDB9740230908E8FA6E3A4D10944E8CC00E33E01C1D717E6BA054CE538CE0DB282B6D30944E8CCC02A59AE3FA41340A090B64DD69767E90460E60EED569DBB934E2042071E9F5B96F5119D000285B4EDB21FA8A61380815CD72D9595B4994E20423B1D268C0682AF2F3BA59EA21380811CC7A990A3A8E3740211DAE9AC905A48278040EBCB6ED90F3C4127003357D0FB24A41DA11388D032FD6F59A66BE80410687DD92B5545270003C911D424A943740211DAE92C935A42278040EBCB3EA9697402309065598F4948DB4F2710A19D4EADD427740208B4BEEC977A944E0006725DF771DBB6F7D00944852CCF4BE5C0E3533A01040A6907657D994C27003343DA33B253DB412710A19DCE62A93A3A01043AA83924EBCB443A0198B9437B5E479CA61388D032BD486A399D0002AD2F871DC7194B27003357D097A436D20944E8CCC0021D2B8D4E0081D69723FA943F9D00CC0C69AF4B7D432710158EE37C2C3B9ECFE80410681F7054EA1E3A0198B9437B4776686BE80422B4D3992FB5924E0081D6976352093A019819D23ED409A9E904A2C2B2AC0F64B95E4D27804021AD49D617874E0066AEA00B751A1D3A81081D78BC27071E5FD20920D03EA059AA9C4E0066AEA00CFC89A82DD3EF4A71091F08400E685A5CD7BD834E0066EED0988C1A51DBE9BC2DCBF45A3A0104DA07B44A48BB8D4E0006D27B77F41E1E3A81A8901DCE3F24A87D4527804021AD4DF603B7D009C0CC1574AD9E79A01388D032FDA62CD30D7402081CD26EA21380992BE8373A561A9D40849669C6FE030292039AF68A8A8AEBE90460E60E6D931C45BD48271015B23CBF2A3B9EEFE80410681F70221E8F5F4327003357D0AD3A7F279D408442DACBB24CAFA71340A07D4087EBBA57D209C0CC1574A76DDB4FD309446899663E5A208B9026FB80A17402307305DD232BE84C3A81A890E5799EE3389BE8041038A45D46270003C9CE6CBF65598FD1094485EBBA7365A7B3994E0081425A672291B8984E0006929DD921594927D2094468A733476A0B9D0002ED033A478E1C79019D00CC5C418FC80EED3E3A81082DD3CFC932BD8D4E00810E6ABC4422711E9D00CC5C418F4BB9740251E138CE6C59A6BFA71340B090964C26CFA11380992B68B3655977D20944856DDBD5B25C6FA71340B09056595939984E0066AEA0ADB253BB954E204221ED691D5A864E00C1425A5555D5197402307387C694208814C77166C98E67179D007AE6BAEE540D6923468CF825DD00CC3C8A62B469442DA43D21CBF56E3A01646659D69F74FBCF836380D921ADD3B6ED4BE804A2420767D6419AE90490F140E6559DB353AA9C6E00868734596187D0094485EBBA3324A835D209E07496657D24DBFD76797B33DD00CC0F695E2C163B8B4E2042CBF434A97D7402386DDD5821D5227515DD000CA703186A48731C6732DD4084CE143CA6D39DD109E047FAF4A66DDB0DB2BD3F964C262FA52340788EACC6F9378F4EA31B8848489B22CBF3013A019494E818683A03871CB81CE4D6162084E408EB5EFF29CFC7E906C24ECF0CCBF27C904EA0D8C562B173F5FE4C7DDA79F8F0E167D31120BC3BB60A3FA83D433710F2657992D4213A816226DBF30BA57E907561D3B061C3CEA42340C8C91157CCBFF4F93CDD408897E309BA73A213285665656597CB3AD024B546DE1D44478088B02C6B848E9F23475F2FD20D84912CBB6365193E4C2750A40729D7C93AD02AEB402DDD00A2B992DFEA0F74F81ADD400843DAFD5247E8048A4D2C16FBAD8E8126F52EDD00A2BDA3BB495776096C6FD30D84EC20431F84394A27504C649977F5761559FEE7D10DA008E8C4EBB2D2B74960FB906E2044071877EB7850740245746032C1BF9FF849BA011491582C76B5ACF87A7FC322BA8130906535414843112DEF551AD018941C285265656557E85422B211F8946E20043B2DBDEC739C4EA00896F5E765BBDC6159D628BA011477504B3DD25D4F3760B2783C6E8B263A81289365FCEFFA80973E914F3700E846E112A9E3525FD20D984A765CE552CD7402115EC617398ED32601ED46BA01207DE3A0A3581F95FABA8441126120D971DD49484384B7C12B75F9D6DB50E80680D39496969EAF23BA4BADAFAAAA3A838EC0B090A60332B7D00944492C16FBB96E736DDB3E9248242EA6230032928DC4793A89B56C3036EBC6838EC014AEEBDEA64F24D3094428A09D25CBF476A9FDBAEDA52300826C38CE9590B64F361CDF33812F4CE1CF98414843640E881DC7D92FCBF50E0D6B74044060C3870F3F5B361E7B64A7B88B0D084C505E5EFE1BBDA99A4E200201ED62BDBCA99739B96201A04F2A2B2B07EB519E6C48F66A68A32328247F4A33421A42CD1F9FB259B6ADABE806807ED1CB9DB241D9AAF74CE865503A820286B41B74DE593A81302FC37A3698995E00E48C3EE9291B954DB27139C4CDAD2814DBB6AF23A421ACFCA7934FE860B5740340AE0D920DCCB712D40E8F1C39F202DA8181168FC7AFD19D1C9D400803DA289DE64996DF397403403E83DA5A9DE47AF4E8D117D10E0C2459EEAE22A4216C7482749D285D274CA71B00F24E6F78D5F93E93C9E4A5740303456FB8D6B3117402213AB07852039A6C3327D00D0003B9F159AE4F28C5E3F15FD10D0C045DD674874727109283D979FE1934976E0028C44668A94ED3E3BAEE9574037938106896F27AA9ED740A062EBBEFEA432EB158ECB7740340213746FFD2B1ABA4AEA51BC825C77166F516D274D2753A05C3B6899FE8CC18FA3432DD0060C2CEF43D3D6AD43180E80672BCC3EBE96CDA363A0483E883556BF47E5D6E030160141DFB47AA5DA7EEA11BC8E172559D29A4C98ED0A64330814EED2407A99B64B9FC41EA423A02C038B2717A458748705DF736BA811C2E5747BB09697BE80C4CA053E6C9F2B85B0E281A99950580D16443F5820635EE15420E43DAB4AE21CD719CB174068526CBE110591E0FEAA5779DEB988E0008C3866BB68E6725E5D00DE428A81D4E0B6907E8080A4DC789D481BDE5C0B441A7CEA32300C2B4537D4AC708D2E950E8067210FC27A59D459B444750E0ED9BCE7ED122B5826E0008EB86AC4A839AEC54EFA71BC8C1F274F26C1A9D4021C981E7CDFA34BBBCFD886E0008FB8EF5517FD4ED89740339589608692818D7754BF59E5B39F07C956E008804BD3CA5F7A8C991E714BA6126CFF3CEDCBC79F3F6FAFA7A6FC992255E4D4D0DD5875ABC78B1B76CD9B24EA9B92C55913B48B8CFBF85E34F740340A4C886ED01DDC0C991E80CBA611E0D687575755E6363A3D7DADA4AF5A3F6EDDBE7D5D6D6764A60AB66C98ACCF6EB313DD094EDD754BA012092642377B77FE9F349BA61163D834640CB6D50ABA9A96965C90A3F7F4065EEAD05501441CDF12F7D72C9C0207A89937095DBD2CB9F2C59E1961AA05BAA9C6E00280AFECDB71D7284FA17BA61060D14042B421A4E39A0FC509FE264AA3B00C578847ABBFF94D4CB74233C21EDD80FBBBDCDABFEE6352CFEC3C9D27FEBC7086584B4886D9F96EB3868B158EC6ABA01A0588F546FD12355A937E986F921EDE8A19DDED70BA77B6B3F7EE494D28FE9E7086684B4B0D39903647BF4B5CE24A0330AD0110045CDB2AC1BFD8121FF4937CC0E69DB1B3E3C2DA0A56A47C37C8219212DD4860D1B76A66C8BB6CAC1E3A1D2D2D2F3E90800949CBCB470AD6C18DBA43EA61BE686B46F3FF9BF8C214D3F473023A485552C163B57B6437BA5762793C973E808009C1AD4742EBC56A92574C3CC90F6754D55C690A69F239811D2C268E4C89117C876E707A9FFEAD9343A0200DDB06D7BA86C289BA5FE4D3708698434E45B5959D9E5B2BD392EDB9E35F2EE203A02003D07B5CBA49A64C3B9926E9815D2F469CE4C214D3F473023A485897F9B45ABD4A7740300024A241217EBD3551CDD9A15D2362E9F9331A4E9E7086684B4101D0CDE2AD52E01ED3DBA010059D2FB4464037A44C2DA3704353342DA819DEBBCAF17CD38FD52A77C4C3F473023A485814E79E24FF3F422DD0080BE6F4C87C8D1EE21D9A06ED4F18BE84861439AD696D5AF9D16D2F4638432425A18C8B6649C1FD066D10D00E8A7112346FC5236AA07A4B6C462B19FD3910286B496166FE38AB9A75FEA948FE9E70866843493B9AE3B43039AD4C37403007244C72D920D6BA3D4F6CACACAC17464E0439ACE28B061F9F319EF49D3CF31EB0021CD54B66D3FE79F41BB9B6E00408EC562B1B374A0492DFD371D19A090D6D2E2EDDEB8D4FB6AC1D48C012D55FA35FAB59C5523A49944A79DD379825DD7BD836E00409EE840937224BC5D36B8FB18153CFF21ADB7B3679C5523A48520A02D946AD3E9E7E80600E499DE9726416D8BDEA7A6F7ABD191FC85B42067CF7A3AAB464823A415926C273ED7C1B15DD7BD926E00C000D1273D6503BC41A772D12740E9487E425A5F035AAA086984B4426D1F6CDBFE4EB60F4775CC453A0200036F906C881BA4742CB50B6947EE431A45480B1BBD5FD5BF25E28004B4F3E8080014906C8CD7E8EC041C3113D20869C54D6F7F9083B67DB23DD8C9C345006008FFDE93269DF7936E10D20869C567F4E8D117E90C257A1B04E32902806124A4D549486B911A4A37086984B4E2A1EBBC3E2020016D750953C80180B11BEB1AD950B7CA91F4D574839046488B3E59DF6F906A9390B6986E0080E164633D5FC74592C0761DDD20A411D222BDAEDFAE83D44ABD453700203C47D7EFC886BB5DDEDE4437086984B44806B484ACDF1D7230F617BA0100E10B6A6FE851B66CC46FA51B8434425A745896F590CEC329EBF64CBA0100E13DDA7E49839A6CD447D00DF3429AFCD86E6BA03E4F480BE5C1D7131AD0A426D20D00087F509BE36FD4CBE9867921ADA78FE5FBF384B470B16DFB055D9725A855D00D0088CEC6BD5AEF5F910DBC4B37086984B4F049DD67EABAEE6D740300A2B7914F5D26B9876E10D20869A13AC85A2AEB6D2B4F6C034084C9867EBA7FB9642CDD20A411D28CA7F3F37E29D5148FC77F453B0020FA41ED61BDF4A94F88D10D421A21CD4C3AB593ACAB9BA40E4B5D484700A048C891F9043DA32641ED31BA414823A49965F8F0E167CBFAB94BAA51274DA7230050646407701F632D153EA495300407D2388E3344D6CB0352DB2A2B2B07D3110028DEA096F083DAD3843406B325A41596AC8797C8FA784CEA9BAAAAAA33E8080014B9783C6EFBD3CB3C4748235811D20A76C07495AC832DF2B69E6E00007EE2BAEE1DFE1452F3086914216D60E91CBBB2FEB5C9DB8FE90600E034B158ECB71AD46447F12A218D22A40DD80152A9AE7752AFD30D0040469665DD6CDB76BBEC30DE22A45184B4FC9275ED5E7FDCC2D9740300D0AB8A8A8AEBF5D28B04B60F086914212D3F641D7BD49FAA6D1ADD000004168FC7AFF1A7A1594048A30869B9A54F53FBE3143E4037000059735DF74AD991E8D366B584348A90961B8EE3BCEC3FA413A31B00803E2B2B2BBB5C7628CDC5302C00218D90966F7A0B81AC4BED12D46EA11B00807EF307D83C2EF505218D22A4F58DAC3F757A665A6F25A01B00809C193D7AF445B283392A81ED2B797710218D22A4053648D69B7552C7A52EA31D00809C2B2D2D3D5F82DA61D9D17C17C5296B086984B45C1B366CD8998EE36C9175E690AE3F6C45000079934824CE939DCE41A94DB158ECE784348A90D6BD6432798E1CD4EC9180B647FFCDD60300907712CECE9590B65F7640DBF44C01218D22A49D6AE4C89117E8D933A9CD515A47000021307CF8F0B3F52C81D4CECACACAC184348A90F623BDEFCCBFFF6C5D4944EFDF0400184EC39986340D6B1ADAC2FEF72C59B284604548EB97D420D052CBD84200000A4A2FE5E8654FBDFCA99741C3FCB7D4D5D57534363612AE72543B76ECD82621ADB558D6051DFB4CC740937A9F2D0300C008FA00813E48A00F14E8830561FD3B962E5DFA646D6D6DE7DEBD7B09593908688B172F6E97AA2E8675201E8FDB3A8B8065597F658B0000308A0EC9A14373E8101D611E6A4042C5CC9A9A9A637A99CEE4923E7B86FF8EADC512D0E4E064ACCEC3A9F371B2250000984A07EDFC4A07BDD5C16F6947FE68488BC56267D18982BF0ED325A4E944E953E80600200C3BAE2F741AA964327929DDC85B8F3B191CB5B0249C3DAB67D0A4EEA11B00803085887A9D985D2768A71BB967DB7627530C1534A0BDE1DF837627DD00008431A8D5EA84D2AEEB5E493772DEDB135257D18982F4FE5F526D12D46EA21B0080D0B26D7B818E1BA5E347D18D9C068576CBB26EA41303BE3C7FA6678839F00000442550BCAF671E2A2A2AAEA71B39EB69AB0485DBE8C4C0D0A797A5E7DFEA433112D42EA123008028858AB764E7A6677F6EA61B39E967B354399DC83F7F668DEFA50E388E33848E000022477670AFEABD54B158ECB774A3DF21ED9804DE517422BF468C18F14BE9F53E9DFE2C0A539F010090916DDBF334A8B9AE7B07DDE857483BAC83A8D289FCD1B1FEA4C787A5D71B75560D3A02002886A0F69C0E00AA53E9D08D3E87B403520FD389BC2DA343A5BF4D3AE69FBC3B888E00008A6927F8B43F1068826EF429A435EA68F77422F7F401177DD0456A09DD0000146B509BE907B5FBE846D6216D97E338B3E844CEFB7ABB5E8E9765F36DBA0100286A96653DE64F4E3D816E641526B6E9B444742277A49F157A19DE75DDB9740300801F83DA43BA73E41EABAC02C5267D08834EE4AC9F93F4604102DAE37403008053779263FD4B9FDC67158004B4EF7448133AD17F1ACC74D9D3A046370000E886EC28EFF177964FD08D5E43DA3A1D20984EF43BA0CDF5CFE2F2000B0000BD043557779A1242AAE94666D2A3D596657D4027FA1574DFF627AABF9D6E0000102CA895FB973EE7D08D8C3DAA975A4827FADCBF25CC270B00401F589635C23FCBF112DDE83664D44A7D4227B2364807A8D5816A75C05ADA0100401F388E738B063579FB06DD382DA42D945A412782D3A99D6459DAA0533DE9944F74040080FE05B59B248CB4CBDB77E8C6FFE8FD687A5F1A9D08462747D749D275B2749D349D8E00009003B66D5FE74FD3339F6EFCD493B7F5094F3AD1BB4422719E3FD7E9F795959583E908000039148BC5AE761CA75582490DDD3879B9F335A96FE944AF61F612E9D351ED555555D51974040080FCEC70874AB5C80EB78E5ED8F374D601968ACC5CD7BD52969566E9D56774030080FC8793CBF4C93C09289F17731F74DE4E9DBF932522637FF45EC636595E16D00D000006482291B85876C0C7A4D6146B0FE46F7F4A6F846769389D655977F254300000850B2917DAB67D44AA41DE1D546C7FBFEBBA33E46F6F6449386DB9484D2DF62CDD0000A04064473C4476C83FE8D857C57653B8FCDD0FEB138B2C05FF6359D6147F1ECEE97403008002D331AF34ACC8CE798B0E565A440175ACFCDD8759027E0AAD4FF967D0C6D20D00000C914C26CFD1414A6507BD7DD8B06167164948BB5BEFCBE3D53F19D05ED27BD0E2F1B84D370000304C2C163B4B76D4BBB5F4DF51FF7B6DDB8EE953AE04B4BBDE975EB44BDDCA5A000080A1743479D9696F976AD4B36B51FE5B5DD7BD4DFECED6220F68CBB407F178FC1A967E00000CA7F7A5C98E7B8BDEA716E5391A2DCBBA51E7342DD2977990FCED6BA58EEBB8792CF5000084843EE9293BF08DB2033FA44F8046348C5EADF76115DB6BABF71CCAEBBA599FEA1D3972E4052CED0000848F9E6DF94642DA9128EECCFD99173A8AE905D54BD8F277EF91BF7B4FD42F67030010F9A0263BF535FA14A4CE5210A53FACB4B4F47CF9BB3A8BE585D4BF5702F721BD945D2C4FF002001079B2635F2961AD294AF72F0D1F3EFC6CF9BBBC6278FDFCB386C7E4ED57254538BB040000510F6AFF966A961DFDD008FD4D910F69FAE4A6FC9D2DFAFAB114030010DDA0B644876C90BA2A2A212DCA63C2398E738B3EC16A59D6072CBD0000449CECF83F966A939DFFB51108699D7AAF56145F277FB0DE13F25ABDCC520B004091B02CEB9FFE199A1B431E643AA3384E98BC2E0FE893ABAEEB3EC3D20A0040919110F0A60635BDA416E2BFE144542EDDA6FD4DD3E435E990B78FB294020050A4F4529A1F746E0F69A009FDD9C02EAFC76C3D8366DBF6BD2C9D0000143909047FF12FAD958630A4B5EA1C9E51781DE46F794D0373185F07000090279665FD492FB14939210B36CD52E561EFBF3ECC217F479BBC0E37B334020080AE81E7493DA32681E1EE10FDCEC724D88C0A79DFEB6DDB6E89DABD75000020875CD79DA1414D9F2E0C49C0392CA1726C187B5D5555758684B3067F26814B58FA0000408F24A04DF12F7D4E0A41483B20F570D87A5C595939587EEF6D5207A5CF4358EA000040D0F03351CFA8993E0C84FC7E8D52D3C3D4DB582C76AEFF7BEFD2F94759DA000040561CC7B9DF0F6A550687B45DF27BCE0A51F8BD502FD14A6D92B0F67396320000D0277A53BE1FD49E3234F46C9390F66C187A198FC77F65DB7693FCBEFF917707B1740100807E717EA4F7A8CD36F077DB24C1679EE93D94DFF13A1DD34DDE2E6589020000396359D69D3AD0AA848C170C0B3FDF49507BD5E4DEE960BBFEF45BEFB0240100807C850D9D42EA158342DA3AF97DDE32B56712CC2AFC699E5E600902000079535E5EFE1B091CED527F372404ADB62CEB03137B957A42567EC72758720000C04004A31BFCCB77EF191084EAA5169AD62309B133FD41811F628901000003198EAED5B926A5FE55E0DFA356EA13C37A33471FB408FB7455000020A45CD7BD5202494B219F58D4B368522B0CEAC93FF4BE3D0968235842000040C1E8D85F124A9AA59617E2E7EBFD687A5F9A09BD90B05A23BF4B9B5E0E66C900000005974C262F9590D6242165550182D1DBFA8467815B304883A28655F95D86B244000000638C1E3DFA220929C7A4D6960CE068FAF2F35E93FAB6507FB74EED243F7FBD84B423DA0396040000609C9123475E2061E5B01F9A0624A8E96C033AEB408102DA59F2F37748ED1B3162C42F5902000080B11289C479129A0EE904E255555567E4FBE7E9BC9D3A7F6721FE4EF9B9FBE5E76FD7B0C62B0F00008C27A1E55C0D30525B870D1B76663E7F964EFC2EB5738003DAC5F2338FEA94540311440100007266F8F0E1674B90D9AB97032B2B2B07E7EBE7B8AE3B437E46A3FEDB719C21FA64655959D915F9FA79FABDF50101F9399FF32A03008050D2CB801268764988DAA3A1ADBFDF4F43987CAF269DED4047F397F232546D3EFE1ECBB26EF407F05DC8AB0B0000424D2F774AA8F95E6FAED7CBA0FDFD7EF2BDEA7A08675A9DF978CAD275DD3BFCC9E5DFE45505000091A0C3544848DB2C01E7A0DE70DF9FEFE55FD2ECE92CDACA5CFFFEF2F3EED69F297FC373BC9A00002052F4067B1D4F4CEA87D2D2D2F3FB199ADECB14D224485D96CBDF5BBEE7C37A6955EF7DE35504000051354802CFD7FA64A4D485FD086943BABB274D02DA97B9FC65E5E7CCF27FCE385E3A000010791AA6A48E4B5DD2D7EFE1BAEEDCAE212D1E8FDB390C682F6A4093B70EAF180000281A1280EA75BECFB2B2B2CBFB11F69AD242DAF65CFD6E9665FD53BE77BBD4ADBC520000A0E8388EF3A984AB96BE8E6B26FF7F522AA4E9BF73F53B49B5CAF7BC9657080000142D09438BA45A63B1D8D57DF9FFB66D1F9150E5C93FFB3BECC620F95E6BE47739DE9FB37B000000912121EB431D24B6A2A2E2FA6CFF6F7979F9F49B6FBE59439AD6CCBEFC7C7F2CB7FFEA93A73A493CAF08000080CFB6EDB7752601096C3765F95FA7FCEC673FD380A64F7676661BD492C9E439F27377EB1456B9186C17000020722428BDA6A3FA6771C3FE942EC16C5A36414DC76B935078502782CFE7FCA2000000A1E70F7D71C2B2AC115906B4DE3E7E8A643279A9FC9C633A6E9B0EB44BE70100007A21C1E9791DA3CCB6ED589601ADEBE7A775F7497D48419F2A955A4EB7010000B2E0BAEE33FE60B2155906B4946E2F7D969797FF46EF7D939A4F97010000FA16D41EF7CFA8DD9B65404B0F6A1DFE5B3D4357AE9752A55EA1BB000000FD0B6A5335A85D71C515EF97F4E1E94D3FD8750C1D3AF4233FF055D3550000801CF8F5AF7F3DFF77BFFB9DF78B5FFCE299BEFCFFB3CF3EFB0FFAFFAFBAEAAA457413000020374E5EE24C0B6883A45EF4DFF6E494AF1B3C78F093257D3B1307000080EE025A5AB0D2C0B5BEE4C7D905D6F710D4327D5D8F4F7D02000020FB80A65EF48397D743504B0F68A99AD7CBF7050000401F035AA600961ED47AFB7C4A563313000000A0F7335D9982D81901035AFACFE920A8010000F43FA0F514D45AB308685D831AF7A8010000F433A0F514D4B20968295CFA040000C8E0223F5C3564F9FFF41267D73368ADFEC7B3B1C0FFBF17F1520000009C2ADBE131727D266D162F01000040CF416DA0EE494BCDEDC9A54E0000807E06B55C3EDDC9C0B60000005906B5EE9EBACCD5386989129EEA040000E893D4BD62E9412A97330E54D362000080BEC9D7DC9D04340000807E9AD64D509B57D2FB43015DBF8EF1D000000072ACBF330310D0000000F2A4AF416B4A09010D000020AFB20D5C043400008001921A80B6B74B9F89121E120000001850BD9D214BDDC346400300003024A87537BE1A0000000A10D4A6A5053466120000003040EACC59ADFF76162D01000030839E51F30868000000E6B9881600000000000000000000000000000000000000000000000000000000008074FF0F92A5FF853C5086BD0000000049454E44AE426082, '1');
INSERT INTO `act_ge_bytearray` VALUES ('52502', '1', 'D:\\WorkSpace\\JMonkey2.0\\target\\classes\\processes\\message-publish.bpmn', '52501', 0x3C3F786D6C2076657273696F6E3D22312E302220656E636F64696E673D225554462D3822207374616E64616C6F6E653D22796573223F3E0D0A3C646566696E6974696F6E7320786D6C6E733D22687474703A2F2F7777772E6F6D672E6F72672F737065632F42504D4E2F32303130303532342F4D4F44454C2220786D6C6E733A61637469766974693D22687474703A2F2F61637469766974692E6F72672F62706D6E2220786D6C6E733A62706D6E64693D22687474703A2F2F7777772E6F6D672E6F72672F737065632F42504D4E2F32303130303532342F44492220786D6C6E733A6F6D6764633D22687474703A2F2F7777772E6F6D672E6F72672F737065632F44442F32303130303532342F44432220786D6C6E733A6F6D6764693D22687474703A2F2F7777772E6F6D672E6F72672F737065632F44442F32303130303532342F44492220786D6C6E733A746E733D22687474703A2F2F7777772E61637469766974692E6F72672F746573742220786D6C6E733A7873643D22687474703A2F2F7777772E77332E6F72672F323030312F584D4C536368656D612220786D6C6E733A7873693D22687474703A2F2F7777772E77332E6F72672F323030312F584D4C536368656D612D696E7374616E6365222065787072657373696F6E4C616E67756167653D22687474703A2F2F7777772E77332E6F72672F313939392F5850617468222069643D226D3135343939333637323633373222206E616D653D2222207461726765744E616D6573706163653D22687474703A2F2F7777772E61637469766974692E6F72672F746573742220747970654C616E67756167653D22687474703A2F2F7777772E77332E6F72672F323030312F584D4C536368656D61223E0D0A20203C70726F636573732069643D226D6573736167655075626C69736822206973436C6F7365643D2266616C73652220697345786563757461626C653D227472756522206E616D653D22E6B688E681AFE58F91E5B883E6B581E7A88B222070726F63657373547970653D224E6F6E65223E0D0A202020203C73746172744576656E742061637469766974693A696E69746961746F723D22247B7075626C6973685573657249647D222069643D2273746172745075626C69736822206E616D653D22E5BC80E5A78BE58F91E5B883222F3E0D0A202020203C757365725461736B2061637469766974693A6578636C75736976653D2274727565222069643D227075626C69736822206E616D653D22E9878DE696B0E58F91E5B883222F3E0D0A202020203C6578636C7573697665476174657761792067617465776179446972656374696F6E3D22556E737065636966696564222069643D226973417564697422206E616D653D22E698AFE590A6E99C80E8A681E5AEA1E6A0B8222F3E0D0A202020203C73657175656E6365466C6F772069643D225F322220736F757263655265663D227075626C69736822207461726765745265663D2269734175646974222F3E0D0A202020203C656E644576656E742069643D22656E645075626C69736822206E616D653D22E58F91E5B883E68890E58A9F222F3E0D0A202020203C73657175656E6365466C6F772069643D225F3622206E616D653D22E590A62220736F757263655265663D226973417564697422207461726765745265663D22656E645075626C697368223E0D0A2020202020203C636F6E646974696F6E45787072657373696F6E207873693A747970653D2274466F726D616C45787072657373696F6E223E3C215B43444154415B247B697341756469743D3D2766616C7365277D5D5D3E3C2F636F6E646974696F6E45787072657373696F6E3E0D0A202020203C2F73657175656E6365466C6F773E0D0A202020203C757365725461736B2061637469766974693A61737369676E65653D22247B61756469745573657249647D222061637469766974693A6578636C75736976653D2274727565222069643D2261756469744D65737361676522206E616D653D22E6ADA3E59CA8E5AEA1E6A0B8222F3E0D0A202020203C73657175656E6365466C6F772069643D225F3822206E616D653D22E698AF2220736F757263655265663D226973417564697422207461726765745265663D2261756469744D657373616765223E0D0A2020202020203C636F6E646974696F6E45787072657373696F6E207873693A747970653D2274466F726D616C45787072657373696F6E223E3C215B43444154415B247B697341756469743D3D2774727565277D5D5D3E3C2F636F6E646974696F6E45787072657373696F6E3E0D0A202020203C2F73657175656E6365466C6F773E0D0A202020203C6578636C7573697665476174657761792067617465776179446972656374696F6E3D22556E737065636966696564222069643D226175646974537461746522206E616D653D22E698AFE590A6E5AEA1E6A0B8E9809AE8BF87222F3E0D0A202020203C73657175656E6365466C6F772069643D225F31302220736F757263655265663D2261756469744D65737361676522207461726765745265663D2261756469745374617465222F3E0D0A202020203C73657175656E6365466C6F772069643D225F313122206E616D653D22E5AEA1E6A0B8E69CAAE9809AE8BF87EFBC8CE4BFAEE694B9E5908EE9878DE696B0E58F91E5B8832220736F757263655265663D226175646974537461746522207461726765745265663D227075626C697368223E0D0A2020202020203C636F6E646974696F6E45787072657373696F6E207873693A747970653D2274466F726D616C45787072657373696F6E223E3C215B43444154415B247B73746174653D3D2766616C7365277D5D5D3E3C2F636F6E646974696F6E45787072657373696F6E3E0D0A202020203C2F73657175656E6365466C6F773E0D0A202020203C73657175656E6365466C6F772069643D225F313222206E616D653D22E5AEA1E6A0B8E9809AE8BF872220736F757263655265663D226175646974537461746522207461726765745265663D22656E645075626C697368223E0D0A2020202020203C636F6E646974696F6E45787072657373696F6E207873693A747970653D2274466F726D616C45787072657373696F6E223E3C215B43444154415B247B73746174653D3D2774727565277D5D5D3E3C2F636F6E646974696F6E45787072657373696F6E3E0D0A202020203C2F73657175656E6365466C6F773E0D0A202020203C73657175656E6365466C6F772069643D225F332220736F757263655265663D2273746172745075626C69736822207461726765745265663D2269734175646974222F3E0D0A20203C2F70726F636573733E0D0A20203C62706D6E64693A42504D4E4469616772616D20646F63756D656E746174696F6E3D226261636B67726F756E643D233343334634313B636F756E743D313B686F72697A6F6E74616C636F756E743D313B6F7269656E746174696F6E3D303B77696474683D3834322E343B6865696768743D313139352E323B696D61676561626C6557696474683D3833322E343B696D61676561626C654865696768743D313138352E323B696D61676561626C65583D352E303B696D61676561626C65593D352E30222069643D224469616772616D2D5F3122206E616D653D224E6577204469616772616D223E0D0A202020203C62706D6E64693A42504D4E506C616E652062706D6E456C656D656E743D226D6573736167655075626C697368223E0D0A2020202020203C62706D6E64693A42504D4E53686170652062706D6E456C656D656E743D2273746172745075626C697368222069643D2253686170652D73746172745075626C697368223E0D0A20202020202020203C6F6D6764633A426F756E6473206865696768743D2233322E30222077696474683D2233322E302220783D223337302E302220793D222D352E30222F3E0D0A20202020202020203C62706D6E64693A42504D4E4C6162656C3E0D0A202020202020202020203C6F6D6764633A426F756E6473206865696768743D2233322E30222077696474683D2233322E302220783D22302E302220793D22302E30222F3E0D0A20202020202020203C2F62706D6E64693A42504D4E4C6162656C3E0D0A2020202020203C2F62706D6E64693A42504D4E53686170653E0D0A2020202020203C62706D6E64693A42504D4E53686170652062706D6E456C656D656E743D227075626C697368222069643D2253686170652D7075626C697368223E0D0A20202020202020203C6F6D6764633A426F756E6473206865696768743D2235352E30222077696474683D223130352E302220783D223135352E302220793D2237352E30222F3E0D0A20202020202020203C62706D6E64693A42504D4E4C6162656C3E0D0A202020202020202020203C6F6D6764633A426F756E6473206865696768743D2235352E30222077696474683D223130352E302220783D22302E302220793D22302E30222F3E0D0A20202020202020203C2F62706D6E64693A42504D4E4C6162656C3E0D0A2020202020203C2F62706D6E64693A42504D4E53686170653E0D0A2020202020203C62706D6E64693A42504D4E53686170652062706D6E456C656D656E743D2269734175646974222069643D2253686170652D69734175646974222069734D61726B657256697369626C653D2266616C7365223E0D0A20202020202020203C6F6D6764633A426F756E6473206865696768743D2233322E30222077696474683D2233322E302220783D223337302E302220793D2238352E30222F3E0D0A20202020202020203C62706D6E64693A42504D4E4C6162656C3E0D0A202020202020202020203C6F6D6764633A426F756E6473206865696768743D2233322E30222077696474683D2233322E302220783D22302E302220793D22302E30222F3E0D0A20202020202020203C2F62706D6E64693A42504D4E4C6162656C3E0D0A2020202020203C2F62706D6E64693A42504D4E53686170653E0D0A2020202020203C62706D6E64693A42504D4E53686170652062706D6E456C656D656E743D22656E645075626C697368222069643D2253686170652D656E645075626C697368223E0D0A20202020202020203C6F6D6764633A426F756E6473206865696768743D2233322E30222077696474683D2233322E302220783D223537352E302220793D2238352E30222F3E0D0A20202020202020203C62706D6E64693A42504D4E4C6162656C3E0D0A202020202020202020203C6F6D6764633A426F756E6473206865696768743D2233322E30222077696474683D2233322E302220783D22302E302220793D22302E30222F3E0D0A20202020202020203C2F62706D6E64693A42504D4E4C6162656C3E0D0A2020202020203C2F62706D6E64693A42504D4E53686170653E0D0A2020202020203C62706D6E64693A42504D4E53686170652062706D6E456C656D656E743D2261756469744D657373616765222069643D2253686170652D61756469744D657373616765223E0D0A20202020202020203C6F6D6764633A426F756E6473206865696768743D2235352E30222077696474683D2238352E302220783D223334352E302220793D223234352E30222F3E0D0A20202020202020203C62706D6E64693A42504D4E4C6162656C3E0D0A202020202020202020203C6F6D6764633A426F756E6473206865696768743D2235352E30222077696474683D2238352E302220783D22302E302220793D22302E30222F3E0D0A20202020202020203C2F62706D6E64693A42504D4E4C6162656C3E0D0A2020202020203C2F62706D6E64693A42504D4E53686170653E0D0A2020202020203C62706D6E64693A42504D4E53686170652062706D6E456C656D656E743D2261756469745374617465222069643D2253686170652D61756469745374617465222069734D61726B657256697369626C653D2266616C7365223E0D0A20202020202020203C6F6D6764633A426F756E6473206865696768743D2233322E30222077696474683D2233322E302220783D223337352E302220793D223337352E30222F3E0D0A20202020202020203C62706D6E64693A42504D4E4C6162656C3E0D0A202020202020202020203C6F6D6764633A426F756E6473206865696768743D2233322E30222077696474683D2233322E302220783D22302E302220793D22302E30222F3E0D0A20202020202020203C2F62706D6E64693A42504D4E4C6162656C3E0D0A2020202020203C2F62706D6E64693A42504D4E53686170653E0D0A2020202020203C62706D6E64693A42504D4E456467652062706D6E456C656D656E743D225F3132222069643D2242504D4E456467655F5F31322220736F75726365456C656D656E743D22617564697453746174652220746172676574456C656D656E743D22656E645075626C697368223E0D0A20202020202020203C6F6D6764693A776179706F696E7420783D223430372E302220793D223339312E30222F3E0D0A20202020202020203C6F6D6764693A776179706F696E7420783D223539302E302220793D223230352E30222F3E0D0A20202020202020203C6F6D6764693A776179706F696E7420783D223539302E302220793D223131362E3936383731393432323637313331222F3E0D0A20202020202020203C62706D6E64693A42504D4E4C6162656C3E0D0A202020202020202020203C6F6D6764633A426F756E6473206865696768743D22302E30222077696474683D22302E302220783D22302E302220793D22302E30222F3E0D0A20202020202020203C2F62706D6E64693A42504D4E4C6162656C3E0D0A2020202020203C2F62706D6E64693A42504D4E456467653E0D0A2020202020203C62706D6E64693A42504D4E456467652062706D6E456C656D656E743D225F32222069643D2242504D4E456467655F5F322220736F75726365456C656D656E743D227075626C6973682220746172676574456C656D656E743D2269734175646974223E0D0A20202020202020203C6F6D6764693A776179706F696E7420783D223236302E302220793D223130302E30222F3E0D0A20202020202020203C6F6D6764693A776179706F696E7420783D223331302E302220793D223130302E30222F3E0D0A20202020202020203C6F6D6764693A776179706F696E7420783D223337312E302220793D223130302E30222F3E0D0A20202020202020203C62706D6E64693A42504D4E4C6162656C3E0D0A202020202020202020203C6F6D6764633A426F756E6473206865696768743D22302E30222077696474683D22302E302220783D22302E302220793D22302E30222F3E0D0A20202020202020203C2F62706D6E64693A42504D4E4C6162656C3E0D0A2020202020203C2F62706D6E64693A42504D4E456467653E0D0A2020202020203C62706D6E64693A42504D4E456467652062706D6E456C656D656E743D225F33222069643D2242504D4E456467655F5F332220736F75726365456C656D656E743D2273746172745075626C6973682220746172676574456C656D656E743D2269734175646974223E0D0A20202020202020203C6F6D6764693A776179706F696E7420783D223338362E302220793D2232372E30222F3E0D0A20202020202020203C6F6D6764693A776179706F696E7420783D223338362E302220793D2238352E30222F3E0D0A20202020202020203C62706D6E64693A42504D4E4C6162656C3E0D0A202020202020202020203C6F6D6764633A426F756E6473206865696768743D22302E30222077696474683D22302E302220783D22302E302220793D22302E30222F3E0D0A20202020202020203C2F62706D6E64693A42504D4E4C6162656C3E0D0A2020202020203C2F62706D6E64693A42504D4E456467653E0D0A2020202020203C62706D6E64693A42504D4E456467652062706D6E456C656D656E743D225F36222069643D2242504D4E456467655F5F362220736F75726365456C656D656E743D22697341756469742220746172676574456C656D656E743D22656E645075626C697368223E0D0A20202020202020203C6F6D6764693A776179706F696E7420783D223430322E302220793D223130312E30222F3E0D0A20202020202020203C6F6D6764693A776179706F696E7420783D223537352E302220793D223130312E30222F3E0D0A20202020202020203C62706D6E64693A42504D4E4C6162656C3E0D0A202020202020202020203C6F6D6764633A426F756E6473206865696768743D22302E30222077696474683D22302E302220783D22302E302220793D22302E30222F3E0D0A20202020202020203C2F62706D6E64693A42504D4E4C6162656C3E0D0A2020202020203C2F62706D6E64693A42504D4E456467653E0D0A2020202020203C62706D6E64693A42504D4E456467652062706D6E456C656D656E743D225F38222069643D2242504D4E456467655F5F382220736F75726365456C656D656E743D22697341756469742220746172676574456C656D656E743D2261756469744D657373616765223E0D0A20202020202020203C6F6D6764693A776179706F696E7420783D223338362E302220793D223131372E30222F3E0D0A20202020202020203C6F6D6764693A776179706F696E7420783D223338362E302220793D223234352E30222F3E0D0A20202020202020203C62706D6E64693A42504D4E4C6162656C3E0D0A202020202020202020203C6F6D6764633A426F756E6473206865696768743D22302E30222077696474683D22302E302220783D22302E302220793D22302E30222F3E0D0A20202020202020203C2F62706D6E64693A42504D4E4C6162656C3E0D0A2020202020203C2F62706D6E64693A42504D4E456467653E0D0A2020202020203C62706D6E64693A42504D4E456467652062706D6E456C656D656E743D225F3131222069643D2242504D4E456467655F5F31312220736F75726365456C656D656E743D22617564697453746174652220746172676574456C656D656E743D227075626C697368223E0D0A20202020202020203C6F6D6764693A776179706F696E7420783D223337352E302220793D223339312E30222F3E0D0A20202020202020203C6F6D6764693A776179706F696E7420783D223230352E302220793D223231302E30222F3E0D0A20202020202020203C6F6D6764693A776179706F696E7420783D223230352E302220793D223133302E30222F3E0D0A20202020202020203C62706D6E64693A42504D4E4C6162656C3E0D0A202020202020202020203C6F6D6764633A426F756E6473206865696768743D22302E30222077696474683D22302E302220783D22302E302220793D22302E30222F3E0D0A20202020202020203C2F62706D6E64693A42504D4E4C6162656C3E0D0A2020202020203C2F62706D6E64693A42504D4E456467653E0D0A2020202020203C62706D6E64693A42504D4E456467652062706D6E456C656D656E743D225F3130222069643D2242504D4E456467655F5F31302220736F75726365456C656D656E743D2261756469744D6573736167652220746172676574456C656D656E743D2261756469745374617465223E0D0A20202020202020203C6F6D6764693A776179706F696E7420783D223339312E302220793D223330302E30222F3E0D0A20202020202020203C6F6D6764693A776179706F696E7420783D223339312E302220793D223337352E30222F3E0D0A20202020202020203C62706D6E64693A42504D4E4C6162656C3E0D0A202020202020202020203C6F6D6764633A426F756E6473206865696768743D22302E30222077696474683D22302E302220783D22302E302220793D22302E30222F3E0D0A20202020202020203C2F62706D6E64693A42504D4E4C6162656C3E0D0A2020202020203C2F62706D6E64693A42504D4E456467653E0D0A202020203C2F62706D6E64693A42504D4E506C616E653E0D0A20203C2F62706D6E64693A42504D4E4469616772616D3E0D0A3C2F646566696E6974696F6E733E0D0A, '0');
INSERT INTO `act_ge_bytearray` VALUES ('52503', '1', 'D:\\WorkSpace\\JMonkey2.0\\target\\classes\\processes\\message-publish.messagePublish.png', '52501', 0x89504E470D0A1A0A0000000D4948445200000269000001A608060000002727132E0000329C4944415478DAEDDD096C9475FEC7F186B81B971863CC46628C31C668CC86185D6334C62866A35934ACA6ED3C8FCF331D1845AB9CE2A2180984B21AF1AFDDC555B248745DAFB8ABC6F5403740012B5DA802BA8056E5580EB9CB25574FDAE7FFFDE233EE503AED33ED4CE7F73CF37E25DF941EF4F8CE737C9EEBF72B2901001405CFF3CE59B870E1FB73E6CC39565D5DDD3979F2642F994C7A77DD7597974824BC871E7AC89B3E7D7ADBCC9933774E9C38F1F7740C0000208F76EDDA157FFDF5D78F3CF8E083DED8B163BDBFFDED6FDE679F7DE6EDDEBDDB6B6E6EF6545B5B9BD7D8D8E8AD5AB5CA7BE38D37BC3163C678E3C78FEF9C3A75EA32C77186D0450000801C91EC3564E9D2A5FB274C98E05557577BEBD6AD3B19C6826A6868F0E6CC99E3DD7BEFBDDEE4C99367D2510000807ED2B3677FFEF39F3B274D9AE4AD59B3C6EB8FEFBEFBCE9B3871A2F7C0030FEC4D2693E7D05D0000803E387AF4E8C4E9D3A77BCF3DF79C77E4C8112F17F4B2A87EBF71E3C6FDC0E54F0000802CE919340D684F3FFDB477E2C4092FD7E6CE9DAB67D40E0E1B36EC4CBA0D00001080DE83A69738F58C573E025ACAB3CF3EEB5554546CA3E3C00098F4DC52AFBBE2F303F37900C8057D4840EF41CBD525CE9E2E7D8E1933A6D3719C49741D188090D6D3C7F87C7E3F0F00FDA59739F5294E7D827320E8C304F178BC83FBD300421A210D007AA0E3A0E9301B03E989279E68BBEBAEBBE6D37D8090464803806EE84C023A50ED409D454BF9F6DB6F3DC771DA79880020A411D200A01B3535351FE94C02F97C5820936432D961DBF6BDBC0A00218D9006005DE85C9C3AD55321CC9E3DBBE9AEBBEEAAE35500F218D278FA92A73B0184934E96AE737116C28A152B4E4848DBCEAB000000D0C5E4C9934F4E965E08FBF7EFEF9490D6CAAB000000D04522913839765921E884ED12D2B832000000D09586A44222A40100007463D4A851853C93D6494803F2881BDB0120BC7EFFFBDF17EC9EB4C6C6C636EE4903F21CD2827C0C00609E193366B416EAE9CE850B1736F274274048030074E3F1C71FDF56A871D2A64F9FBE8771D200421A00A01B13274EBC7BCC983105997140A78562C60180900600C81CD43A067AEECEFAFA7ABDD4C9DC9D00210D0090C9B469D33E79E699670634A4555656EAA5CEF9741FC87348E3E94E0008AF643279CE7DF7DDD7D9D0D0302001EDF3CF3FDFAF67D11CC71942F70100007A307EFCF8E913264CF08E1C3992D780D6D4D4D4E1BA6E9B04B449741D000020803163C6EC9E3D7B763E1F22E8949FD168DBF666BA0D00001090DEC43F7EFCF8FD73E6CCC94750EB9C3A75EAF73A2E9A5E5EA5DB0000005906B5CACACAC63FFEF18FDEF1E3C773768973DCB871FAA0C076EE43030000E847504B24129BEFBFFFFECEB56BD7F6FB2101BD074D2F7172060D00002007F4E6FE8A8A8A133366CC68D7B096CD25D0D5AB57EFD37BDCFCA73879480000002097F4EC976DDB6FEBD9B091234776565757377DFAE9A727F6ECD9D3D1D6D6763290C9DB4E9D2C7DD1A245FB75AA279D4940C3998E83C6E54D0000803C93D095905A2CB54D825B93BCF5D2AA55EF3993AAD7A99E9849000000A0B0C18DC1CB010000086900000020A401000010D2000000404803000020A40100008090060000404803000000210D0000008434000000421A0000000869000000843400000010D2000000086900000020A40100008090060000404803000000210D0000809006000000421A000000210D000000843400000010D2000000086900000020A401000010D2000000404803000020A4010000809006000000421A000000210D0000008434000000421A0000000869000000843400000010D2000000404803000020A40100008090060000404803000000210D0000809006000000421A0000000869000000843400000010D20000D9F23CEFCCCD9B376FAFAFAFF7962C59E2D5D4D45006D4E2C58BBD65CB96754ACD65292D8A40B64743592F758C4E014011D180565757E73536367AADADAD9441B56FDF3EAFB6B6B653025B354B6AE4435AA2B79066DBF64C3A05004544CFA011D0CC0E6A353535AD2CA94511D4F6F510D28E0E1B36EC4CBA040045442F711286CC2EBDFCC9925ADC67D31CC799458700A0C86800200811D2604C50EBEEDEB4639C450300425AC63AF6C36E6FF3AABF790D8BFF70B2F4DFFA314214210DF93D9BC6BD68004048CB58470FEDF4BE5E38DD5BFBF123A7947E4C3F479022A421A7416D1767D100008142DAF6860F4F0B68A9DAD1309F204548430ED9B67D6F5A489B464700809096B1BEFDE4FF328634FD1C418A90869C9F4D3B796F1A67D1008090D6637D5D539531A4E9E708528434E43CA4254A4B4B79DD816EE8C18B9E6596AAF387AE69ED722FE709A90352F5AEEBCE4D2693E7D03510D228421A72658A94BEEE3C3400F8CACACAAE90E0552BC1AB2DC00C1DE943D874D8B6DD206F6FA08B885C48D3A739338534FD1C418A90869C07B44EA92FFDB7043514FD993309590B249C79D984B30C55CF9935442AA46D5C3E276348D3CF11A40869C879404B05B369043514B3F2F2F2DF388ED3DC356C8D1D3BD69B376F9EF7D9679F793B77EEF49A9B9B3DA56F75169D2FBEF8C27BF5D557BD4993267537C55A93655977D25D4422A41DD8B9CEFB7AD18CD32F75CAC7F4730429421AF212D07AFB381069FAA4733C1EEF480F588F3CF2C8C90076E2C4092FA8356BD67853A74EED1AD63A1983109108695A5B56BF765A48D38F11A20869C86B40EBFA7986E440D104B4F4CB9B12D6BCF9F3E76715CEBA5AB06081974C26192C1A110B692D2DDEC615734FBFD4291FD3CF11A40869C86B404BE1D2278A825EE29480D6997E6973C3860D5E2E6CDDBAD59B3061C22967D4B8F489D086349D5160C3F2E733DE93A69F63D601421AF21ED0D2835A0767D41055FA9040FA3D681AD0F41EB35CD2EF971ED4F41E351E2640B8425A4B8BB77BE352EFAB05533306B454E9D7E8D772568D9086BC06B4F4FFD7C1193544913EC5997E89335767D0BA3BA3D6E5D2E74ABA8F5084B4DECE9E71568D90868205B4AEFF9F336A880C1D072DFD3E34BD072D9FF41EB5F4FBD3F4322BAF028C0F6941CE9EF574568D6045484356016D90D48BFEDB9E74FD3AEE5143A4E840B5E94F71B6B5B579F9F6E8A38FA65FF66CE05580F121ADAF012D55042B425A94F5733ECDEE02DAFA921F671758DF4350CBF4759C514364D6ABF4990474988D81B06EDDBA536626901AC2AB01A3431A4548438F47FB87E588FBED3EDC68DCDD25CE17FDE0E5F510D4D2035AAAE6F5F27D0193D69903127EC6F6F4353A1446FAC302FD196A235BE903DEEA5C9FBC6220A45184B4F0EE70DA5347DDF2F6CD80612D5390EA2E80A507B5DE3E9FC2A54F98BCCEA442D0011DFF2CC3D7D4A5BEEEA5975EF206D21B6FBC71CAB451BC6220A45184B490F2C359FA46BD5D3E36AB0F01ADB7A07646C08096FE7378EA132687B454EDEB7A664D3F96FABC4EF53490F4D26ADA25CF43BC6220A45184B4E8EC7052754C6A5A9601ADA7A0D69A4540EB1AD4B8470D6158677EBA0C2A6F7FBA1F6DF7EEDD031AD274DCB4B4DFE904AF180869545621ADB2B272F08811237E291B900B6DDBBECC75DD2B2B2A2AAED747C6E563B74B95CB46AE422F25C8BFC7C9BF27CBD74C957A5C3EF6B4BCFFACDE6B6159D65FE5F3AF4BBD251F7B4FEA63F97C8DFF54D57279FF7379FF4BA975F2FE37521BE5635BE4EDF7523BA5F6C8E7F488F7A0D40F5247A58E4BE9E093AD526DFEE5C00EBF3A336C9C75DEBC4EFFAC94D609FFFFE9F768F1BF9F7EDFA3F2357A0FD821DDA0FB47DB7BA476C9C7B7CBDBAD52FF957F6FD0DF57BEEE2B79BB46DE5FAD972DA4FEEDFF6D8BA5FE251FFF507AF04FE9C53FB40FF2FECBF27FE6C9BF9F978FFF49DE3EA53DD3B025EF4F91CF4FD29D88BC7F8FDFDF580F3B9C54E9EFFD6449F6F78A7517D4B20968295CFA445842DA4F67D6D2DF4F4D963E50F4E7A5FF7C5E3110D2A8C025E1E09470931680DAFDA3CF93A14602C4713F3469783AA8614A6A8F1FAEB6C9BF37A78599751AC63494F941E613A945124C3ED2F0A6214E438C863AF9BABFC8C7666B80D19B7B35FC6908D430E88742F9905B2A759B7CFDCDF2B1EB34446A98D450A9E132F544A4BED57BB8F409AAD1A3475F54565676B97EAD7CDDB5F27F6F94FF73ABBC1DA1A153BFAF862379FF01793B5143938627FD1DF4F2A21FAA9E97F75F48854F3F7CBD2BEF7FA0A1CC0FA09FF87F63BDBCBF4AFEEF7FFC30A72174BDBCBF49C39E1FFA76FA3DDBE71FE51FD290A87DF5FBDB146087E3959696A6C255B68FF49FD1CD19B456FFE3D95810E4F7A42813AB10086920A4515CEE8CF059013FD04DEAE65267D04B8FB93E93368B570B869F493BA6075D7AF0C699348090464843BFE859C06E7634BB7A185E60A0EF494BCDEDC9A54E981CD27E0A67A9AFE19E342064212DC3198501FB3C210D5DC98EE486B4D1C9BFD3F703FCB7817CBA93816D617248D37B4C67753720344F7702210C693D7D2CDF9F27A4A1AB783C7E8DFF30C50D59FED74C4F5DE66A9CB444094F75C2DC9076DA99B36EBE8671D200421A210D0533AD9B335DB99C71A09A1623ACF40C5BA1661C78F0C1079971008434421A210D799BBB93808650F31F1E38C1DC9D00218D900613CEA8A507B57925BD3F14D0F5EB180F0D91224169652A303DF2C8230372366DEAD4A95EDA7DA60DBC0A20A411D20869E8EFCC000434444E5959D915E90360CF9F3F3FAF016DC18205A73C75AA8383F32A8090464823A4A13F416B4A09010DD13D9BF6D30304F178DCDBB061435E02DAD6AD5BBD51A346A587B495741F843486E020A4A13F818B808648D3B1086DDB6E4A7F8840C731CBF5B868E3C78F4FBFCCD9A43F97EE83904611D2D0DD19B520973E13253C2480226059D69DE9973D35A8E5EA8C9A9E414B0F68FA73F4E7D17510D228421AFA7A862C750F1B010DC512D4A6A40735BDF4A9F7A8F5E76102BD07ADCB254E3D8BC6596910D228421AFA1CD4BA1B5F0D28BAA0967AEA73CD9A35590FB3317DFAF4AE53537512D04048A30869E84B509B9616D0984900C51CD4EE4CBF472DFD12A8CE4CB06AD5AA93737DA62665D7B77ACF9906399D49207DA0DAF47BD0B8C409421A4548435FA4CE9CD5FA6F67D1121433BDA93FFDA9CF7ED64A1E1200218D22A4A15F67D47487424003FE47C751B36DFBCBF499098294CE24A003D5BAAE7B1B5D04218D22A4A1DFFC9036884E00A7D229A4FCB93EF5ECDA3EF9775BD750267548274BD7B93899EA0984348A90869C87B4582CF6733A01F44C42D8A4B48036968E80904611D290F79056595939984E00BD86B4436967D20ED01110D228421AF21ED2860F1F7E369D007A5C4FA675730F1A67D34048A30869C86F488BC562E7D209A0C7F5E470370F0BECA13320A4518434E435A4251289F3E804D03DDBB6AB333DD1198FC76D3A04421A454843BE425A676969E9F97402C8B88E34F730F4C6363A04421A454843DE429AD4857402389D3F04478FE3A331AB00086914210D790B698944E2623A019CAEBBA9A2BAA9ED740AA1B664C9128210210D66EE843A93C9E4A5740208745073ADCE44402710297575751D3A192D61C8CCDAB163C7360969AD2CA9C547474D2F2B2BBB9C4E0081D6971B24A4B5D30944CAD2A54B9FACADADEDDCBB772FA1C8C080B678F1E276A96A96D4A23C33A0F30D0EA51340EF2CCBBA59D699363A81C8911030B3A6A6E6985E560B73BDF2CA2B27EF4308FBDF9156AD04B4E20E69AEEB5E492780DEC901CDADB2CE70D5013078A776D89F941A88C2F27C22168B5D4D2780DEC901CD6D8434C0504CB08B288634BD199A4E008142DA1DB66DB7D009C0405D1EC7E6B16B4461996EAFA8A8B89E4E00810E6ACA75705B3A0198B733AB6610434470A7D32ECBF18D7402E89D23649D69A21380592BE6101DAAA09B410C57D21D843CA4B5E9136B740208B4BE24A48ED109C0AC90F65EA6D1A66DDBBE8C0E21CC214D96EF5BE80410687DB947EA289D00CC096843FC9BAB334D09C2D9348479F96E8DC562BFA51340A0F5E57EA923740230E7C8A9AE9779DB3A478F1E7D119D424897EF16A9DBE90410687D1927F5039D00CC386AD2B368C7F4E6EA5E825A2DDD4218E970023AAC009D0002ED1326491DA213400856D2783C7E8DCEE556565676059D4148CF0C344B482BA51340A0F5E561A9037402309465598F4930DB4F2710919D4E936DDB313A01B0FD0742CF75DDC765A7B6874E202A214DC77EA21340A0F5659AD43E3A01981BD29E9190B6834E200A64593E2E19AD824E0081425A95D45E3A0198BB923E2FB5954E2022CBF331CBB246D109A0777240F384AC33BBE90460EE4EED25A98D740211599E8FEA009D740208B4BE3C25B5934E00E6AEA4AF4B7D43271005B66D1F91E5F93E3A01045A5F740EE7ED74023094E338EFC88ABA864E2022CBF361CBB21EA01340A0F5E5590969DBE80460EE4AFAA184B455740251A0A3A7EB28EA740208B4BECC91DA4227007357D285522BE804A2400E380EC9F23C914E0081D69717647DF92F9D00CC0D69B5529FD0094481E338072DCB7A884E0081B6FF3C380618BE92AED0B369740211599E0FE85437740208B4BEBC22B59E4E0086721C67B565591FD0094464A7B35FEA513A01045A5F78BA1F307C255D6BDBF6DB74025120CBF23ED775A7D20920D0F6FF4D59671AE80460EE4AFA8D1E4DD1094464796E949A4E278040EBCB5B12D2D6D109C0DC957493E3382FD209446479DEABF311D20920D0FAF2AE14E3640206AFA45B75FE4E3A8128B06D7B8FEBBA8FD30920D0F6FF7DA92FE80460EE4ABA53766C4FD309446479DE2DF5249D0002AD2FF3A556D209C0DC95748F84B49974025139E8D049A3E90410687DF997543D9D000CE538CE7ECBB21EA313880239E0D8E1BAEE3374020814D216492DA71380B93B35A6D141940E3AB6CB41C79FE8041028A42D915A4627007343DA115949EFA31388C84E679B04B567E90410687D615A40C0F095F4B8944B271091E599A79581E0EB4B9DD4623A0198BB92365B9675279D4014388EB3C5B6EDBFD00920D0F69FB99B01C357D256D9A9DD4A271091E5F9BFB23CBF40278040EB4BBD3EE149270043C90EADBDA2A2E27A3A8188EC7498410308BEBEACD4B1D2E80460EE4ADAE1BAEE9574025120016D8365597FA51340A0EDFF173AEB009D00CC5D493B6DDBBE844E2022CBF37AA957E80410687D59A3F377D209C0E090E638CE103A81882CCFDF4ABD462780DEC901FA3A595FDEA21380B93B352F168B9D452710919D4E831C74BC41278060EB8BEC03DEA41380C1218D2E2042CBF3D7B2E3F93B9D0002AD2F9C79064CA567D0086988D899012EDF00C143DA7AC7715EA61380814A4B4BCFD77BD2E8042214D2D6C84EE71D3A01040A690C5903982A994C5E2A3B35421A22437638FFB12CEB9F7402087450B3D975DDB9740230908E8FA6E3A4D10944E8CC00E33E01C1D717E6BA054CE538CE0DB282B6D30944E8CCC02A59AE3FA41340A090B64DD69767E90460E60EED569DBB934E2042071E9F5B96F5119D000285B4EDB21FA8A61380815CD72D9595B4994E20423B1D268C0682AF2F3BA59EA21380811CC7A990A3A8E3740211DAE9AC905A48278040EBCB6ED90F3C4127003357D0FB24A41DA11388D032FD6F59A66BE80410687DD92B5545270003C911D424A943740211DAE92C935A42278040EBCB3EA9697402309065598F4948DB4F2710A19D4EADD427740208B4BEEC977A944E0006725DF771DBB6F7D00944852CCF4BE5C0E3533A01040A6907657D994C27003343DA33B253DB412710A19DCE62A93A3A01043AA83924EBCB443A0198B9437B5E479CA61388D032BD486A399D0002AD2F871DC7194B27003357D097A436D20944E8CCC0021D2B8D4E0081D69723FA943F9D00CC0C69AF4B7D432710158EE37C2C3B9ECFE80410681F7054EA1E3A0198B9437B4776686BE80422B4D3992FB5924E0081D6976352093A019819D23ED409A9E904A2C2B2AC0F64B95E4D27804021AD49D617874E0066AEA00B751A1D3A81081D78BC27071E5FD20920D03EA059AA9C4E0066AEA00CFC89A82DD3EF4A71091F08400E685A5CD7BD834E0066EED0988C1A51DBE9BC2DCBF45A3A0104DA07B44A48BB8D4E0006D27B77F41E1E3A81A8901DCE3F24A87D4527804021AD4DF603B7D009C0CC1574AD9E79A01388D032FDA62CD30D7402081CD26EA21380992BE8373A561A9D40849669C6FE030292039AF68A8A8AEBE90460E60E6D931C45BD48271015B23CBF2A3B9EEFE80410681F70221E8F5F4327003357D0AD3A7F279D408442DACBB24CAFA71340A07D4087EBBA57D209C0CC1574A76DDB4FD309446899663E5A208B9026FB80A17402307305DD232BE84C3A81A890E5799EE3389BE8041038A45D46270003C9CE6CBF65598FD1094485EBBA7365A7B3994E0081425A672291B8984E0006929DD921594927D2094468A733476A0B9D0002ED033A478E1C79019D00CC5C418FC80EED3E3A81082DD3CFC932BD8D4E00810E6ABC4422711E9D00CC5C418F4BB9740251E138CE6C59A6BFA71340B090964C26CFA11380992B68B3655977D20944856DDBD5B25C6FA71340B09056595939984E0066AEA0ADB253BB954E204221ED691D5A864E00C1425A5555D5197402307387C694208814C77166C98E67179D007AE6BAEE540D6923468CF825DD00CC3C8A62B469442DA43D21CBF56E3A01646659D69F74FBCF836380D921ADD3B6ED4BE804A2420767D6419AE90490F140E6559DB353AA9C6E00868734596187D0094485EBBA3324A835D209E07496657D24DBFD76797B33DD00CC0F695E2C163B8B4E2042CBF434A97D7402386DDD5821D5227515DD000CA703186A48731C6732DD4084CE143CA6D39DD109E047FAF4A66DDB0DB2BD3F964C262FA52340788EACC6F9378F4EA31B8848489B22CBF3013A019494E818683A03871CB81CE4D6162084E408EB5EFF29CFC7E906C24ECF0CCBF27C904EA0D8C562B173F5FE4C7DDA79F8F0E167D31120BC3BB60A3FA83D433710F2657992D4213A816226DBF30BA57E907561D3B061C3CEA42340C8C91157CCBFF4F93CDD408897E309BA73A213285665656597CB3AD024B546DE1D44478088B02C6B848E9F23475F2FD20D84912CBB6365193E4C2750A40729D7C93AD02AEB402DDD00A2B992DFEA0F74F81ADD400843DAFD5247E8048A4D2C16FBAD8E8126F52EDD00A2BDA3BB495776096C6FD30D84EC20431F84394A27504C649977F5761559FEE7D10DA008E8C4EBB2D2B74960FB906E2044071877EB7850740245746032C1BF9FF849BA011491582C76B5ACF87A7FC322BA8130906535414843112DEF551AD018941C285265656557E85422B211F8946E20043B2DBDEC739C4EA00896F5E765BBDC6159D628BA011477504B3DD25D4F3760B2783C6E8B263A81289365FCEFFA80973E914F3700E846E112A9E3525FD20D984A765CE552CD7402115EC617398ED32601ED46BA01207DE3A0A3581F95FABA8441126120D971DD49484384B7C12B75F9D6DB50E80680D39496969EAF23BA4BADAFAAAA3A838EC0B090A60332B7D00944492C16FBB96E736DDB3E9248242EA6230032928DC4793A89B56C3036EBC6838EC014AEEBDEA64F24D3094428A09D25CBF476A9FDBAEDA52300826C38CE9590B64F361CDF33812F4CE1CF98414843640E881DC7D92FCBF50E0D6B74044060C3870F3F5B361E7B64A7B88B0D084C505E5EFE1BBDA99A4E200201ED62BDBCA99739B96201A04F2A2B2B07EB519E6C48F66A68A32328247F4A33421A42CD1F9FB259B6ADABE806807ED1CB9DB241D9AAF74CE865503A820286B41B74DE593A81302FC37A3698995E00E48C3EE9291B954DB27139C4CDAD2814DBB6AF23A421ACFCA7934FE860B5740340AE0D920DCCB712D40E8F1C39F202DA8181168FC7AFD19D1C9D400803DA289DE64996DF397403403E83DA5A9DE47AF4E8D117D10E0C2459EEAE22A4216C7482749D285D274CA71B00F24E6F78D5F93E93C9E4A5740303456FB8D6B3117402213AB07852039A6C3327D00D0003B9F159AE4F28C5E3F15FD10D0C045DD674874727109283D979FE1934976E0028C44668A94ED3E3BAEE9574037938106896F27AA9ED740A062EBBEFEA432EB158ECB7740340213746FFD2B1ABA4AEA51BC825C77166F516D274D2753A05C3B6899FE8CC18FA3432DD0060C2CEF43D3D6AD43180E80672BCC3EBE96CDA363A0483E883556BF47E5D6E030160141DFB47AA5DA7EEA11BC8E172559D29A4C98ED0A64330814EED2407A99B64B9FC41EA423A02C038B2717A458748705DF736BA811C2E5747BB09697BE80C4CA053E6C9F2B85B0E281A99950580D16443F5820635EE15420E43DAB4AE21CD719CB174068526CBE110591E0FEAA5779DEB988E0008C3866BB68E6725E5D00DE428A81D4E0B6907E8080A4DC789D481BDE5C0B441A7CEA32300C2B4537D4AC708D2E950E8067210FC27A59D459B444750E0ED9BCE7ED122B5826E0008EB86AC4A839AEC54EFA71BC8C1F274F26C1A9D4021C981E7CDFA34BBBCFD886E0008FB8EF5517FD4ED89740339589608692818D7754BF59E5B39F07C956E008804BD3CA5F7A8C991E714BA6126CFF3CEDCBC79F3F6FAFA7A6FC992255E4D4D0DD5875ABC78B1B76CD9B24EA9B92C55913B48B8CFBF85E34F740340A4C886ED01DDC0C991E80CBA611E0D687575755E6363A3D7DADA4AF5A3F6EDDBE7D5D6D6764A60AB66C98ACCF6EB313DD094EDD754BA012092642377B77FE9F349BA61163D834640CB6D50ABA9A96965C90A3F7F4065EEAD05501441CDF12F7D72C9C0207A89937095DBD2CB9F2C59E1961AA05BAA9C6E00280AFECDB71D7284FA17BA61060D14042B421A4E39A0FC509FE264AA3B00C578847ABBFF94D4CB74233C21EDD80FBBBDCDABFEE6352CFEC3C9D27FEBC7086584B4886D9F96EB3868B158EC6ABA01A0588F546FD12355A937E986F921EDE8A19DDED70BA77B6B3F7EE494D28FE9E7086684B4B0D39903647BF4B5CE24A0330AD0110045CDB2AC1BFD8121FF4937CC0E69DB1B3E3C2DA0A56A47C37C8219212DD4860D1B76A66C8BB6CAC1E3A1D2D2D2F3E90800949CBCB470AD6C18DBA43EA61BE686B46F3FF9BF8C214D3F473023A485552C163B57B6437BA5762793C973E808009C1AD4742EBC56A92574C3CC90F6754D55C690A69F239811D2C268E4C89117C876E707A9FFEAD9343A0200DDB06D7BA86C289BA5FE4D3708698434E45B5959D9E5B2BD392EDB9E35F2EE203A02003D07B5CBA49A64C3B9926E9815D2F469CE4C214D3F473023A485897F9B45ABD4A7740300024A241217EBD3551CDD9A15D2362E9F9331A4E9E7086684B4101D0CDE2AD52E01ED3DBA010059D2FB4464037A44C2DA3704353342DA819DEBBCAF17CD38FD52A77C4C3F473023A485814E79E24FF3F422DD0080BE6F4C87C8D1EE21D9A06ED4F18BE84861439AD696D5AF9D16D2F4638432425A18C8B6649C1FD066D10D00E8A7112346FC5236AA07A4B6C462B19FD3910286B496166FE38AB9A75FEA948FE9E70866843493B9AE3B43039AD4C37403007244C72D920D6BA3D4F6CACACAC17464E0439ACE28B061F9F319EF49D3CF31EB0021CD54B66D3FE79F41BB9B6E00408EC562B1B374A0492DFD371D19A090D6D2E2EDDEB8D4FB6AC1D48C012D55FA35FAB59C5523A49944A79DD379825DD7BD836E00409EE840937224BC5D36B8FB18153CFF21ADB7B3679C5523A48520A02D946AD3E9E7E80600E499DE9726416D8BDEA7A6F7ABD191FC85B42067CF7A3AAB464823A415926C273ED7C1B15DD7BD926E00C000D1273D6503BC41A772D12740E9487E425A5F035AAA086984B4426D1F6CDBFE4EB60F4775CC453A0200036F906C881BA4742CB50B6947EE431A45480B1BBD5FD5BF25E28004B4F3E8080014906C8CD7E8EC041C3113D20869C54D6F7F9083B67DB23DD8C9C345006008FFDE93269DF7936E10D20869C567F4E8D117E90C257A1B04E32902806124A4D549486B911A4A37086984B4E2A1EBBC3E2020016D750953C80180B11BEB1AD950B7CA91F4D574839046488B3E59DF6F906A9390B6986E0080E164633D5FC74592C0761DDD20A411D222BDAEDFAE83D44ABD453700203C47D7EFC886BB5DDEDE4437086984B44806B484ACDF1D7230F617BA0100E10B6A6FE851B66CC46FA51B8434425A745896F590CEC329EBF64CBA0100E13DDA7E49839A6CD447D00DF3429AFCD86E6BA03E4F480BE5C1D7131AD0A426D20D00087F509BE36FD4CBE9867921ADA78FE5FBF384B470B16DFB055D9725A855D00D0088CEC6BD5AEF5F910DBC4B37086984B4F049DD67EABAEE6D740300A2B7914F5D26B9876E10D20869A13AC85A2AEB6D2B4F6C034084C9867EBA7FB9642CDD20A411D28CA7F3F37E29D5148FC77F453B0020FA41ED61BDF4A94F88D10D421A21CD4C3AB593ACAB9BA40E4B5D484700A048C891F9043DA32641ED31BA414823A49965F8F0E167CBFAB94BAA51274DA7230050646407701F632D153EA495300407D2388E3344D6CB0352DB2A2B2B07D3110028DEA096F083DAD3843406B325A41596AC8797C8FA784CEA9BAAAAAA33E8080014B9783C6EFBD3CB3C4748235811D20A76C07495AC832DF2B69E6E00007EE2BAEE1DFE1452F3086914216D60E91CBBB2FEB5C9DB8FE90600E034B158ECB71AD46447F12A218D22A40DD80152A9AE7752AFD30D0040469665DD6CDB76BBEC30DE22A45184B4FC9275ED5E7FDCC2D9740300D0AB8A8A8AEBF5D28B04B60F086914212D3F641D7BD49FAA6D1ADD000004168FC7AFF1A7A1594048A30869B9A54F53FBE3143E4037000059735DF74AD991E8D366B584348A90961B8EE3BCEC3FA413A31B00803E2B2B2BBB5C7628CDC5302C00218D90966F7A0B81AC4BED12D46EA11B00807EF307D83C2EF505218D22A4F58DAC3F757A665A6F25A01B00809C193D7AF445B283392A81ED2B797710218D22A4053648D69B7552C7A52EA31D00809C2B2D2D3D5F82DA61D9D17C17C5296B086984B45C1B366CD8998EE36C9175E690AE3F6C45000079934824CE939DCE41A94DB158ECE784348A90D6BD6432798E1CD4EC9180B647FFCDD60300907712CECE9590B65F7640DBF44C01218D22A49D6AE4C89117E8D933A9CD515A47000021307CF8F0B3F52C81D4CECACACAC184348A90F623BDEFCCBFFF6C5D4944EFDF0400184EC39986340D6B1ADAC2FEF72C59B284604548EB97D420D052CBD84200000A4A2FE5E8654FBDFCA99741C3FCB7D4D5D57534363612AE72543B76ECD82621ADB558D6051DFB4CC740937A9F2D0300C008FA00813E48A00F14E8830561FD3B962E5DFA646D6D6DE7DEBD7B09593908688B172F6E97AA2E8675201E8FDB3A8B8065597F658B0000308A0EC9A14373E8101D611E6A4042C5CC9A9A9A637A99CEE4923E7B86FF8EADC512D0E4E064ACCEC3A9F371B2250000984A07EDFC4A07BDD5C16F6947FE68488BC56267D18982BF0ED325A4E944E953E80600200C3BAE2F741AA964327929DDC85B8F3B191CB5B0249C3DAB67D0A4EEA11B00803085887A9D985D2768A71BB967DB7627530C1534A0BDE1DF837627DD00008431A8D5EA84D2AEEB5E493772DEDB135257D18982F4FE5F526D12D46EA21B0080D0B26D7B818E1BA5E347D18D9C068576CBB26EA41303BE3C7FA6678839F00000442550BCAF671E2A2A2AAEA71B39EB69AB0485DBE8C4C0D0A797A5E7DFEA433112D42EA123008028858AB764E7A6677F6EA61B39E967B354399DC83F7F668DEFA50E388E33848E000022477670AFEABD54B158ECB774A3DF21ED9804DE517422BF468C18F14BE9F53E9DFE2C0A539F010090916DDBF334A8B9AE7B07DDE857483BAC83A8D289FCD1B1FEA4C787A5D71B75560D3A02002886A0F69C0E00AA53E9D08D3E87B403520FD389BC2DA343A5BF4D3AE69FBC3B888E00008A6927F8B43F1068826EF429A435EA68F77422F7F401177DD0456A09DD0000146B509BE907B5FBE846D6216D97E338B3E844CEFB7ABB5E8E9765F36DBA0100286A96653DE64F4E3D816E641526B6E9B444742277A49F157A19DE75DDB9740300801F83DA43BA73E41EABAC02C5267D08834EE4AC9F93F4604102DAE37403008053779263FD4B9FDC67158004B4EF7448133AD17F1ACC74D9D3A046370000E886EC28EFF177964FD08D5E43DA3A1D20984EF43BA0CDF5CFE2F2000B0000BD043557779A1242AAE94666D2A3D596657D4027FA1574DFF627AABF9D6E0000102CA895FB973EE7D08D8C3DAA975A4827FADCBF25CC270B00401F589635C23FCBF112DDE83664D44A7D4227B2364807A8D5816A75C05ADA0100401F388E738B063579FB06DD382DA42D945A412782D3A99D6459DAA0533DE9944F74040080FE05B59B248CB4CBDB77E8C6FFE8FD687A5F1A9D08462747D749D275B2749D349D8E00009003B66D5FE74FD3339F6EFCD493B7F5094F3AD1BB4422719E3FD7E9F795959583E908000039148BC5AE761CA75582490DDD3879B9F335A96FE944AF61F612E9D351ED555555D51974040080FCEC70874AB5C80EB78E5ED8F374D601968ACC5CD7BD52969566E9D56774030080FC8793CBF4C93C09289F17731F74DE4E9DBF932522637FF45EC636595E16D00D000006482291B85876C0C7A4D6146B0FE46F7F4A6F846769389D655977F254300000850B2917DAB67D44AA41DE1D546C7FBFEBBA33E46F6F6449386DB9484D2DF62CDD0000A04064473C4476C83FE8D857C57653B8FCDD0FEB138B2C05FF6359D6147F1ECEE97403008002D331AF34ACC8CE798B0E565A440175ACFCDD8759027E0AAD4FF967D0C6D20D00000C914C26CFD1414A6507BD7DD8B06167164948BB5BEFCBE3D53F19D05ED27BD0E2F1B84D370000304C2C163B4B76D4BBB5F4DF51FF7B6DDB8EE953AE04B4BBDE975EB44BDDCA5A000080A1743479D9696F976AD4B36B51FE5B5DD7BD4DFECED6220F68CBB407F178FC1A967E00000CA7F7A5C98E7B8BDEA716E5391A2DCBBA51E7342DD2977990FCED6BA58EEBB8792CF5000084843EE9293BF08DB2033FA44F8046348C5EADF76115DB6BABF71CCAEBBA599FEA1D3972E4052CED0000848F9E6DF94642DA9128EECCFD99173A8AE905D54BD8F277EF91BF7B4FD42F67030010F9A0263BF535FA14A4CE5210A53FACB4B4F47CF9BB3A8BE585D4BF5702F721BD945D2C4FF002001079B2635F2961AD294AF72F0D1F3EFC6CF9BBBC6278FDFCB386C7E4ED57254538BB040000510F6AFF966A961DFDD008FD4D910F69FAE4A6FC9D2DFAFAB114030010DDA0B644876C90BA2A2A212DCA63C2398E738B3EC16A59D6072CBD0000449CECF83F966A939DFFB51108699D7AAF56145F277FB0DE13F25ABDCC520B004091B02CEB9FFE199A1B431E643AA3384E98BC2E0FE893ABAEEB3EC3D20A0040919110F0A60635BDA416E2BFE144542EDDA6FD4DD3E435E990B78FB294020050A4F4529A1F746E0F69A009FDD9C02EAFC76C3D8366DBF6BD2C9D0000143909047FF12FAD958630A4B5EA1C9E51781DE46F794D0373185F07000090279665FD492FB14939210B36CD52E561EFBF3ECC217F479BBC0E37B334020080AE81E7493DA32681E1EE10FDCEC724D88C0A79DFEB6DDB6E89DABD75000020875CD79DA1414D9F2E0C49C0392CA1726C187B5D5555758684B3067F26814B58FA0000408F24A04DF12F7D4E0A41483B20F570D87A5C595939587EEF6D5207A5CF4358EA000040D0F03351CFA8993E0C84FC7E8D52D3C3D4DB582C76AEFF7BEFD2F94759DA000040561CC7B9DF0F6A550687B45DF27BCE0A51F8BD502FD14A6D92B0F67396320000D0277A53BE1FD49E3234F46C9390F66C187A198FC77F65DB7693FCBEFF917707B1740100807E717EA4F7A8CD36F077DB24C1679EE93D94DFF13A1DD34DDE2E6589020000396359D69D3AD0AA848C170C0B3FDF49507BD5E4DEE960BBFEF45BEFB0240100807C850D9D42EA158342DA3AF97DDE32B56712CC2AFC699E5E600902000079535E5EFE1B091CED527F372404ADB62CEB03137B957A42567EC72758720000C04004A31BFCCB77EF191084EAA5169AD62309B133FD41811F628901000003198EAED5B926A5FE55E0DFA356EA13C37A33471FB408FB7455000020A45CD7BD5202494B219F58D4B368522B0CEAC93FF4BE3D0968235842000040C1E8D85F124A9AA59617E2E7EBFD687A5F9A09BD90B05A23BF4B9B5E0E66C900000005974C262F9590D6242165550182D1DBFA8467815B304883A28655F95D86B244000000638C1E3DFA220929C7A4D6960CE068FAF2F35E93FAB6507FB74EED243F7FBD84B423DA0396040000609C9123475E2061E5B01F9A0624A8E96C033AEB408102DA59F2F37748ED1B3162C42F5902000080B11289C479129A0EE904E255555567E4FBE7E9BC9D3A7F6721FE4EF9B9FBE5E76FD7B0C62B0F00008C27A1E55C0D30525B870D1B76663E7F964EFC2EB5738003DAC5F2338FEA94540311440100007266F8F0E1674B90D9AB97032B2B2B07E7EBE7B8AE3B437E46A3FEDB719C21FA64655959D915F9FA79FABDF50101F9399FF32A03008050D2CB801268764988DAA3A1ADBFDF4F43987CAF269DED4047F397F232546D3EFE1ECBB26EF407F05DC8AB0B0000424D2F774AA8F95E6FAED7CBA0FDFD7EF2BDEA7A08675A9DF978CAD275DD3BFCC9E5DFE45505000091A0C3544848DB2C01E7A0DE70DF9FEFE55FD2ECE92CDACA5CFFFEF2F3EED69F297FC373BC9A00002052F4067B1D4F4CEA87D2D2D2F3FB199ADECB14D224485D96CBDF5BBEE7C37A6955EF7DE35504000051354802CFD7FA64A4D485FD086943BABB274D02DA97B9FC65E5E7CCF27FCE385E3A000010791AA6A48E4B5DD2D7EFE1BAEEDCAE212D1E8FDB390C682F6A4093B70EAF180000281A1280EA75BECFB2B2B2CBFB11F69AD242DAF65CFD6E9665FD53BE77BBD4ADBC520000A0E8388EF3A984AB96BE8E6B26FF7F522AA4E9BF73F53B49B5CAF7BC9657080000142D09438BA45A63B1D8D57DF9FFB66D1F9150E5C93FFB3BECC620F95E6BE47739DE9FB37B000000912121EB431D24B6A2A2E2FA6CFF6F7979F9F49B6FBE59439AD6CCBEFC7C7F2CB7FFEA93A73A493CAF08000080CFB6EDB7752601096C3765F95FA7FCEC673FD380A64F7676661BD492C9E439F27377EB1456B9186C17000020722428BDA6A3FA6771C3FE942EC16C5A36414DC76B935078502782CFE7FCA2000000A1E70F7D71C2B2AC115906B4DE3E7E8A643279A9FC9C633A6E9B0EB44BE70100007A21C1E9791DA3CCB6ED589601ADEBE7A775F7497D48419F2A955A4EB7010000B2E0BAEE33FE60B2155906B4946E2F7D969797FF46EF7D939A4F97010000FA16D41EF7CFA8DD9B65404B0F6A1DFE5B3D4357AE9752A55EA1BB000000FD0B6A5335A85D71C515EF97F4E1E94D3FD8750C1D3AF4233FF055D3550000801CF8F5AF7F3DFF77BFFB9DF78B5FFCE299BEFCFFB3CF3EFB0FFAFFAFBAEAAA457413000020374E5EE24C0B6883A45EF4DFF6E494AF1B3C78F093257D3B1307000080EE025A5AB0D2C0B5BEE4C7D905D6F710D4327D5D8F4F7D02000020FB80A65EF48397D743504B0F68A99AD7CBF7050000401F035AA600961ED47AFB7C4A563313000000A0F7335D9982D81901035AFACFE920A8010000F43FA0F514D45AB308685D831AF7A8010000F433A0F514D4B20968295CFA040000C8E0223F5C3564F9FFF41267D73368ADFEC7B3B1C0FFBF17F1520000009C2ADBE131727D266D162F01000040CF416DA0EE494BCDEDC9A54E0000807E06B55C3EDDC9C0B60000005906B5EE9EBACCD5386989129EEA040000E893D4BD62E9412A97330E54D362000080BEC9D7DC9D04340000807E9AD64D509B57D2FB43015DBF8EF1D000000072ACBF330310D0000000F2A4AF416B4A09010D000020AFB20D5C043400008001921A80B6B74B9F89121E120000001850BD9D214BDDC346400300003024A87537BE1A0000000A10D4A6A5053466120000003040EACC59ADFF76162D01000030839E51F30868000000E6B9881600000000000000000000000000000000000000000000000000000000008074FF0F92A5FF853C5086BD0000000049454E44AE426082, '1');

-- ----------------------------
-- Table structure for act_ge_property
-- ----------------------------
DROP TABLE IF EXISTS `act_ge_property`;
CREATE TABLE `act_ge_property` (
  `NAME_` varchar(64) COLLATE utf8_bin NOT NULL,
  `VALUE_` varchar(300) COLLATE utf8_bin DEFAULT NULL,
  `REV_` int(11) DEFAULT NULL,
  PRIMARY KEY (`NAME_`)
) ENGINE=InnoDB DEFAULT CHARSET=utf8 COLLATE=utf8_bin;

-- ----------------------------
-- Records of act_ge_property
-- ----------------------------
INSERT INTO `act_ge_property` VALUES ('cfg.execution-related-entities-count', 'false', '1');
INSERT INTO `act_ge_property` VALUES ('next.dbid', '72501', '30');
INSERT INTO `act_ge_property` VALUES ('schema.history', 'create(6.0.0.4)', '1');
INSERT INTO `act_ge_property` VALUES ('schema.version', '6.0.0.4', '1');

-- ----------------------------
-- Table structure for act_hi_actinst
-- ----------------------------
DROP TABLE IF EXISTS `act_hi_actinst`;
CREATE TABLE `act_hi_actinst` (
  `ID_` varchar(64) COLLATE utf8_bin NOT NULL,
  `PROC_DEF_ID_` varchar(64) COLLATE utf8_bin NOT NULL,
  `PROC_INST_ID_` varchar(64) COLLATE utf8_bin NOT NULL,
  `EXECUTION_ID_` varchar(64) COLLATE utf8_bin NOT NULL,
  `ACT_ID_` varchar(255) COLLATE utf8_bin NOT NULL,
  `TASK_ID_` varchar(64) COLLATE utf8_bin DEFAULT NULL,
  `CALL_PROC_INST_ID_` varchar(64) COLLATE utf8_bin DEFAULT NULL,
  `ACT_NAME_` varchar(255) COLLATE utf8_bin DEFAULT NULL,
  `ACT_TYPE_` varchar(255) COLLATE utf8_bin NOT NULL,
  `ASSIGNEE_` varchar(255) COLLATE utf8_bin DEFAULT NULL,
  `START_TIME_` datetime(3) NOT NULL,
  `END_TIME_` datetime(3) DEFAULT NULL,
  `DURATION_` bigint(20) DEFAULT NULL,
  `DELETE_REASON_` varchar(4000) COLLATE utf8_bin DEFAULT NULL,
  `TENANT_ID_` varchar(255) COLLATE utf8_bin DEFAULT '',
  PRIMARY KEY (`ID_`),
  KEY `ACT_IDX_HI_ACT_INST_START` (`START_TIME_`),
  KEY `ACT_IDX_HI_ACT_INST_END` (`END_TIME_`),
  KEY `ACT_IDX_HI_ACT_INST_PROCINST` (`PROC_INST_ID_`,`ACT_ID_`),
  KEY `ACT_IDX_HI_ACT_INST_EXEC` (`EXECUTION_ID_`,`ACT_ID_`)
) ENGINE=InnoDB DEFAULT CHARSET=utf8 COLLATE=utf8_bin;

-- ----------------------------
-- Records of act_hi_actinst
-- ----------------------------
INSERT INTO `act_hi_actinst` VALUES ('30008', 'messagePublish:1:22504', '30001', '30007', 'startPublish', null, null, '', 'startEvent', null, '2019-02-14 08:46:23.495', '2019-02-14 08:46:23.497', '2', null, '');
INSERT INTO `act_hi_actinst` VALUES ('30009', 'messagePublish:1:22504', '30001', '30007', 'isAudit', null, null, '', 'exclusiveGateway', null, '2019-02-14 08:46:23.500', '2019-02-14 08:46:23.533', '33', null, '');
INSERT INTO `act_hi_actinst` VALUES ('30010', 'messagePublish:1:22504', '30001', '30007', 'auditMessage', '30011', null, '', 'userTask', '1', '2019-02-14 08:46:23.533', '2019-02-14 13:10:43.576', '15860043', null, '');
INSERT INTO `act_hi_actinst` VALUES ('35008', 'messagePublish:1:22504', '35001', '35007', 'startPublish', null, null, '', 'startEvent', null, '2019-02-14 09:46:16.662', '2019-02-14 09:46:16.664', '2', null, '');
INSERT INTO `act_hi_actinst` VALUES ('35009', 'messagePublish:1:22504', '35001', '35007', 'isAudit', null, null, '', 'exclusiveGateway', null, '2019-02-14 09:46:16.667', '2019-02-14 09:46:16.703', '36', null, '');
INSERT INTO `act_hi_actinst` VALUES ('35010', 'messagePublish:1:22504', '35001', '35007', 'auditMessage', '35011', null, '', 'userTask', '1', '2019-02-14 09:46:16.703', '2019-02-14 13:18:23.070', '12726367', null, '');
INSERT INTO `act_hi_actinst` VALUES ('35019', 'messagePublish:1:22504', '35012', '35018', 'startPublish', null, null, '', 'startEvent', null, '2019-02-14 09:46:22.854', '2019-02-14 09:46:22.854', '0', null, '');
INSERT INTO `act_hi_actinst` VALUES ('35020', 'messagePublish:1:22504', '35012', '35018', 'isAudit', null, null, '', 'exclusiveGateway', null, '2019-02-14 09:46:22.854', '2019-02-14 09:46:22.854', '0', null, '');
INSERT INTO `act_hi_actinst` VALUES ('35021', 'messagePublish:1:22504', '35012', '35018', 'auditMessage', '35022', null, '', 'userTask', '36f8103bf41c4098b72d28734c5fb2ed', '2019-02-14 09:46:22.854', null, null, null, '');
INSERT INTO `act_hi_actinst` VALUES ('42508', 'messagePublish:1:22504', '30001', '30007', 'auditState', null, null, '', 'exclusiveGateway', null, '2019-02-14 13:10:43.576', '2019-02-14 13:10:43.576', '0', null, '');
INSERT INTO `act_hi_actinst` VALUES ('42509', 'messagePublish:1:22504', '30001', '30007', 'publish', '42510', null, '', 'userTask', null, '2019-02-14 13:10:43.577', '2019-02-15 13:31:41.120', '87657543', null, '');
INSERT INTO `act_hi_actinst` VALUES ('47504', 'messagePublish:1:22504', '35001', '35007', 'auditState', null, null, '', 'exclusiveGateway', null, '2019-02-14 13:18:23.071', '2019-02-14 13:18:23.071', '0', null, '');
INSERT INTO `act_hi_actinst` VALUES ('47505', 'messagePublish:1:22504', '35001', '35007', 'publish', '47506', null, '', 'userTask', null, '2019-02-14 13:18:23.071', '2019-02-15 08:38:54.064', '69630993', 'delete message', '');
INSERT INTO `act_hi_actinst` VALUES ('52512', 'messagePublish:4:52504', '52505', '52511', 'startPublish', null, null, '', 'startEvent', null, '2019-02-14 13:27:48.449', '2019-02-14 13:27:48.452', '3', null, '');
INSERT INTO `act_hi_actinst` VALUES ('52513', 'messagePublish:4:52504', '52505', '52511', 'isAudit', null, null, '', 'exclusiveGateway', null, '2019-02-14 13:27:48.454', '2019-02-14 13:27:48.488', '34', null, '');
INSERT INTO `act_hi_actinst` VALUES ('52514', 'messagePublish:4:52504', '52505', '52511', 'auditMessage', '52515', null, '', 'userTask', '1', '2019-02-14 13:27:48.488', '2019-02-14 13:27:52.409', '3921', null, '');
INSERT INTO `act_hi_actinst` VALUES ('52517', 'messagePublish:4:52504', '52505', '52511', 'auditState', null, null, '', 'exclusiveGateway', null, '2019-02-14 13:27:52.409', '2019-02-14 13:27:52.409', '0', null, '');
INSERT INTO `act_hi_actinst` VALUES ('52518', 'messagePublish:4:52504', '52505', '52511', 'endPublish', null, null, '', 'endEvent', null, '2019-02-14 13:27:52.409', '2019-02-14 13:27:52.409', '0', null, '');
INSERT INTO `act_hi_actinst` VALUES ('52526', 'messagePublish:4:52504', '52519', '52525', 'startPublish', null, null, '', 'startEvent', null, '2019-02-14 13:28:03.952', '2019-02-14 13:28:03.952', '0', null, '');
INSERT INTO `act_hi_actinst` VALUES ('52527', 'messagePublish:4:52504', '52519', '52525', 'isAudit', null, null, '', 'exclusiveGateway', null, '2019-02-14 13:28:03.953', '2019-02-14 13:28:03.953', '0', null, '');
INSERT INTO `act_hi_actinst` VALUES ('52528', 'messagePublish:4:52504', '52519', '52525', 'auditMessage', '52529', null, '', 'userTask', '1', '2019-02-14 13:28:03.953', '2019-02-14 13:28:06.987', '3034', null, '');
INSERT INTO `act_hi_actinst` VALUES ('52531', 'messagePublish:4:52504', '52519', '52525', 'auditState', null, null, '', 'exclusiveGateway', null, '2019-02-14 13:28:06.987', '2019-02-14 13:28:06.987', '0', null, '');
INSERT INTO `act_hi_actinst` VALUES ('52532', 'messagePublish:4:52504', '52519', '52525', 'publish', '52533', null, '', 'userTask', null, '2019-02-14 13:28:06.987', '2019-02-15 11:02:49.681', '77682694', null, '');
INSERT INTO `act_hi_actinst` VALUES ('55008', 'messagePublish:4:52504', '55001', '55007', 'startPublish', null, null, '', 'startEvent', null, '2019-02-14 16:39:46.463', '2019-02-14 16:39:46.465', '2', null, '');
INSERT INTO `act_hi_actinst` VALUES ('55009', 'messagePublish:4:52504', '55001', '55007', 'isAudit', null, null, '', 'exclusiveGateway', null, '2019-02-14 16:39:46.468', '2019-02-14 16:39:46.501', '33', null, '');
INSERT INTO `act_hi_actinst` VALUES ('55010', 'messagePublish:4:52504', '55001', '55007', 'endPublish', null, null, '', 'endEvent', null, '2019-02-14 16:39:46.501', '2019-02-14 16:39:46.501', '0', null, '');
INSERT INTO `act_hi_actinst` VALUES ('57508', 'messagePublish:4:52504', '57501', '57507', 'startPublish', null, null, '', 'startEvent', null, '2019-02-15 08:34:20.941', '2019-02-15 08:34:20.944', '3', null, '');
INSERT INTO `act_hi_actinst` VALUES ('57509', 'messagePublish:4:52504', '57501', '57507', 'isAudit', null, null, '', 'exclusiveGateway', null, '2019-02-15 08:34:20.947', '2019-02-15 08:34:20.980', '33', null, '');
INSERT INTO `act_hi_actinst` VALUES ('57510', 'messagePublish:4:52504', '57501', '57507', 'auditMessage', '57511', null, '', 'userTask', '1', '2019-02-15 08:34:20.980', '2019-02-15 08:34:29.908', '8928', null, '');
INSERT INTO `act_hi_actinst` VALUES ('57513', 'messagePublish:4:52504', '57501', '57507', 'auditState', null, null, '', 'exclusiveGateway', null, '2019-02-15 08:34:29.908', '2019-02-15 08:34:29.908', '0', null, '');
INSERT INTO `act_hi_actinst` VALUES ('57514', 'messagePublish:4:52504', '57501', '57507', 'publish', '57515', null, '', 'userTask', null, '2019-02-15 08:34:29.908', '2019-02-15 11:02:08.964', '8859056', null, '');
INSERT INTO `act_hi_actinst` VALUES ('60001', 'messagePublish:4:52504', '57501', '57507', 'isAudit', null, null, '', 'exclusiveGateway', null, '2019-02-15 11:02:08.978', '2019-02-15 11:02:09.011', '33', null, '');
INSERT INTO `act_hi_actinst` VALUES ('60002', 'messagePublish:4:52504', '57501', '57507', 'auditMessage', '60003', null, '', 'userTask', '1', '2019-02-15 11:02:09.012', '2019-02-15 11:02:21.420', '12408', null, '');
INSERT INTO `act_hi_actinst` VALUES ('60004', 'messagePublish:4:52504', '57501', '57507', 'auditState', null, null, '', 'exclusiveGateway', null, '2019-02-15 11:02:21.421', '2019-02-15 11:02:21.421', '0', null, '');
INSERT INTO `act_hi_actinst` VALUES ('60005', 'messagePublish:4:52504', '57501', '57507', 'endPublish', null, null, '', 'endEvent', null, '2019-02-15 11:02:21.422', '2019-02-15 11:02:21.422', '0', null, '');
INSERT INTO `act_hi_actinst` VALUES ('60006', 'messagePublish:4:52504', '52519', '52525', 'isAudit', null, null, '', 'exclusiveGateway', null, '2019-02-15 11:02:49.681', '2019-02-15 11:02:49.682', '1', null, '');
INSERT INTO `act_hi_actinst` VALUES ('60007', 'messagePublish:4:52504', '52519', '52525', 'auditMessage', '60008', null, '', 'userTask', '36f8103bf41c4098b72d28734c5fb2ed', '2019-02-15 11:02:49.682', '2019-02-15 13:53:03.069', '10213387', null, '');
INSERT INTO `act_hi_actinst` VALUES ('62501', 'messagePublish:1:22504', '30001', '30007', 'isAudit', null, null, '', 'exclusiveGateway', null, '2019-02-15 13:31:41.135', '2019-02-15 13:31:41.167', '32', null, '');
INSERT INTO `act_hi_actinst` VALUES ('62502', 'messagePublish:1:22504', '30001', '30007', 'auditMessage', '62503', null, '', 'userTask', '1', '2019-02-15 13:31:41.168', '2019-02-15 13:32:13.405', '32237', null, '');
INSERT INTO `act_hi_actinst` VALUES ('62504', 'messagePublish:1:22504', '30001', '30007', 'auditState', null, null, '', 'exclusiveGateway', null, '2019-02-15 13:32:13.406', '2019-02-15 13:32:13.406', '0', null, '');
INSERT INTO `act_hi_actinst` VALUES ('62505', 'messagePublish:1:22504', '30001', '30007', 'publish', '62506', null, '', 'userTask', null, '2019-02-15 13:32:13.406', '2019-02-15 13:54:23.348', '1329942', null, '');
INSERT INTO `act_hi_actinst` VALUES ('62514', 'messagePublish:4:52504', '62507', '62513', 'startPublish', null, null, '', 'startEvent', null, '2019-02-15 13:32:37.652', '2019-02-15 13:32:37.652', '0', null, '');
INSERT INTO `act_hi_actinst` VALUES ('62515', 'messagePublish:4:52504', '62507', '62513', 'isAudit', null, null, '', 'exclusiveGateway', null, '2019-02-15 13:32:37.652', '2019-02-15 13:32:37.652', '0', null, '');
INSERT INTO `act_hi_actinst` VALUES ('62516', 'messagePublish:4:52504', '62507', '62513', 'endPublish', null, null, '', 'endEvent', null, '2019-02-15 13:32:37.652', '2019-02-15 13:32:37.652', '0', null, '');
INSERT INTO `act_hi_actinst` VALUES ('62524', 'messagePublish:4:52504', '62517', '62523', 'startPublish', null, null, '', 'startEvent', null, '2019-02-15 13:32:51.351', '2019-02-15 13:32:51.351', '0', null, '');
INSERT INTO `act_hi_actinst` VALUES ('62525', 'messagePublish:4:52504', '62517', '62523', 'isAudit', null, null, '', 'exclusiveGateway', null, '2019-02-15 13:32:51.351', '2019-02-15 13:32:51.351', '0', null, '');
INSERT INTO `act_hi_actinst` VALUES ('62526', 'messagePublish:4:52504', '62517', '62523', 'auditMessage', '62527', null, '', 'userTask', '1', '2019-02-15 13:32:51.351', '2019-02-15 13:32:56.537', '5186', null, '');
INSERT INTO `act_hi_actinst` VALUES ('62529', 'messagePublish:4:52504', '62517', '62523', 'auditState', null, null, '', 'exclusiveGateway', null, '2019-02-15 13:32:56.538', '2019-02-15 13:32:56.538', '0', null, '');
INSERT INTO `act_hi_actinst` VALUES ('62530', 'messagePublish:4:52504', '62517', '62523', 'endPublish', null, null, '', 'endEvent', null, '2019-02-15 13:32:56.539', '2019-02-15 13:32:56.539', '0', null, '');
INSERT INTO `act_hi_actinst` VALUES ('62538', 'messagePublish:4:52504', '62531', '62537', 'startPublish', null, null, '', 'startEvent', null, '2019-02-15 13:34:33.262', '2019-02-15 13:34:33.262', '0', null, '');
INSERT INTO `act_hi_actinst` VALUES ('62539', 'messagePublish:4:52504', '62531', '62537', 'isAudit', null, null, '', 'exclusiveGateway', null, '2019-02-15 13:34:33.262', '2019-02-15 13:34:33.262', '0', null, '');
INSERT INTO `act_hi_actinst` VALUES ('62540', 'messagePublish:4:52504', '62531', '62537', 'endPublish', null, null, '', 'endEvent', null, '2019-02-15 13:34:33.262', '2019-02-15 13:34:33.262', '0', null, '');
INSERT INTO `act_hi_actinst` VALUES ('62548', 'messagePublish:4:52504', '62541', '62547', 'startPublish', null, null, '', 'startEvent', null, '2019-02-15 13:34:42.926', '2019-02-15 13:34:42.926', '0', null, '');
INSERT INTO `act_hi_actinst` VALUES ('62549', 'messagePublish:4:52504', '62541', '62547', 'isAudit', null, null, '', 'exclusiveGateway', null, '2019-02-15 13:34:42.926', '2019-02-15 13:34:42.926', '0', null, '');
INSERT INTO `act_hi_actinst` VALUES ('62550', 'messagePublish:4:52504', '62541', '62547', 'auditMessage', '62551', null, '', 'userTask', '36f8103bf41c4098b72d28734c5fb2ed', '2019-02-15 13:34:42.926', '2019-02-15 13:53:17.652', '1114726', null, '');
INSERT INTO `act_hi_actinst` VALUES ('62560', 'messagePublish:4:52504', '62553', '62559', 'startPublish', null, null, '', 'startEvent', null, '2019-02-15 13:34:57.105', '2019-02-15 13:34:57.105', '0', null, '');
INSERT INTO `act_hi_actinst` VALUES ('62561', 'messagePublish:4:52504', '62553', '62559', 'isAudit', null, null, '', 'exclusiveGateway', null, '2019-02-15 13:34:57.105', '2019-02-15 13:34:57.105', '0', null, '');
INSERT INTO `act_hi_actinst` VALUES ('62562', 'messagePublish:4:52504', '62553', '62559', 'auditMessage', '62563', null, '', 'userTask', '1', '2019-02-15 13:34:57.105', '2019-02-18 13:50:12.123', '260115018', null, '');
INSERT INTO `act_hi_actinst` VALUES ('65001', 'messagePublish:4:52504', '52519', '52525', 'auditState', null, null, '', 'exclusiveGateway', null, '2019-02-15 13:53:03.080', '2019-02-15 13:53:03.111', '31', null, '');
INSERT INTO `act_hi_actinst` VALUES ('65002', 'messagePublish:4:52504', '52519', '52525', 'endPublish', null, null, '', 'endEvent', null, '2019-02-15 13:53:03.112', '2019-02-15 13:53:03.112', '0', null, '');
INSERT INTO `act_hi_actinst` VALUES ('65006', 'messagePublish:4:52504', '62541', '62547', 'auditState', null, null, '', 'exclusiveGateway', null, '2019-02-15 13:53:17.652', '2019-02-15 13:53:17.652', '0', null, '');
INSERT INTO `act_hi_actinst` VALUES ('65007', 'messagePublish:4:52504', '62541', '62547', 'endPublish', null, null, '', 'endEvent', null, '2019-02-15 13:53:17.653', '2019-02-15 13:53:17.653', '0', null, '');
INSERT INTO `act_hi_actinst` VALUES ('65015', 'messagePublish:4:52504', '65008', '65014', 'startPublish', null, null, '', 'startEvent', null, '2019-02-15 13:53:48.858', '2019-02-15 13:53:48.859', '1', null, '');
INSERT INTO `act_hi_actinst` VALUES ('65016', 'messagePublish:4:52504', '65008', '65014', 'isAudit', null, null, '', 'exclusiveGateway', null, '2019-02-15 13:53:48.859', '2019-02-15 13:53:48.859', '0', null, '');
INSERT INTO `act_hi_actinst` VALUES ('65017', 'messagePublish:4:52504', '65008', '65014', 'endPublish', null, null, '', 'endEvent', null, '2019-02-15 13:53:48.859', '2019-02-15 13:53:48.859', '0', null, '');
INSERT INTO `act_hi_actinst` VALUES ('65025', 'messagePublish:4:52504', '65018', '65024', 'startPublish', null, null, '', 'startEvent', null, '2019-02-15 13:53:56.568', '2019-02-15 13:53:56.568', '0', null, '');
INSERT INTO `act_hi_actinst` VALUES ('65026', 'messagePublish:4:52504', '65018', '65024', 'isAudit', null, null, '', 'exclusiveGateway', null, '2019-02-15 13:53:56.568', '2019-02-15 13:53:56.568', '0', null, '');
INSERT INTO `act_hi_actinst` VALUES ('65027', 'messagePublish:4:52504', '65018', '65024', 'endPublish', null, null, '', 'endEvent', null, '2019-02-15 13:53:56.568', '2019-02-15 13:53:56.568', '0', null, '');
INSERT INTO `act_hi_actinst` VALUES ('65028', 'messagePublish:1:22504', '30001', '30007', 'isAudit', null, null, '', 'exclusiveGateway', null, '2019-02-15 13:54:23.348', '2019-02-15 13:54:23.348', '0', null, '');
INSERT INTO `act_hi_actinst` VALUES ('65029', 'messagePublish:1:22504', '30001', '30007', 'endPublish', null, null, '', 'endEvent', null, '2019-02-15 13:54:23.349', '2019-02-15 13:54:23.349', '0', null, '');
INSERT INTO `act_hi_actinst` VALUES ('67502', 'messagePublish:4:52504', '62553', '62559', 'auditState', null, null, '', 'exclusiveGateway', null, '2019-02-18 13:50:12.129', '2019-02-18 13:50:12.162', '33', null, '');
INSERT INTO `act_hi_actinst` VALUES ('67503', 'messagePublish:4:52504', '62553', '62559', 'publish', '67504', null, '', 'userTask', null, '2019-02-18 13:50:12.163', null, null, null, '');
INSERT INTO `act_hi_actinst` VALUES ('67512', 'messagePublish:4:52504', '67505', '67511', 'startPublish', null, null, '', 'startEvent', null, '2019-02-20 09:02:09.288', '2019-02-20 09:02:09.288', '0', null, '');
INSERT INTO `act_hi_actinst` VALUES ('67513', 'messagePublish:4:52504', '67505', '67511', 'isAudit', null, null, '', 'exclusiveGateway', null, '2019-02-20 09:02:09.288', '2019-02-20 09:02:09.288', '0', null, '');
INSERT INTO `act_hi_actinst` VALUES ('67514', 'messagePublish:4:52504', '67505', '67511', 'auditMessage', '67515', null, '', 'userTask', '1', '2019-02-20 09:02:09.288', null, null, null, '');
INSERT INTO `act_hi_actinst` VALUES ('70008', 'messagePublish:4:52504', '70001', '70007', 'startPublish', null, null, '', 'startEvent', null, '2019-04-10 16:36:44.122', '2019-04-10 16:36:44.125', '3', null, '');
INSERT INTO `act_hi_actinst` VALUES ('70009', 'messagePublish:4:52504', '70001', '70007', 'isAudit', null, null, '', 'exclusiveGateway', null, '2019-04-10 16:36:44.128', '2019-04-10 16:36:44.162', '34', null, '');
INSERT INTO `act_hi_actinst` VALUES ('70010', 'messagePublish:4:52504', '70001', '70007', 'auditMessage', '70011', null, '', 'userTask', '1', '2019-04-10 16:36:44.162', '2019-04-10 16:36:50.624', '6462', null, '');
INSERT INTO `act_hi_actinst` VALUES ('70013', 'messagePublish:4:52504', '70001', '70007', 'auditState', null, null, '', 'exclusiveGateway', null, '2019-04-10 16:36:50.624', '2019-04-10 16:36:50.625', '1', null, '');
INSERT INTO `act_hi_actinst` VALUES ('70014', 'messagePublish:4:52504', '70001', '70007', 'publish', '70015', null, '', 'userTask', null, '2019-04-10 16:36:50.625', null, null, null, '');

-- ----------------------------
-- Table structure for act_hi_attachment
-- ----------------------------
DROP TABLE IF EXISTS `act_hi_attachment`;
CREATE TABLE `act_hi_attachment` (
  `ID_` varchar(64) COLLATE utf8_bin NOT NULL,
  `REV_` int(11) DEFAULT NULL,
  `USER_ID_` varchar(255) COLLATE utf8_bin DEFAULT NULL,
  `NAME_` varchar(255) COLLATE utf8_bin DEFAULT NULL,
  `DESCRIPTION_` varchar(4000) COLLATE utf8_bin DEFAULT NULL,
  `TYPE_` varchar(255) COLLATE utf8_bin DEFAULT NULL,
  `TASK_ID_` varchar(64) COLLATE utf8_bin DEFAULT NULL,
  `PROC_INST_ID_` varchar(64) COLLATE utf8_bin DEFAULT NULL,
  `URL_` varchar(4000) COLLATE utf8_bin DEFAULT NULL,
  `CONTENT_ID_` varchar(64) COLLATE utf8_bin DEFAULT NULL,
  `TIME_` datetime(3) DEFAULT NULL,
  PRIMARY KEY (`ID_`)
) ENGINE=InnoDB DEFAULT CHARSET=utf8 COLLATE=utf8_bin;

-- ----------------------------
-- Records of act_hi_attachment
-- ----------------------------

-- ----------------------------
-- Table structure for act_hi_comment
-- ----------------------------
DROP TABLE IF EXISTS `act_hi_comment`;
CREATE TABLE `act_hi_comment` (
  `ID_` varchar(64) COLLATE utf8_bin NOT NULL,
  `TYPE_` varchar(255) COLLATE utf8_bin DEFAULT NULL,
  `TIME_` datetime(3) NOT NULL,
  `USER_ID_` varchar(255) COLLATE utf8_bin DEFAULT NULL,
  `TASK_ID_` varchar(64) COLLATE utf8_bin DEFAULT NULL,
  `PROC_INST_ID_` varchar(64) COLLATE utf8_bin DEFAULT NULL,
  `ACTION_` varchar(255) COLLATE utf8_bin DEFAULT NULL,
  `MESSAGE_` varchar(4000) COLLATE utf8_bin DEFAULT NULL,
  `FULL_MSG_` longblob,
  PRIMARY KEY (`ID_`)
) ENGINE=InnoDB DEFAULT CHARSET=utf8 COLLATE=utf8_bin;

-- ----------------------------
-- Records of act_hi_comment
-- ----------------------------

-- ----------------------------
-- Table structure for act_hi_detail
-- ----------------------------
DROP TABLE IF EXISTS `act_hi_detail`;
CREATE TABLE `act_hi_detail` (
  `ID_` varchar(64) COLLATE utf8_bin NOT NULL,
  `TYPE_` varchar(255) COLLATE utf8_bin NOT NULL,
  `PROC_INST_ID_` varchar(64) COLLATE utf8_bin DEFAULT NULL,
  `EXECUTION_ID_` varchar(64) COLLATE utf8_bin DEFAULT NULL,
  `TASK_ID_` varchar(64) COLLATE utf8_bin DEFAULT NULL,
  `ACT_INST_ID_` varchar(64) COLLATE utf8_bin DEFAULT NULL,
  `NAME_` varchar(255) COLLATE utf8_bin NOT NULL,
  `VAR_TYPE_` varchar(255) COLLATE utf8_bin DEFAULT NULL,
  `REV_` int(11) DEFAULT NULL,
  `TIME_` datetime(3) NOT NULL,
  `BYTEARRAY_ID_` varchar(64) COLLATE utf8_bin DEFAULT NULL,
  `DOUBLE_` double DEFAULT NULL,
  `LONG_` bigint(20) DEFAULT NULL,
  `TEXT_` varchar(4000) COLLATE utf8_bin DEFAULT NULL,
  `TEXT2_` varchar(4000) COLLATE utf8_bin DEFAULT NULL,
  PRIMARY KEY (`ID_`),
  KEY `ACT_IDX_HI_DETAIL_PROC_INST` (`PROC_INST_ID_`),
  KEY `ACT_IDX_HI_DETAIL_ACT_INST` (`ACT_INST_ID_`),
  KEY `ACT_IDX_HI_DETAIL_TIME` (`TIME_`),
  KEY `ACT_IDX_HI_DETAIL_NAME` (`NAME_`),
  KEY `ACT_IDX_HI_DETAIL_TASK_ID` (`TASK_ID_`)
) ENGINE=InnoDB DEFAULT CHARSET=utf8 COLLATE=utf8_bin;

-- ----------------------------
-- Records of act_hi_detail
-- ----------------------------

-- ----------------------------
-- Table structure for act_hi_identitylink
-- ----------------------------
DROP TABLE IF EXISTS `act_hi_identitylink`;
CREATE TABLE `act_hi_identitylink` (
  `ID_` varchar(64) COLLATE utf8_bin NOT NULL,
  `GROUP_ID_` varchar(255) COLLATE utf8_bin DEFAULT NULL,
  `TYPE_` varchar(255) COLLATE utf8_bin DEFAULT NULL,
  `USER_ID_` varchar(255) COLLATE utf8_bin DEFAULT NULL,
  `TASK_ID_` varchar(64) COLLATE utf8_bin DEFAULT NULL,
  `PROC_INST_ID_` varchar(64) COLLATE utf8_bin DEFAULT NULL,
  PRIMARY KEY (`ID_`),
  KEY `ACT_IDX_HI_IDENT_LNK_USER` (`USER_ID_`),
  KEY `ACT_IDX_HI_IDENT_LNK_TASK` (`TASK_ID_`),
  KEY `ACT_IDX_HI_IDENT_LNK_PROCINST` (`PROC_INST_ID_`)
) ENGINE=InnoDB DEFAULT CHARSET=utf8 COLLATE=utf8_bin;

-- ----------------------------
-- Records of act_hi_identitylink
-- ----------------------------
INSERT INTO `act_hi_identitylink` VALUES ('30003', null, 'starter', '1', null, '30001');
INSERT INTO `act_hi_identitylink` VALUES ('35003', null, 'starter', '1', null, '35001');
INSERT INTO `act_hi_identitylink` VALUES ('35014', null, 'starter', '1', null, '35012');
INSERT INTO `act_hi_identitylink` VALUES ('35023', null, 'participant', '36f8103bf41c4098b72d28734c5fb2ed', null, '35012');
INSERT INTO `act_hi_identitylink` VALUES ('52507', null, 'starter', '1', null, '52505');
INSERT INTO `act_hi_identitylink` VALUES ('52521', null, 'starter', '1', null, '52519');
INSERT INTO `act_hi_identitylink` VALUES ('55003', null, 'starter', '1', null, '55001');
INSERT INTO `act_hi_identitylink` VALUES ('57503', null, 'starter', '1', null, '57501');
INSERT INTO `act_hi_identitylink` VALUES ('60009', null, 'participant', '36f8103bf41c4098b72d28734c5fb2ed', null, '52519');
INSERT INTO `act_hi_identitylink` VALUES ('62509', null, 'starter', '1', null, '62507');
INSERT INTO `act_hi_identitylink` VALUES ('62519', null, 'starter', '1', null, '62517');
INSERT INTO `act_hi_identitylink` VALUES ('62533', null, 'starter', '1', null, '62531');
INSERT INTO `act_hi_identitylink` VALUES ('62543', null, 'starter', '1', null, '62541');
INSERT INTO `act_hi_identitylink` VALUES ('62552', null, 'participant', '36f8103bf41c4098b72d28734c5fb2ed', null, '62541');
INSERT INTO `act_hi_identitylink` VALUES ('62555', null, 'starter', '1', null, '62553');
INSERT INTO `act_hi_identitylink` VALUES ('65010', null, 'starter', '36f8103bf41c4098b72d28734c5fb2ed', null, '65008');
INSERT INTO `act_hi_identitylink` VALUES ('65020', null, 'starter', '36f8103bf41c4098b72d28734c5fb2ed', null, '65018');
INSERT INTO `act_hi_identitylink` VALUES ('67507', null, 'starter', '1', null, '67505');
INSERT INTO `act_hi_identitylink` VALUES ('70003', null, 'starter', '1', null, '70001');

-- ----------------------------
-- Table structure for act_hi_procinst
-- ----------------------------
DROP TABLE IF EXISTS `act_hi_procinst`;
CREATE TABLE `act_hi_procinst` (
  `ID_` varchar(64) COLLATE utf8_bin NOT NULL,
  `PROC_INST_ID_` varchar(64) COLLATE utf8_bin NOT NULL,
  `BUSINESS_KEY_` varchar(255) COLLATE utf8_bin DEFAULT NULL,
  `PROC_DEF_ID_` varchar(64) COLLATE utf8_bin NOT NULL,
  `START_TIME_` datetime(3) NOT NULL,
  `END_TIME_` datetime(3) DEFAULT NULL,
  `DURATION_` bigint(20) DEFAULT NULL,
  `START_USER_ID_` varchar(255) COLLATE utf8_bin DEFAULT NULL,
  `START_ACT_ID_` varchar(255) COLLATE utf8_bin DEFAULT NULL,
  `END_ACT_ID_` varchar(255) COLLATE utf8_bin DEFAULT NULL,
  `SUPER_PROCESS_INSTANCE_ID_` varchar(64) COLLATE utf8_bin DEFAULT NULL,
  `DELETE_REASON_` varchar(4000) COLLATE utf8_bin DEFAULT NULL,
  `TENANT_ID_` varchar(255) COLLATE utf8_bin DEFAULT '',
  `NAME_` varchar(255) COLLATE utf8_bin DEFAULT NULL,
  PRIMARY KEY (`ID_`),
  UNIQUE KEY `PROC_INST_ID_` (`PROC_INST_ID_`),
  KEY `ACT_IDX_HI_PRO_INST_END` (`END_TIME_`),
  KEY `ACT_IDX_HI_PRO_I_BUSKEY` (`BUSINESS_KEY_`)
) ENGINE=InnoDB DEFAULT CHARSET=utf8 COLLATE=utf8_bin;

-- ----------------------------
-- Records of act_hi_procinst
-- ----------------------------
INSERT INTO `act_hi_procinst` VALUES ('30001', '30001', '350324b80fdb4c1db7772f0f5b5f60e0', 'messagePublish:1:22504', '2019-02-14 08:46:23.480', '2019-02-15 13:54:23.354', '104879874', '1', 'startPublish', 'endPublish', null, null, '', null);
INSERT INTO `act_hi_procinst` VALUES ('35001', '35001', '07cbe5cba0314f0ab8915ad37d54e8f4', 'messagePublish:1:22504', '2019-02-14 09:46:16.646', '2019-02-15 08:38:54.069', '82357423', '1', 'startPublish', null, null, 'delete message', '', null);
INSERT INTO `act_hi_procinst` VALUES ('35012', '35012', 'c1712691fb964f319449f3a5df16b7cc', 'messagePublish:1:22504', '2019-02-14 09:46:22.853', null, null, '1', 'startPublish', null, null, null, '', null);
INSERT INTO `act_hi_procinst` VALUES ('52505', '52505', '008b8e7efa204062b8774ecea91dca93', 'messagePublish:4:52504', '2019-02-14 13:27:48.440', '2019-02-14 13:27:52.422', '3982', '1', 'startPublish', 'endPublish', null, null, '', null);
INSERT INTO `act_hi_procinst` VALUES ('52519', '52519', '230e4b7ad46b431ea76863fb654b4565', 'messagePublish:4:52504', '2019-02-14 13:28:03.952', '2019-02-15 13:53:03.121', '87899169', '1', 'startPublish', 'endPublish', null, null, '', null);
INSERT INTO `act_hi_procinst` VALUES ('55001', '55001', 'c2e6f96e6c9e426f872cb2c98162245e', 'messagePublish:4:52504', '2019-02-14 16:39:46.447', '2019-02-14 16:39:46.534', '87', '1', 'startPublish', 'endPublish', null, null, '', null);
INSERT INTO `act_hi_procinst` VALUES ('57501', '57501', 'b1ddbdc193e44978b27c132f4e04e1df', 'messagePublish:4:52504', '2019-02-15 08:34:20.927', '2019-02-15 11:02:21.435', '8880508', '1', 'startPublish', 'endPublish', null, null, '', null);
INSERT INTO `act_hi_procinst` VALUES ('62507', '62507', '68e230780301454fb505e2f31e454d9a', 'messagePublish:4:52504', '2019-02-15 13:32:37.650', '2019-02-15 13:32:37.727', '77', '1', 'startPublish', 'endPublish', null, null, '', null);
INSERT INTO `act_hi_procinst` VALUES ('62517', '62517', 'f5a107a5e57547eeb7f22afa13a11dfb', 'messagePublish:4:52504', '2019-02-15 13:32:51.350', '2019-02-15 13:32:56.546', '5196', '1', 'startPublish', 'endPublish', null, null, '', null);
INSERT INTO `act_hi_procinst` VALUES ('62531', '62531', 'ccca754fc88540ad98049eb8d81ec1aa', 'messagePublish:4:52504', '2019-02-15 13:34:33.262', '2019-02-15 13:34:33.269', '7', '1', 'startPublish', 'endPublish', null, null, '', null);
INSERT INTO `act_hi_procinst` VALUES ('62541', '62541', '16806956b23a4df0b3f5281afd6dced0', 'messagePublish:4:52504', '2019-02-15 13:34:42.925', '2019-02-15 13:53:17.667', '1114742', '1', 'startPublish', 'endPublish', null, null, '', null);
INSERT INTO `act_hi_procinst` VALUES ('62553', '62553', 'e494cc6f8923415daea1eac19a9c8da7', 'messagePublish:4:52504', '2019-02-15 13:34:57.104', null, null, '1', 'startPublish', null, null, null, '', null);
INSERT INTO `act_hi_procinst` VALUES ('65008', '65008', '557a8e5224bf43bfb95fec82c819bb07', 'messagePublish:4:52504', '2019-02-15 13:53:48.857', '2019-02-15 13:53:48.864', '7', '36f8103bf41c4098b72d28734c5fb2ed', 'startPublish', 'endPublish', null, null, '', null);
INSERT INTO `act_hi_procinst` VALUES ('65018', '65018', 'b7f5455267f14a569698084625f311f3', 'messagePublish:4:52504', '2019-02-15 13:53:56.567', '2019-02-15 13:53:56.575', '8', '36f8103bf41c4098b72d28734c5fb2ed', 'startPublish', 'endPublish', null, null, '', null);
INSERT INTO `act_hi_procinst` VALUES ('67505', '67505', '71d19dfd6da145149a4514b2ea27eb5b', 'messagePublish:4:52504', '2019-02-20 09:02:09.285', null, null, '1', 'startPublish', null, null, null, '', null);
INSERT INTO `act_hi_procinst` VALUES ('70001', '70001', '0ba3fdd7afa3442b922d6fae0328596d', 'messagePublish:4:52504', '2019-04-10 16:36:44.073', null, null, '1', 'startPublish', null, null, null, '', null);

-- ----------------------------
-- Table structure for act_hi_taskinst
-- ----------------------------
DROP TABLE IF EXISTS `act_hi_taskinst`;
CREATE TABLE `act_hi_taskinst` (
  `ID_` varchar(64) COLLATE utf8_bin NOT NULL,
  `PROC_DEF_ID_` varchar(64) COLLATE utf8_bin DEFAULT NULL,
  `TASK_DEF_KEY_` varchar(255) COLLATE utf8_bin DEFAULT NULL,
  `PROC_INST_ID_` varchar(64) COLLATE utf8_bin DEFAULT NULL,
  `EXECUTION_ID_` varchar(64) COLLATE utf8_bin DEFAULT NULL,
  `NAME_` varchar(255) COLLATE utf8_bin DEFAULT NULL,
  `PARENT_TASK_ID_` varchar(64) COLLATE utf8_bin DEFAULT NULL,
  `DESCRIPTION_` varchar(4000) COLLATE utf8_bin DEFAULT NULL,
  `OWNER_` varchar(255) COLLATE utf8_bin DEFAULT NULL,
  `ASSIGNEE_` varchar(255) COLLATE utf8_bin DEFAULT NULL,
  `START_TIME_` datetime(3) NOT NULL,
  `CLAIM_TIME_` datetime(3) DEFAULT NULL,
  `END_TIME_` datetime(3) DEFAULT NULL,
  `DURATION_` bigint(20) DEFAULT NULL,
  `DELETE_REASON_` varchar(4000) COLLATE utf8_bin DEFAULT NULL,
  `PRIORITY_` int(11) DEFAULT NULL,
  `DUE_DATE_` datetime(3) DEFAULT NULL,
  `FORM_KEY_` varchar(255) COLLATE utf8_bin DEFAULT NULL,
  `CATEGORY_` varchar(255) COLLATE utf8_bin DEFAULT NULL,
  `TENANT_ID_` varchar(255) COLLATE utf8_bin DEFAULT '',
  PRIMARY KEY (`ID_`),
  KEY `ACT_IDX_HI_TASK_INST_PROCINST` (`PROC_INST_ID_`)
) ENGINE=InnoDB DEFAULT CHARSET=utf8 COLLATE=utf8_bin;

-- ----------------------------
-- Records of act_hi_taskinst
-- ----------------------------
INSERT INTO `act_hi_taskinst` VALUES ('30011', 'messagePublish:1:22504', 'auditMessage', '30001', '30007', '', null, null, null, '1', '2019-02-14 08:46:23.535', '2019-02-14 13:10:37.655', '2019-02-14 13:10:43.574', '15860039', null, '50', null, null, null, '');
INSERT INTO `act_hi_taskinst` VALUES ('35011', 'messagePublish:1:22504', 'auditMessage', '35001', '35007', '', null, null, null, '1', '2019-02-14 09:46:16.704', '2019-02-14 11:28:33.266', '2019-02-14 13:18:23.069', '12726365', null, '50', null, null, null, '');
INSERT INTO `act_hi_taskinst` VALUES ('35022', 'messagePublish:1:22504', 'auditMessage', '35012', '35018', '', null, null, null, '36f8103bf41c4098b72d28734c5fb2ed', '2019-02-14 09:46:22.854', null, null, null, null, '50', null, null, null, '');
INSERT INTO `act_hi_taskinst` VALUES ('42510', 'messagePublish:1:22504', 'publish', '30001', '30007', '', null, null, null, null, '2019-02-14 13:10:43.578', null, '2019-02-15 13:31:41.116', '87657538', null, '50', null, null, null, '');
INSERT INTO `act_hi_taskinst` VALUES ('47506', 'messagePublish:1:22504', 'publish', '35001', '35007', '', null, null, null, null, '2019-02-14 13:18:23.073', null, '2019-02-15 08:38:54.062', '69630989', 'delete message', '50', null, null, null, '');
INSERT INTO `act_hi_taskinst` VALUES ('52515', 'messagePublish:4:52504', 'auditMessage', '52505', '52511', '', null, null, null, '1', '2019-02-14 13:27:48.490', null, '2019-02-14 13:27:52.407', '3917', null, '50', null, null, null, '');
INSERT INTO `act_hi_taskinst` VALUES ('52529', 'messagePublish:4:52504', 'auditMessage', '52519', '52525', '', null, null, null, '1', '2019-02-14 13:28:03.953', null, '2019-02-14 13:28:06.985', '3032', null, '50', null, null, null, '');
INSERT INTO `act_hi_taskinst` VALUES ('52533', 'messagePublish:4:52504', 'publish', '52519', '52525', '', null, null, null, null, '2019-02-14 13:28:06.988', null, '2019-02-15 11:02:49.680', '77682692', null, '50', null, null, null, '');
INSERT INTO `act_hi_taskinst` VALUES ('57511', 'messagePublish:4:52504', 'auditMessage', '57501', '57507', '', null, null, null, '1', '2019-02-15 08:34:20.981', null, '2019-02-15 08:34:29.906', '8925', null, '50', null, null, null, '');
INSERT INTO `act_hi_taskinst` VALUES ('57515', 'messagePublish:4:52504', 'publish', '57501', '57507', '', null, null, null, null, '2019-02-15 08:34:29.908', null, '2019-02-15 11:02:08.960', '8859052', null, '50', null, null, null, '');
INSERT INTO `act_hi_taskinst` VALUES ('60003', 'messagePublish:4:52504', 'auditMessage', '57501', '57507', '', null, null, null, '1', '2019-02-15 11:02:09.014', null, '2019-02-15 11:02:21.343', '12329', null, '50', null, null, null, '');
INSERT INTO `act_hi_taskinst` VALUES ('60008', 'messagePublish:4:52504', 'auditMessage', '52519', '52525', '', null, null, null, '36f8103bf41c4098b72d28734c5fb2ed', '2019-02-15 11:02:49.682', null, '2019-02-15 13:53:03.065', '10213383', null, '50', null, null, null, '');
INSERT INTO `act_hi_taskinst` VALUES ('62503', 'messagePublish:1:22504', 'auditMessage', '30001', '30007', '', null, null, null, '1', '2019-02-15 13:31:41.170', null, '2019-02-15 13:32:13.402', '32232', null, '50', null, null, null, '');
INSERT INTO `act_hi_taskinst` VALUES ('62506', 'messagePublish:1:22504', 'publish', '30001', '30007', '', null, null, null, null, '2019-02-15 13:32:13.406', null, '2019-02-15 13:54:23.345', '1329939', null, '50', null, null, null, '');
INSERT INTO `act_hi_taskinst` VALUES ('62527', 'messagePublish:4:52504', 'auditMessage', '62517', '62523', '', null, null, null, '1', '2019-02-15 13:32:51.351', null, '2019-02-15 13:32:56.536', '5185', null, '50', null, null, null, '');
INSERT INTO `act_hi_taskinst` VALUES ('62551', 'messagePublish:4:52504', 'auditMessage', '62541', '62547', '', null, null, null, '36f8103bf41c4098b72d28734c5fb2ed', '2019-02-15 13:34:42.926', null, '2019-02-15 13:53:17.651', '1114725', null, '50', null, null, null, '');
INSERT INTO `act_hi_taskinst` VALUES ('62563', 'messagePublish:4:52504', 'auditMessage', '62553', '62559', '', null, null, null, '1', '2019-02-15 13:34:57.105', null, '2019-02-18 13:50:12.090', '260114985', null, '50', null, null, null, '');
INSERT INTO `act_hi_taskinst` VALUES ('67504', 'messagePublish:4:52504', 'publish', '62553', '62559', '', null, null, null, null, '2019-02-18 13:50:12.164', null, null, null, null, '50', null, null, null, '');
INSERT INTO `act_hi_taskinst` VALUES ('67515', 'messagePublish:4:52504', 'auditMessage', '67505', '67511', '', null, null, null, '1', '2019-02-20 09:02:09.288', null, null, null, null, '50', null, null, null, '');
INSERT INTO `act_hi_taskinst` VALUES ('70011', 'messagePublish:4:52504', 'auditMessage', '70001', '70007', '', null, null, null, '1', '2019-04-10 16:36:44.164', null, '2019-04-10 16:36:50.622', '6458', null, '50', null, null, null, '');
INSERT INTO `act_hi_taskinst` VALUES ('70015', 'messagePublish:4:52504', 'publish', '70001', '70007', '', null, null, null, null, '2019-04-10 16:36:50.625', null, null, null, null, '50', null, null, null, '');

-- ----------------------------
-- Table structure for act_hi_varinst
-- ----------------------------
DROP TABLE IF EXISTS `act_hi_varinst`;
CREATE TABLE `act_hi_varinst` (
  `ID_` varchar(64) COLLATE utf8_bin NOT NULL,
  `PROC_INST_ID_` varchar(64) COLLATE utf8_bin DEFAULT NULL,
  `EXECUTION_ID_` varchar(64) COLLATE utf8_bin DEFAULT NULL,
  `TASK_ID_` varchar(64) COLLATE utf8_bin DEFAULT NULL,
  `NAME_` varchar(255) COLLATE utf8_bin NOT NULL,
  `VAR_TYPE_` varchar(100) COLLATE utf8_bin DEFAULT NULL,
  `REV_` int(11) DEFAULT NULL,
  `BYTEARRAY_ID_` varchar(64) COLLATE utf8_bin DEFAULT NULL,
  `DOUBLE_` double DEFAULT NULL,
  `LONG_` bigint(20) DEFAULT NULL,
  `TEXT_` varchar(4000) COLLATE utf8_bin DEFAULT NULL,
  `TEXT2_` varchar(4000) COLLATE utf8_bin DEFAULT NULL,
  `CREATE_TIME_` datetime(3) DEFAULT NULL,
  `LAST_UPDATED_TIME_` datetime(3) DEFAULT NULL,
  PRIMARY KEY (`ID_`),
  KEY `ACT_IDX_HI_PROCVAR_PROC_INST` (`PROC_INST_ID_`),
  KEY `ACT_IDX_HI_PROCVAR_NAME_TYPE` (`NAME_`,`VAR_TYPE_`),
  KEY `ACT_IDX_HI_PROCVAR_TASK_ID` (`TASK_ID_`)
) ENGINE=InnoDB DEFAULT CHARSET=utf8 COLLATE=utf8_bin;

-- ----------------------------
-- Records of act_hi_varinst
-- ----------------------------
INSERT INTO `act_hi_varinst` VALUES ('30002', '30001', '30001', null, '${publishUserId}', 'string', '0', null, null, null, '1', null, '2019-02-14 08:46:23.489', '2019-02-14 08:46:23.489');
INSERT INTO `act_hi_varinst` VALUES ('30004', '30001', '30001', null, 'auditUserId', 'null', '2', null, null, null, null, null, '2019-02-14 08:46:23.491', '2019-02-15 13:54:23.344');
INSERT INTO `act_hi_varinst` VALUES ('30005', '30001', '30001', null, 'isAudit', 'boolean', '2', null, null, '0', null, null, '2019-02-14 08:46:23.491', '2019-02-15 13:54:23.344');
INSERT INTO `act_hi_varinst` VALUES ('30006', '30001', '30001', null, 'publishUserId', 'string', '0', null, null, null, '1', null, '2019-02-14 08:46:23.491', '2019-02-14 08:46:23.491');
INSERT INTO `act_hi_varinst` VALUES ('35002', '35001', '35001', null, '${publishUserId}', 'string', '0', null, null, null, '1', null, '2019-02-14 09:46:16.655', '2019-02-14 09:46:16.655');
INSERT INTO `act_hi_varinst` VALUES ('35004', '35001', '35001', null, 'auditUserId', 'string', '0', null, null, null, '1', null, '2019-02-14 09:46:16.657', '2019-02-14 09:46:16.657');
INSERT INTO `act_hi_varinst` VALUES ('35005', '35001', '35001', null, 'isAudit', 'boolean', '0', null, null, '1', null, null, '2019-02-14 09:46:16.657', '2019-02-14 09:46:16.657');
INSERT INTO `act_hi_varinst` VALUES ('35006', '35001', '35001', null, 'publishUserId', 'string', '0', null, null, null, '1', null, '2019-02-14 09:46:16.657', '2019-02-14 09:46:16.657');
INSERT INTO `act_hi_varinst` VALUES ('35013', '35012', '35012', null, '${publishUserId}', 'string', '0', null, null, null, '1', null, '2019-02-14 09:46:22.853', '2019-02-14 09:46:22.853');
INSERT INTO `act_hi_varinst` VALUES ('35015', '35012', '35012', null, 'auditUserId', 'string', '0', null, null, null, '36f8103bf41c4098b72d28734c5fb2ed', null, '2019-02-14 09:46:22.853', '2019-02-14 09:46:22.853');
INSERT INTO `act_hi_varinst` VALUES ('35016', '35012', '35012', null, 'isAudit', 'boolean', '0', null, null, '1', null, null, '2019-02-14 09:46:22.853', '2019-02-14 09:46:22.853');
INSERT INTO `act_hi_varinst` VALUES ('35017', '35012', '35012', null, 'publishUserId', 'string', '0', null, null, null, '1', null, '2019-02-14 09:46:22.853', '2019-02-14 09:46:22.853');
INSERT INTO `act_hi_varinst` VALUES ('42507', '30001', '30001', null, 'state', 'boolean', '1', null, null, '0', null, null, '2019-02-14 13:10:43.573', '2019-02-15 13:32:13.401');
INSERT INTO `act_hi_varinst` VALUES ('47503', '35001', '35001', null, 'state', 'boolean', '0', null, null, '0', null, null, '2019-02-14 13:18:23.066', '2019-02-14 13:18:23.066');
INSERT INTO `act_hi_varinst` VALUES ('52506', '52505', '52505', null, '${publishUserId}', 'string', '0', null, null, null, '1', null, '2019-02-14 13:27:48.441', '2019-02-14 13:27:48.441');
INSERT INTO `act_hi_varinst` VALUES ('52508', '52505', '52505', null, 'auditUserId', 'string', '0', null, null, null, '1', null, '2019-02-14 13:27:48.443', '2019-02-14 13:27:48.443');
INSERT INTO `act_hi_varinst` VALUES ('52509', '52505', '52505', null, 'isAudit', 'boolean', '0', null, null, '1', null, null, '2019-02-14 13:27:48.443', '2019-02-14 13:27:48.443');
INSERT INTO `act_hi_varinst` VALUES ('52510', '52505', '52505', null, 'publishUserId', 'string', '0', null, null, null, '1', null, '2019-02-14 13:27:48.443', '2019-02-14 13:27:48.443');
INSERT INTO `act_hi_varinst` VALUES ('52516', '52505', '52505', null, 'state', 'boolean', '0', null, null, '1', null, null, '2019-02-14 13:27:52.404', '2019-02-14 13:27:52.404');
INSERT INTO `act_hi_varinst` VALUES ('52520', '52519', '52519', null, '${publishUserId}', 'string', '0', null, null, null, '1', null, '2019-02-14 13:28:03.952', '2019-02-14 13:28:03.952');
INSERT INTO `act_hi_varinst` VALUES ('52522', '52519', '52519', null, 'auditUserId', 'string', '1', null, null, null, '36f8103bf41c4098b72d28734c5fb2ed', null, '2019-02-14 13:28:03.952', '2019-02-15 11:02:49.677');
INSERT INTO `act_hi_varinst` VALUES ('52523', '52519', '52519', null, 'isAudit', 'boolean', '1', null, null, '1', null, null, '2019-02-14 13:28:03.952', '2019-02-15 11:02:49.678');
INSERT INTO `act_hi_varinst` VALUES ('52524', '52519', '52519', null, 'publishUserId', 'string', '0', null, null, null, '1', null, '2019-02-14 13:28:03.952', '2019-02-14 13:28:03.952');
INSERT INTO `act_hi_varinst` VALUES ('52530', '52519', '52519', null, 'state', 'boolean', '1', null, null, '1', null, null, '2019-02-14 13:28:06.984', '2019-02-15 13:53:03.060');
INSERT INTO `act_hi_varinst` VALUES ('55002', '55001', '55001', null, '${publishUserId}', 'string', '0', null, null, null, '1', null, '2019-02-14 16:39:46.457', '2019-02-14 16:39:46.457');
INSERT INTO `act_hi_varinst` VALUES ('55004', '55001', '55001', null, 'auditUserId', 'null', '0', null, null, null, null, null, '2019-02-14 16:39:46.459', '2019-02-14 16:39:46.459');
INSERT INTO `act_hi_varinst` VALUES ('55005', '55001', '55001', null, 'isAudit', 'boolean', '0', null, null, '0', null, null, '2019-02-14 16:39:46.459', '2019-02-14 16:39:46.459');
INSERT INTO `act_hi_varinst` VALUES ('55006', '55001', '55001', null, 'publishUserId', 'string', '0', null, null, null, '1', null, '2019-02-14 16:39:46.459', '2019-02-14 16:39:46.459');
INSERT INTO `act_hi_varinst` VALUES ('57502', '57501', '57501', null, '${publishUserId}', 'string', '0', null, null, null, '1', null, '2019-02-15 08:34:20.934', '2019-02-15 08:34:20.934');
INSERT INTO `act_hi_varinst` VALUES ('57504', '57501', '57501', null, 'auditUserId', 'string', '1', null, null, null, '1', null, '2019-02-15 08:34:20.936', '2019-02-15 11:02:08.951');
INSERT INTO `act_hi_varinst` VALUES ('57505', '57501', '57501', null, 'isAudit', 'boolean', '1', null, null, '1', null, null, '2019-02-15 08:34:20.936', '2019-02-15 11:02:08.953');
INSERT INTO `act_hi_varinst` VALUES ('57506', '57501', '57501', null, 'publishUserId', 'string', '0', null, null, null, '1', null, '2019-02-15 08:34:20.936', '2019-02-15 08:34:20.936');
INSERT INTO `act_hi_varinst` VALUES ('57512', '57501', '57501', null, 'state', 'boolean', '1', null, null, '1', null, null, '2019-02-15 08:34:29.905', '2019-02-15 11:02:21.341');
INSERT INTO `act_hi_varinst` VALUES ('62508', '62507', '62507', null, '${publishUserId}', 'string', '0', null, null, null, '1', null, '2019-02-15 13:32:37.650', '2019-02-15 13:32:37.650');
INSERT INTO `act_hi_varinst` VALUES ('62510', '62507', '62507', null, 'auditUserId', 'null', '0', null, null, null, null, null, '2019-02-15 13:32:37.650', '2019-02-15 13:32:37.650');
INSERT INTO `act_hi_varinst` VALUES ('62511', '62507', '62507', null, 'isAudit', 'boolean', '0', null, null, '0', null, null, '2019-02-15 13:32:37.650', '2019-02-15 13:32:37.650');
INSERT INTO `act_hi_varinst` VALUES ('62512', '62507', '62507', null, 'publishUserId', 'string', '0', null, null, null, '1', null, '2019-02-15 13:32:37.650', '2019-02-15 13:32:37.650');
INSERT INTO `act_hi_varinst` VALUES ('62518', '62517', '62517', null, '${publishUserId}', 'string', '0', null, null, null, '1', null, '2019-02-15 13:32:51.350', '2019-02-15 13:32:51.350');
INSERT INTO `act_hi_varinst` VALUES ('62520', '62517', '62517', null, 'auditUserId', 'string', '0', null, null, null, '1', null, '2019-02-15 13:32:51.351', '2019-02-15 13:32:51.351');
INSERT INTO `act_hi_varinst` VALUES ('62521', '62517', '62517', null, 'isAudit', 'boolean', '0', null, null, '1', null, null, '2019-02-15 13:32:51.351', '2019-02-15 13:32:51.351');
INSERT INTO `act_hi_varinst` VALUES ('62522', '62517', '62517', null, 'publishUserId', 'string', '0', null, null, null, '1', null, '2019-02-15 13:32:51.351', '2019-02-15 13:32:51.351');
INSERT INTO `act_hi_varinst` VALUES ('62528', '62517', '62517', null, 'state', 'boolean', '0', null, null, '1', null, null, '2019-02-15 13:32:56.535', '2019-02-15 13:32:56.535');
INSERT INTO `act_hi_varinst` VALUES ('62532', '62531', '62531', null, '${publishUserId}', 'string', '0', null, null, null, '1', null, '2019-02-15 13:34:33.262', '2019-02-15 13:34:33.262');
INSERT INTO `act_hi_varinst` VALUES ('62534', '62531', '62531', null, 'auditUserId', 'null', '0', null, null, null, null, null, '2019-02-15 13:34:33.262', '2019-02-15 13:34:33.262');
INSERT INTO `act_hi_varinst` VALUES ('62535', '62531', '62531', null, 'isAudit', 'boolean', '0', null, null, '0', null, null, '2019-02-15 13:34:33.262', '2019-02-15 13:34:33.262');
INSERT INTO `act_hi_varinst` VALUES ('62536', '62531', '62531', null, 'publishUserId', 'string', '0', null, null, null, '1', null, '2019-02-15 13:34:33.262', '2019-02-15 13:34:33.262');
INSERT INTO `act_hi_varinst` VALUES ('62542', '62541', '62541', null, '${publishUserId}', 'string', '0', null, null, null, '1', null, '2019-02-15 13:34:42.925', '2019-02-15 13:34:42.925');
INSERT INTO `act_hi_varinst` VALUES ('62544', '62541', '62541', null, 'auditUserId', 'string', '0', null, null, null, '36f8103bf41c4098b72d28734c5fb2ed', null, '2019-02-15 13:34:42.925', '2019-02-15 13:34:42.925');
INSERT INTO `act_hi_varinst` VALUES ('62545', '62541', '62541', null, 'isAudit', 'boolean', '0', null, null, '1', null, null, '2019-02-15 13:34:42.925', '2019-02-15 13:34:42.925');
INSERT INTO `act_hi_varinst` VALUES ('62546', '62541', '62541', null, 'publishUserId', 'string', '0', null, null, null, '1', null, '2019-02-15 13:34:42.925', '2019-02-15 13:34:42.925');
INSERT INTO `act_hi_varinst` VALUES ('62554', '62553', '62553', null, '${publishUserId}', 'string', '0', null, null, null, '1', null, '2019-02-15 13:34:57.104', '2019-02-15 13:34:57.104');
INSERT INTO `act_hi_varinst` VALUES ('62556', '62553', '62553', null, 'auditUserId', 'string', '0', null, null, null, '1', null, '2019-02-15 13:34:57.104', '2019-02-15 13:34:57.104');
INSERT INTO `act_hi_varinst` VALUES ('62557', '62553', '62553', null, 'isAudit', 'boolean', '0', null, null, '1', null, null, '2019-02-15 13:34:57.104', '2019-02-15 13:34:57.104');
INSERT INTO `act_hi_varinst` VALUES ('62558', '62553', '62553', null, 'publishUserId', 'string', '0', null, null, null, '1', null, '2019-02-15 13:34:57.104', '2019-02-15 13:34:57.104');
INSERT INTO `act_hi_varinst` VALUES ('65005', '62541', '62541', null, 'state', 'boolean', '0', null, null, '1', null, null, '2019-02-15 13:53:17.648', '2019-02-15 13:53:17.648');
INSERT INTO `act_hi_varinst` VALUES ('65009', '65008', '65008', null, '${publishUserId}', 'string', '0', null, null, null, '36f8103bf41c4098b72d28734c5fb2ed', null, '2019-02-15 13:53:48.857', '2019-02-15 13:53:48.857');
INSERT INTO `act_hi_varinst` VALUES ('65011', '65008', '65008', null, 'auditUserId', 'null', '0', null, null, null, null, null, '2019-02-15 13:53:48.857', '2019-02-15 13:53:48.857');
INSERT INTO `act_hi_varinst` VALUES ('65012', '65008', '65008', null, 'isAudit', 'boolean', '0', null, null, '0', null, null, '2019-02-15 13:53:48.857', '2019-02-15 13:53:48.857');
INSERT INTO `act_hi_varinst` VALUES ('65013', '65008', '65008', null, 'publishUserId', 'string', '0', null, null, null, '36f8103bf41c4098b72d28734c5fb2ed', null, '2019-02-15 13:53:48.857', '2019-02-15 13:53:48.857');
INSERT INTO `act_hi_varinst` VALUES ('65019', '65018', '65018', null, '${publishUserId}', 'string', '0', null, null, null, '36f8103bf41c4098b72d28734c5fb2ed', null, '2019-02-15 13:53:56.567', '2019-02-15 13:53:56.567');
INSERT INTO `act_hi_varinst` VALUES ('65021', '65018', '65018', null, 'auditUserId', 'null', '0', null, null, null, null, null, '2019-02-15 13:53:56.567', '2019-02-15 13:53:56.567');
INSERT INTO `act_hi_varinst` VALUES ('65022', '65018', '65018', null, 'isAudit', 'boolean', '0', null, null, '0', null, null, '2019-02-15 13:53:56.567', '2019-02-15 13:53:56.567');
INSERT INTO `act_hi_varinst` VALUES ('65023', '65018', '65018', null, 'publishUserId', 'string', '0', null, null, null, '36f8103bf41c4098b72d28734c5fb2ed', null, '2019-02-15 13:53:56.568', '2019-02-15 13:53:56.568');
INSERT INTO `act_hi_varinst` VALUES ('67501', '62553', '62553', null, 'state', 'boolean', '0', null, null, '0', null, null, '2019-02-18 13:50:12.084', '2019-02-18 13:50:12.084');
INSERT INTO `act_hi_varinst` VALUES ('67506', '67505', '67505', null, '${publishUserId}', 'string', '0', null, null, null, '1', null, '2019-02-20 09:02:09.285', '2019-02-20 09:02:09.285');
INSERT INTO `act_hi_varinst` VALUES ('67508', '67505', '67505', null, 'auditUserId', 'string', '0', null, null, null, '1', null, '2019-02-20 09:02:09.286', '2019-02-20 09:02:09.286');
INSERT INTO `act_hi_varinst` VALUES ('67509', '67505', '67505', null, 'isAudit', 'boolean', '0', null, null, '1', null, null, '2019-02-20 09:02:09.286', '2019-02-20 09:02:09.286');
INSERT INTO `act_hi_varinst` VALUES ('67510', '67505', '67505', null, 'publishUserId', 'string', '0', null, null, null, '1', null, '2019-02-20 09:02:09.286', '2019-02-20 09:02:09.286');
INSERT INTO `act_hi_varinst` VALUES ('70002', '70001', '70001', null, '${publishUserId}', 'string', '0', null, null, null, '1', null, '2019-04-10 16:36:44.117', '2019-04-10 16:36:44.117');
INSERT INTO `act_hi_varinst` VALUES ('70004', '70001', '70001', null, 'auditUserId', 'string', '0', null, null, null, '1', null, '2019-04-10 16:36:44.119', '2019-04-10 16:36:44.119');
INSERT INTO `act_hi_varinst` VALUES ('70005', '70001', '70001', null, 'isAudit', 'boolean', '0', null, null, '1', null, null, '2019-04-10 16:36:44.119', '2019-04-10 16:36:44.119');
INSERT INTO `act_hi_varinst` VALUES ('70006', '70001', '70001', null, 'publishUserId', 'string', '0', null, null, null, '1', null, '2019-04-10 16:36:44.119', '2019-04-10 16:36:44.119');
INSERT INTO `act_hi_varinst` VALUES ('70012', '70001', '70001', null, 'state', 'boolean', '0', null, null, '0', null, null, '2019-04-10 16:36:50.620', '2019-04-10 16:36:50.620');

-- ----------------------------
-- Table structure for act_id_group
-- ----------------------------
DROP TABLE IF EXISTS `act_id_group`;
CREATE TABLE `act_id_group` (
  `ID_` varchar(64) COLLATE utf8_bin NOT NULL,
  `REV_` int(11) DEFAULT NULL,
  `NAME_` varchar(255) COLLATE utf8_bin DEFAULT NULL,
  `TYPE_` varchar(255) COLLATE utf8_bin DEFAULT NULL,
  PRIMARY KEY (`ID_`)
) ENGINE=InnoDB DEFAULT CHARSET=utf8 COLLATE=utf8_bin;

-- ----------------------------
-- Records of act_id_group
-- ----------------------------

-- ----------------------------
-- Table structure for act_id_info
-- ----------------------------
DROP TABLE IF EXISTS `act_id_info`;
CREATE TABLE `act_id_info` (
  `ID_` varchar(64) COLLATE utf8_bin NOT NULL,
  `REV_` int(11) DEFAULT NULL,
  `USER_ID_` varchar(64) COLLATE utf8_bin DEFAULT NULL,
  `TYPE_` varchar(64) COLLATE utf8_bin DEFAULT NULL,
  `KEY_` varchar(255) COLLATE utf8_bin DEFAULT NULL,
  `VALUE_` varchar(255) COLLATE utf8_bin DEFAULT NULL,
  `PASSWORD_` longblob,
  `PARENT_ID_` varchar(255) COLLATE utf8_bin DEFAULT NULL,
  PRIMARY KEY (`ID_`)
) ENGINE=InnoDB DEFAULT CHARSET=utf8 COLLATE=utf8_bin;

-- ----------------------------
-- Records of act_id_info
-- ----------------------------

-- ----------------------------
-- Table structure for act_id_membership
-- ----------------------------
DROP TABLE IF EXISTS `act_id_membership`;
CREATE TABLE `act_id_membership` (
  `USER_ID_` varchar(64) COLLATE utf8_bin NOT NULL,
  `GROUP_ID_` varchar(64) COLLATE utf8_bin NOT NULL,
  PRIMARY KEY (`USER_ID_`,`GROUP_ID_`),
  KEY `ACT_FK_MEMB_GROUP` (`GROUP_ID_`),
  CONSTRAINT `ACT_FK_MEMB_GROUP` FOREIGN KEY (`GROUP_ID_`) REFERENCES `act_id_group` (`ID_`),
  CONSTRAINT `ACT_FK_MEMB_USER` FOREIGN KEY (`USER_ID_`) REFERENCES `act_id_user` (`ID_`)
) ENGINE=InnoDB DEFAULT CHARSET=utf8 COLLATE=utf8_bin;

-- ----------------------------
-- Records of act_id_membership
-- ----------------------------

-- ----------------------------
-- Table structure for act_id_user
-- ----------------------------
DROP TABLE IF EXISTS `act_id_user`;
CREATE TABLE `act_id_user` (
  `ID_` varchar(64) COLLATE utf8_bin NOT NULL,
  `REV_` int(11) DEFAULT NULL,
  `FIRST_` varchar(255) COLLATE utf8_bin DEFAULT NULL,
  `LAST_` varchar(255) COLLATE utf8_bin DEFAULT NULL,
  `EMAIL_` varchar(255) COLLATE utf8_bin DEFAULT NULL,
  `PWD_` varchar(255) COLLATE utf8_bin DEFAULT NULL,
  `PICTURE_ID_` varchar(64) COLLATE utf8_bin DEFAULT NULL,
  PRIMARY KEY (`ID_`)
) ENGINE=InnoDB DEFAULT CHARSET=utf8 COLLATE=utf8_bin;

-- ----------------------------
-- Records of act_id_user
-- ----------------------------

-- ----------------------------
-- Table structure for act_procdef_info
-- ----------------------------
DROP TABLE IF EXISTS `act_procdef_info`;
CREATE TABLE `act_procdef_info` (
  `ID_` varchar(64) COLLATE utf8_bin NOT NULL,
  `PROC_DEF_ID_` varchar(64) COLLATE utf8_bin NOT NULL,
  `REV_` int(11) DEFAULT NULL,
  `INFO_JSON_ID_` varchar(64) COLLATE utf8_bin DEFAULT NULL,
  PRIMARY KEY (`ID_`),
  UNIQUE KEY `ACT_UNIQ_INFO_PROCDEF` (`PROC_DEF_ID_`),
  KEY `ACT_IDX_INFO_PROCDEF` (`PROC_DEF_ID_`),
  KEY `ACT_FK_INFO_JSON_BA` (`INFO_JSON_ID_`),
  CONSTRAINT `ACT_FK_INFO_JSON_BA` FOREIGN KEY (`INFO_JSON_ID_`) REFERENCES `act_ge_bytearray` (`ID_`),
  CONSTRAINT `ACT_FK_INFO_PROCDEF` FOREIGN KEY (`PROC_DEF_ID_`) REFERENCES `act_re_procdef` (`ID_`)
) ENGINE=InnoDB DEFAULT CHARSET=utf8 COLLATE=utf8_bin;

-- ----------------------------
-- Records of act_procdef_info
-- ----------------------------

-- ----------------------------
-- Table structure for act_re_deployment
-- ----------------------------
DROP TABLE IF EXISTS `act_re_deployment`;
CREATE TABLE `act_re_deployment` (
  `ID_` varchar(64) COLLATE utf8_bin NOT NULL,
  `NAME_` varchar(255) COLLATE utf8_bin DEFAULT NULL,
  `CATEGORY_` varchar(255) COLLATE utf8_bin DEFAULT NULL,
  `KEY_` varchar(255) COLLATE utf8_bin DEFAULT NULL,
  `TENANT_ID_` varchar(255) COLLATE utf8_bin DEFAULT '',
  `DEPLOY_TIME_` timestamp(3) NULL DEFAULT NULL,
  `ENGINE_VERSION_` varchar(255) COLLATE utf8_bin DEFAULT NULL,
  PRIMARY KEY (`ID_`)
) ENGINE=InnoDB DEFAULT CHARSET=utf8 COLLATE=utf8_bin;

-- ----------------------------
-- Records of act_re_deployment
-- ----------------------------
INSERT INTO `act_re_deployment` VALUES ('17501', 'SpringAutoDeployment', null, null, '', '2019-02-13 12:39:21.219', null);
INSERT INTO `act_re_deployment` VALUES ('20001', 'SpringAutoDeployment', null, null, '', '2019-02-13 14:04:17.793', null);
INSERT INTO `act_re_deployment` VALUES ('22501', 'SpringAutoDeployment', null, null, '', '2019-02-13 14:23:14.908', null);
INSERT INTO `act_re_deployment` VALUES ('40001', 'SpringAutoDeployment', null, null, '', '2019-02-14 10:48:47.150', null);
INSERT INTO `act_re_deployment` VALUES ('50001', 'SpringAutoDeployment', null, null, '', '2019-02-14 13:25:49.150', null);
INSERT INTO `act_re_deployment` VALUES ('52501', 'SpringAutoDeployment', null, null, '', '2019-02-14 13:27:30.848', null);

-- ----------------------------
-- Table structure for act_re_model
-- ----------------------------
DROP TABLE IF EXISTS `act_re_model`;
CREATE TABLE `act_re_model` (
  `ID_` varchar(64) COLLATE utf8_bin NOT NULL,
  `REV_` int(11) DEFAULT NULL,
  `NAME_` varchar(255) COLLATE utf8_bin DEFAULT NULL,
  `KEY_` varchar(255) COLLATE utf8_bin DEFAULT NULL,
  `CATEGORY_` varchar(255) COLLATE utf8_bin DEFAULT NULL,
  `CREATE_TIME_` timestamp(3) NULL DEFAULT NULL,
  `LAST_UPDATE_TIME_` timestamp(3) NULL DEFAULT NULL,
  `VERSION_` int(11) DEFAULT NULL,
  `META_INFO_` varchar(4000) COLLATE utf8_bin DEFAULT NULL,
  `DEPLOYMENT_ID_` varchar(64) COLLATE utf8_bin DEFAULT NULL,
  `EDITOR_SOURCE_VALUE_ID_` varchar(64) COLLATE utf8_bin DEFAULT NULL,
  `EDITOR_SOURCE_EXTRA_VALUE_ID_` varchar(64) COLLATE utf8_bin DEFAULT NULL,
  `TENANT_ID_` varchar(255) COLLATE utf8_bin DEFAULT '',
  PRIMARY KEY (`ID_`),
  KEY `ACT_FK_MODEL_SOURCE` (`EDITOR_SOURCE_VALUE_ID_`),
  KEY `ACT_FK_MODEL_SOURCE_EXTRA` (`EDITOR_SOURCE_EXTRA_VALUE_ID_`),
  KEY `ACT_FK_MODEL_DEPLOYMENT` (`DEPLOYMENT_ID_`),
  CONSTRAINT `ACT_FK_MODEL_DEPLOYMENT` FOREIGN KEY (`DEPLOYMENT_ID_`) REFERENCES `act_re_deployment` (`ID_`),
  CONSTRAINT `ACT_FK_MODEL_SOURCE` FOREIGN KEY (`EDITOR_SOURCE_VALUE_ID_`) REFERENCES `act_ge_bytearray` (`ID_`),
  CONSTRAINT `ACT_FK_MODEL_SOURCE_EXTRA` FOREIGN KEY (`EDITOR_SOURCE_EXTRA_VALUE_ID_`) REFERENCES `act_ge_bytearray` (`ID_`)
) ENGINE=InnoDB DEFAULT CHARSET=utf8 COLLATE=utf8_bin;

-- ----------------------------
-- Records of act_re_model
-- ----------------------------

-- ----------------------------
-- Table structure for act_re_procdef
-- ----------------------------
DROP TABLE IF EXISTS `act_re_procdef`;
CREATE TABLE `act_re_procdef` (
  `ID_` varchar(64) COLLATE utf8_bin NOT NULL,
  `REV_` int(11) DEFAULT NULL,
  `CATEGORY_` varchar(255) COLLATE utf8_bin DEFAULT NULL,
  `NAME_` varchar(255) COLLATE utf8_bin DEFAULT NULL,
  `KEY_` varchar(255) COLLATE utf8_bin NOT NULL,
  `VERSION_` int(11) NOT NULL,
  `DEPLOYMENT_ID_` varchar(64) COLLATE utf8_bin DEFAULT NULL,
  `RESOURCE_NAME_` varchar(4000) COLLATE utf8_bin DEFAULT NULL,
  `DGRM_RESOURCE_NAME_` varchar(4000) COLLATE utf8_bin DEFAULT NULL,
  `DESCRIPTION_` varchar(4000) COLLATE utf8_bin DEFAULT NULL,
  `HAS_START_FORM_KEY_` tinyint(4) DEFAULT NULL,
  `HAS_GRAPHICAL_NOTATION_` tinyint(4) DEFAULT NULL,
  `SUSPENSION_STATE_` int(11) DEFAULT NULL,
  `TENANT_ID_` varchar(255) COLLATE utf8_bin DEFAULT '',
  `ENGINE_VERSION_` varchar(255) COLLATE utf8_bin DEFAULT NULL,
  PRIMARY KEY (`ID_`),
  UNIQUE KEY `ACT_UNIQ_PROCDEF` (`KEY_`,`VERSION_`,`TENANT_ID_`)
) ENGINE=InnoDB DEFAULT CHARSET=utf8 COLLATE=utf8_bin;

-- ----------------------------
-- Records of act_re_procdef
-- ----------------------------
INSERT INTO `act_re_procdef` VALUES ('messagePublish:1:22504', '1', 'http://www.activiti.org/test', '', 'messagePublish', '1', '22501', 'D:\\WorkSpace\\JMonkey2.0\\target\\classes\\processes\\message-publish.bpmn', 'D:\\WorkSpace\\JMonkey2.0\\target\\classes\\processes\\message-publish.messagePublish.png', null, '0', '1', '1', '', null);
INSERT INTO `act_re_procdef` VALUES ('messagePublish:2:40004', '1', 'http://www.activiti.org/test', '', 'messagePublish', '2', '40001', 'D:\\WorkSpace\\JMonkey2.0\\target\\classes\\processes\\message-publish.bpmn', 'D:\\WorkSpace\\JMonkey2.0\\target\\classes\\processes\\message-publish.messagePublish.png', null, '0', '1', '1', '', null);
INSERT INTO `act_re_procdef` VALUES ('messagePublish:3:50004', '1', 'http://www.activiti.org/test', '', 'messagePublish', '3', '50001', 'D:\\WorkSpace\\JMonkey2.0\\target\\classes\\processes\\message-publish.bpmn', 'D:\\WorkSpace\\JMonkey2.0\\target\\classes\\processes\\message-publish.messagePublish.png', null, '0', '1', '1', '', null);
INSERT INTO `act_re_procdef` VALUES ('messagePublish:4:52504', '1', 'http://www.activiti.org/test', '', 'messagePublish', '4', '52501', 'D:\\WorkSpace\\JMonkey2.0\\target\\classes\\processes\\message-publish.bpmn', 'D:\\WorkSpace\\JMonkey2.0\\target\\classes\\processes\\message-publish.messagePublish.png', null, '0', '1', '1', '', null);

-- ----------------------------
-- Table structure for act_ru_deadletter_job
-- ----------------------------
DROP TABLE IF EXISTS `act_ru_deadletter_job`;
CREATE TABLE `act_ru_deadletter_job` (
  `ID_` varchar(64) COLLATE utf8_bin NOT NULL,
  `REV_` int(11) DEFAULT NULL,
  `TYPE_` varchar(255) COLLATE utf8_bin NOT NULL,
  `EXCLUSIVE_` tinyint(1) DEFAULT NULL,
  `EXECUTION_ID_` varchar(64) COLLATE utf8_bin DEFAULT NULL,
  `PROCESS_INSTANCE_ID_` varchar(64) COLLATE utf8_bin DEFAULT NULL,
  `PROC_DEF_ID_` varchar(64) COLLATE utf8_bin DEFAULT NULL,
  `EXCEPTION_STACK_ID_` varchar(64) COLLATE utf8_bin DEFAULT NULL,
  `EXCEPTION_MSG_` varchar(4000) COLLATE utf8_bin DEFAULT NULL,
  `DUEDATE_` timestamp(3) NULL DEFAULT NULL,
  `REPEAT_` varchar(255) COLLATE utf8_bin DEFAULT NULL,
  `HANDLER_TYPE_` varchar(255) COLLATE utf8_bin DEFAULT NULL,
  `HANDLER_CFG_` varchar(4000) COLLATE utf8_bin DEFAULT NULL,
  `TENANT_ID_` varchar(255) COLLATE utf8_bin DEFAULT '',
  PRIMARY KEY (`ID_`),
  KEY `ACT_FK_DEADLETTER_JOB_EXECUTION` (`EXECUTION_ID_`),
  KEY `ACT_FK_DEADLETTER_JOB_PROCESS_INSTANCE` (`PROCESS_INSTANCE_ID_`),
  KEY `ACT_FK_DEADLETTER_JOB_PROC_DEF` (`PROC_DEF_ID_`),
  KEY `ACT_FK_DEADLETTER_JOB_EXCEPTION` (`EXCEPTION_STACK_ID_`),
  CONSTRAINT `ACT_FK_DEADLETTER_JOB_EXCEPTION` FOREIGN KEY (`EXCEPTION_STACK_ID_`) REFERENCES `act_ge_bytearray` (`ID_`),
  CONSTRAINT `ACT_FK_DEADLETTER_JOB_EXECUTION` FOREIGN KEY (`EXECUTION_ID_`) REFERENCES `act_ru_execution` (`ID_`),
  CONSTRAINT `ACT_FK_DEADLETTER_JOB_PROCESS_INSTANCE` FOREIGN KEY (`PROCESS_INSTANCE_ID_`) REFERENCES `act_ru_execution` (`ID_`),
  CONSTRAINT `ACT_FK_DEADLETTER_JOB_PROC_DEF` FOREIGN KEY (`PROC_DEF_ID_`) REFERENCES `act_re_procdef` (`ID_`)
) ENGINE=InnoDB DEFAULT CHARSET=utf8 COLLATE=utf8_bin;

-- ----------------------------
-- Records of act_ru_deadletter_job
-- ----------------------------

-- ----------------------------
-- Table structure for act_ru_event_subscr
-- ----------------------------
DROP TABLE IF EXISTS `act_ru_event_subscr`;
CREATE TABLE `act_ru_event_subscr` (
  `ID_` varchar(64) COLLATE utf8_bin NOT NULL,
  `REV_` int(11) DEFAULT NULL,
  `EVENT_TYPE_` varchar(255) COLLATE utf8_bin NOT NULL,
  `EVENT_NAME_` varchar(255) COLLATE utf8_bin DEFAULT NULL,
  `EXECUTION_ID_` varchar(64) COLLATE utf8_bin DEFAULT NULL,
  `PROC_INST_ID_` varchar(64) COLLATE utf8_bin DEFAULT NULL,
  `ACTIVITY_ID_` varchar(64) COLLATE utf8_bin DEFAULT NULL,
  `CONFIGURATION_` varchar(255) COLLATE utf8_bin DEFAULT NULL,
  `CREATED_` timestamp(3) NOT NULL DEFAULT CURRENT_TIMESTAMP(3),
  `PROC_DEF_ID_` varchar(64) COLLATE utf8_bin DEFAULT NULL,
  `TENANT_ID_` varchar(255) COLLATE utf8_bin DEFAULT '',
  PRIMARY KEY (`ID_`),
  KEY `ACT_IDX_EVENT_SUBSCR_CONFIG_` (`CONFIGURATION_`),
  KEY `ACT_FK_EVENT_EXEC` (`EXECUTION_ID_`),
  CONSTRAINT `ACT_FK_EVENT_EXEC` FOREIGN KEY (`EXECUTION_ID_`) REFERENCES `act_ru_execution` (`ID_`)
) ENGINE=InnoDB DEFAULT CHARSET=utf8 COLLATE=utf8_bin;

-- ----------------------------
-- Records of act_ru_event_subscr
-- ----------------------------

-- ----------------------------
-- Table structure for act_ru_execution
-- ----------------------------
DROP TABLE IF EXISTS `act_ru_execution`;
CREATE TABLE `act_ru_execution` (
  `ID_` varchar(64) COLLATE utf8_bin NOT NULL,
  `REV_` int(11) DEFAULT NULL,
  `PROC_INST_ID_` varchar(64) COLLATE utf8_bin DEFAULT NULL,
  `BUSINESS_KEY_` varchar(255) COLLATE utf8_bin DEFAULT NULL,
  `PARENT_ID_` varchar(64) COLLATE utf8_bin DEFAULT NULL,
  `PROC_DEF_ID_` varchar(64) COLLATE utf8_bin DEFAULT NULL,
  `SUPER_EXEC_` varchar(64) COLLATE utf8_bin DEFAULT NULL,
  `ROOT_PROC_INST_ID_` varchar(64) COLLATE utf8_bin DEFAULT NULL,
  `ACT_ID_` varchar(255) COLLATE utf8_bin DEFAULT NULL,
  `IS_ACTIVE_` tinyint(4) DEFAULT NULL,
  `IS_CONCURRENT_` tinyint(4) DEFAULT NULL,
  `IS_SCOPE_` tinyint(4) DEFAULT NULL,
  `IS_EVENT_SCOPE_` tinyint(4) DEFAULT NULL,
  `IS_MI_ROOT_` tinyint(4) DEFAULT NULL,
  `SUSPENSION_STATE_` int(11) DEFAULT NULL,
  `CACHED_ENT_STATE_` int(11) DEFAULT NULL,
  `TENANT_ID_` varchar(255) COLLATE utf8_bin DEFAULT '',
  `NAME_` varchar(255) COLLATE utf8_bin DEFAULT NULL,
  `START_TIME_` datetime(3) DEFAULT NULL,
  `START_USER_ID_` varchar(255) COLLATE utf8_bin DEFAULT NULL,
  `LOCK_TIME_` timestamp(3) NULL DEFAULT NULL,
  `IS_COUNT_ENABLED_` tinyint(4) DEFAULT NULL,
  `EVT_SUBSCR_COUNT_` int(11) DEFAULT NULL,
  `TASK_COUNT_` int(11) DEFAULT NULL,
  `JOB_COUNT_` int(11) DEFAULT NULL,
  `TIMER_JOB_COUNT_` int(11) DEFAULT NULL,
  `SUSP_JOB_COUNT_` int(11) DEFAULT NULL,
  `DEADLETTER_JOB_COUNT_` int(11) DEFAULT NULL,
  `VAR_COUNT_` int(11) DEFAULT NULL,
  `ID_LINK_COUNT_` int(11) DEFAULT NULL,
  PRIMARY KEY (`ID_`),
  KEY `ACT_IDX_EXEC_BUSKEY` (`BUSINESS_KEY_`),
  KEY `ACT_IDC_EXEC_ROOT` (`ROOT_PROC_INST_ID_`),
  KEY `ACT_FK_EXE_PROCINST` (`PROC_INST_ID_`),
  KEY `ACT_FK_EXE_PARENT` (`PARENT_ID_`),
  KEY `ACT_FK_EXE_SUPER` (`SUPER_EXEC_`),
  KEY `ACT_FK_EXE_PROCDEF` (`PROC_DEF_ID_`),
  CONSTRAINT `ACT_FK_EXE_PARENT` FOREIGN KEY (`PARENT_ID_`) REFERENCES `act_ru_execution` (`ID_`) ON DELETE CASCADE,
  CONSTRAINT `ACT_FK_EXE_PROCDEF` FOREIGN KEY (`PROC_DEF_ID_`) REFERENCES `act_re_procdef` (`ID_`),
  CONSTRAINT `ACT_FK_EXE_PROCINST` FOREIGN KEY (`PROC_INST_ID_`) REFERENCES `act_ru_execution` (`ID_`) ON DELETE CASCADE ON UPDATE CASCADE,
  CONSTRAINT `ACT_FK_EXE_SUPER` FOREIGN KEY (`SUPER_EXEC_`) REFERENCES `act_ru_execution` (`ID_`) ON DELETE CASCADE
) ENGINE=InnoDB DEFAULT CHARSET=utf8 COLLATE=utf8_bin;

-- ----------------------------
-- Records of act_ru_execution
-- ----------------------------
INSERT INTO `act_ru_execution` VALUES ('35012', '1', '35012', 'c1712691fb964f319449f3a5df16b7cc', null, 'messagePublish:1:22504', null, '35012', null, '1', '0', '1', '0', '0', '1', null, '', null, '2019-02-14 09:46:22.853', '1', null, '0', '0', '0', '0', '0', '0', '0', '0', '0');
INSERT INTO `act_ru_execution` VALUES ('35018', '1', '35012', null, '35012', 'messagePublish:1:22504', null, '35012', 'auditMessage', '1', '0', '0', '0', '0', '1', null, '', null, '2019-02-14 09:46:22.853', null, null, '0', '0', '0', '0', '0', '0', '0', '0', '0');
INSERT INTO `act_ru_execution` VALUES ('62553', '1', '62553', 'e494cc6f8923415daea1eac19a9c8da7', null, 'messagePublish:4:52504', null, '62553', null, '1', '0', '1', '0', '0', '1', null, '', null, '2019-02-15 13:34:57.104', '1', null, '0', '0', '0', '0', '0', '0', '0', '0', '0');
INSERT INTO `act_ru_execution` VALUES ('62559', '2', '62553', null, '62553', 'messagePublish:4:52504', null, '62553', 'publish', '1', '0', '0', '0', '0', '1', null, '', null, '2019-02-15 13:34:57.104', null, null, '0', '0', '0', '0', '0', '0', '0', '0', '0');
INSERT INTO `act_ru_execution` VALUES ('67505', '1', '67505', '71d19dfd6da145149a4514b2ea27eb5b', null, 'messagePublish:4:52504', null, '67505', null, '1', '0', '1', '0', '0', '1', null, '', null, '2019-02-20 09:02:09.285', '1', null, '0', '0', '0', '0', '0', '0', '0', '0', '0');
INSERT INTO `act_ru_execution` VALUES ('67511', '1', '67505', null, '67505', 'messagePublish:4:52504', null, '67505', 'auditMessage', '1', '0', '0', '0', '0', '1', null, '', null, '2019-02-20 09:02:09.286', null, null, '0', '0', '0', '0', '0', '0', '0', '0', '0');
INSERT INTO `act_ru_execution` VALUES ('70001', '1', '70001', '0ba3fdd7afa3442b922d6fae0328596d', null, 'messagePublish:4:52504', null, '70001', null, '1', '0', '1', '0', '0', '1', null, '', null, '2019-04-10 16:36:44.073', '1', null, '0', '0', '0', '0', '0', '0', '0', '0', '0');
INSERT INTO `act_ru_execution` VALUES ('70007', '2', '70001', null, '70001', 'messagePublish:4:52504', null, '70001', 'publish', '1', '0', '0', '0', '0', '1', null, '', null, '2019-04-10 16:36:44.120', null, null, '0', '0', '0', '0', '0', '0', '0', '0', '0');

-- ----------------------------
-- Table structure for act_ru_identitylink
-- ----------------------------
DROP TABLE IF EXISTS `act_ru_identitylink`;
CREATE TABLE `act_ru_identitylink` (
  `ID_` varchar(64) COLLATE utf8_bin NOT NULL,
  `REV_` int(11) DEFAULT NULL,
  `GROUP_ID_` varchar(255) COLLATE utf8_bin DEFAULT NULL,
  `TYPE_` varchar(255) COLLATE utf8_bin DEFAULT NULL,
  `USER_ID_` varchar(255) COLLATE utf8_bin DEFAULT NULL,
  `TASK_ID_` varchar(64) COLLATE utf8_bin DEFAULT NULL,
  `PROC_INST_ID_` varchar(64) COLLATE utf8_bin DEFAULT NULL,
  `PROC_DEF_ID_` varchar(64) COLLATE utf8_bin DEFAULT NULL,
  PRIMARY KEY (`ID_`),
  KEY `ACT_IDX_IDENT_LNK_USER` (`USER_ID_`),
  KEY `ACT_IDX_IDENT_LNK_GROUP` (`GROUP_ID_`),
  KEY `ACT_IDX_ATHRZ_PROCEDEF` (`PROC_DEF_ID_`),
  KEY `ACT_FK_TSKASS_TASK` (`TASK_ID_`),
  KEY `ACT_FK_IDL_PROCINST` (`PROC_INST_ID_`),
  CONSTRAINT `ACT_FK_ATHRZ_PROCEDEF` FOREIGN KEY (`PROC_DEF_ID_`) REFERENCES `act_re_procdef` (`ID_`),
  CONSTRAINT `ACT_FK_IDL_PROCINST` FOREIGN KEY (`PROC_INST_ID_`) REFERENCES `act_ru_execution` (`ID_`),
  CONSTRAINT `ACT_FK_TSKASS_TASK` FOREIGN KEY (`TASK_ID_`) REFERENCES `act_ru_task` (`ID_`)
) ENGINE=InnoDB DEFAULT CHARSET=utf8 COLLATE=utf8_bin;

-- ----------------------------
-- Records of act_ru_identitylink
-- ----------------------------
INSERT INTO `act_ru_identitylink` VALUES ('35014', '1', null, 'starter', '1', null, '35012', null);
INSERT INTO `act_ru_identitylink` VALUES ('35023', '1', null, 'participant', '36f8103bf41c4098b72d28734c5fb2ed', null, '35012', null);
INSERT INTO `act_ru_identitylink` VALUES ('62555', '1', null, 'starter', '1', null, '62553', null);
INSERT INTO `act_ru_identitylink` VALUES ('67507', '1', null, 'starter', '1', null, '67505', null);
INSERT INTO `act_ru_identitylink` VALUES ('70003', '1', null, 'starter', '1', null, '70001', null);

-- ----------------------------
-- Table structure for act_ru_job
-- ----------------------------
DROP TABLE IF EXISTS `act_ru_job`;
CREATE TABLE `act_ru_job` (
  `ID_` varchar(64) COLLATE utf8_bin NOT NULL,
  `REV_` int(11) DEFAULT NULL,
  `TYPE_` varchar(255) COLLATE utf8_bin NOT NULL,
  `LOCK_EXP_TIME_` timestamp(3) NULL DEFAULT NULL,
  `LOCK_OWNER_` varchar(255) COLLATE utf8_bin DEFAULT NULL,
  `EXCLUSIVE_` tinyint(1) DEFAULT NULL,
  `EXECUTION_ID_` varchar(64) COLLATE utf8_bin DEFAULT NULL,
  `PROCESS_INSTANCE_ID_` varchar(64) COLLATE utf8_bin DEFAULT NULL,
  `PROC_DEF_ID_` varchar(64) COLLATE utf8_bin DEFAULT NULL,
  `RETRIES_` int(11) DEFAULT NULL,
  `EXCEPTION_STACK_ID_` varchar(64) COLLATE utf8_bin DEFAULT NULL,
  `EXCEPTION_MSG_` varchar(4000) COLLATE utf8_bin DEFAULT NULL,
  `DUEDATE_` timestamp(3) NULL DEFAULT NULL,
  `REPEAT_` varchar(255) COLLATE utf8_bin DEFAULT NULL,
  `HANDLER_TYPE_` varchar(255) COLLATE utf8_bin DEFAULT NULL,
  `HANDLER_CFG_` varchar(4000) COLLATE utf8_bin DEFAULT NULL,
  `TENANT_ID_` varchar(255) COLLATE utf8_bin DEFAULT '',
  PRIMARY KEY (`ID_`),
  KEY `ACT_FK_JOB_EXECUTION` (`EXECUTION_ID_`),
  KEY `ACT_FK_JOB_PROCESS_INSTANCE` (`PROCESS_INSTANCE_ID_`),
  KEY `ACT_FK_JOB_PROC_DEF` (`PROC_DEF_ID_`),
  KEY `ACT_FK_JOB_EXCEPTION` (`EXCEPTION_STACK_ID_`),
  CONSTRAINT `ACT_FK_JOB_EXCEPTION` FOREIGN KEY (`EXCEPTION_STACK_ID_`) REFERENCES `act_ge_bytearray` (`ID_`),
  CONSTRAINT `ACT_FK_JOB_EXECUTION` FOREIGN KEY (`EXECUTION_ID_`) REFERENCES `act_ru_execution` (`ID_`),
  CONSTRAINT `ACT_FK_JOB_PROCESS_INSTANCE` FOREIGN KEY (`PROCESS_INSTANCE_ID_`) REFERENCES `act_ru_execution` (`ID_`),
  CONSTRAINT `ACT_FK_JOB_PROC_DEF` FOREIGN KEY (`PROC_DEF_ID_`) REFERENCES `act_re_procdef` (`ID_`)
) ENGINE=InnoDB DEFAULT CHARSET=utf8 COLLATE=utf8_bin;

-- ----------------------------
-- Records of act_ru_job
-- ----------------------------

-- ----------------------------
-- Table structure for act_ru_suspended_job
-- ----------------------------
DROP TABLE IF EXISTS `act_ru_suspended_job`;
CREATE TABLE `act_ru_suspended_job` (
  `ID_` varchar(64) COLLATE utf8_bin NOT NULL,
  `REV_` int(11) DEFAULT NULL,
  `TYPE_` varchar(255) COLLATE utf8_bin NOT NULL,
  `EXCLUSIVE_` tinyint(1) DEFAULT NULL,
  `EXECUTION_ID_` varchar(64) COLLATE utf8_bin DEFAULT NULL,
  `PROCESS_INSTANCE_ID_` varchar(64) COLLATE utf8_bin DEFAULT NULL,
  `PROC_DEF_ID_` varchar(64) COLLATE utf8_bin DEFAULT NULL,
  `RETRIES_` int(11) DEFAULT NULL,
  `EXCEPTION_STACK_ID_` varchar(64) COLLATE utf8_bin DEFAULT NULL,
  `EXCEPTION_MSG_` varchar(4000) COLLATE utf8_bin DEFAULT NULL,
  `DUEDATE_` timestamp(3) NULL DEFAULT NULL,
  `REPEAT_` varchar(255) COLLATE utf8_bin DEFAULT NULL,
  `HANDLER_TYPE_` varchar(255) COLLATE utf8_bin DEFAULT NULL,
  `HANDLER_CFG_` varchar(4000) COLLATE utf8_bin DEFAULT NULL,
  `TENANT_ID_` varchar(255) COLLATE utf8_bin DEFAULT '',
  PRIMARY KEY (`ID_`),
  KEY `ACT_FK_SUSPENDED_JOB_EXECUTION` (`EXECUTION_ID_`),
  KEY `ACT_FK_SUSPENDED_JOB_PROCESS_INSTANCE` (`PROCESS_INSTANCE_ID_`),
  KEY `ACT_FK_SUSPENDED_JOB_PROC_DEF` (`PROC_DEF_ID_`),
  KEY `ACT_FK_SUSPENDED_JOB_EXCEPTION` (`EXCEPTION_STACK_ID_`),
  CONSTRAINT `ACT_FK_SUSPENDED_JOB_EXCEPTION` FOREIGN KEY (`EXCEPTION_STACK_ID_`) REFERENCES `act_ge_bytearray` (`ID_`),
  CONSTRAINT `ACT_FK_SUSPENDED_JOB_EXECUTION` FOREIGN KEY (`EXECUTION_ID_`) REFERENCES `act_ru_execution` (`ID_`),
  CONSTRAINT `ACT_FK_SUSPENDED_JOB_PROCESS_INSTANCE` FOREIGN KEY (`PROCESS_INSTANCE_ID_`) REFERENCES `act_ru_execution` (`ID_`),
  CONSTRAINT `ACT_FK_SUSPENDED_JOB_PROC_DEF` FOREIGN KEY (`PROC_DEF_ID_`) REFERENCES `act_re_procdef` (`ID_`)
) ENGINE=InnoDB DEFAULT CHARSET=utf8 COLLATE=utf8_bin;

-- ----------------------------
-- Records of act_ru_suspended_job
-- ----------------------------

-- ----------------------------
-- Table structure for act_ru_task
-- ----------------------------
DROP TABLE IF EXISTS `act_ru_task`;
CREATE TABLE `act_ru_task` (
  `ID_` varchar(64) COLLATE utf8_bin NOT NULL,
  `REV_` int(11) DEFAULT NULL,
  `EXECUTION_ID_` varchar(64) COLLATE utf8_bin DEFAULT NULL,
  `PROC_INST_ID_` varchar(64) COLLATE utf8_bin DEFAULT NULL,
  `PROC_DEF_ID_` varchar(64) COLLATE utf8_bin DEFAULT NULL,
  `NAME_` varchar(255) COLLATE utf8_bin DEFAULT NULL,
  `PARENT_TASK_ID_` varchar(64) COLLATE utf8_bin DEFAULT NULL,
  `DESCRIPTION_` varchar(4000) COLLATE utf8_bin DEFAULT NULL,
  `TASK_DEF_KEY_` varchar(255) COLLATE utf8_bin DEFAULT NULL,
  `OWNER_` varchar(255) COLLATE utf8_bin DEFAULT NULL,
  `ASSIGNEE_` varchar(255) COLLATE utf8_bin DEFAULT NULL,
  `DELEGATION_` varchar(64) COLLATE utf8_bin DEFAULT NULL,
  `PRIORITY_` int(11) DEFAULT NULL,
  `CREATE_TIME_` timestamp(3) NULL DEFAULT NULL,
  `DUE_DATE_` datetime(3) DEFAULT NULL,
  `CATEGORY_` varchar(255) COLLATE utf8_bin DEFAULT NULL,
  `SUSPENSION_STATE_` int(11) DEFAULT NULL,
  `TENANT_ID_` varchar(255) COLLATE utf8_bin DEFAULT '',
  `FORM_KEY_` varchar(255) COLLATE utf8_bin DEFAULT NULL,
  `CLAIM_TIME_` datetime(3) DEFAULT NULL,
  PRIMARY KEY (`ID_`),
  KEY `ACT_IDX_TASK_CREATE` (`CREATE_TIME_`),
  KEY `ACT_FK_TASK_EXE` (`EXECUTION_ID_`),
  KEY `ACT_FK_TASK_PROCINST` (`PROC_INST_ID_`),
  KEY `ACT_FK_TASK_PROCDEF` (`PROC_DEF_ID_`),
  CONSTRAINT `ACT_FK_TASK_EXE` FOREIGN KEY (`EXECUTION_ID_`) REFERENCES `act_ru_execution` (`ID_`),
  CONSTRAINT `ACT_FK_TASK_PROCDEF` FOREIGN KEY (`PROC_DEF_ID_`) REFERENCES `act_re_procdef` (`ID_`),
  CONSTRAINT `ACT_FK_TASK_PROCINST` FOREIGN KEY (`PROC_INST_ID_`) REFERENCES `act_ru_execution` (`ID_`)
) ENGINE=InnoDB DEFAULT CHARSET=utf8 COLLATE=utf8_bin;

-- ----------------------------
-- Records of act_ru_task
-- ----------------------------
INSERT INTO `act_ru_task` VALUES ('35022', '1', '35018', '35012', 'messagePublish:1:22504', '', null, null, 'auditMessage', null, '36f8103bf41c4098b72d28734c5fb2ed', null, '50', '2019-02-14 09:46:22.854', null, null, '1', '', null, null);
INSERT INTO `act_ru_task` VALUES ('67504', '1', '62559', '62553', 'messagePublish:4:52504', '', null, null, 'publish', null, null, null, '50', '2019-02-18 13:50:12.163', null, null, '1', '', null, null);
INSERT INTO `act_ru_task` VALUES ('67515', '1', '67511', '67505', 'messagePublish:4:52504', '', null, null, 'auditMessage', null, '1', null, '50', '2019-02-20 09:02:09.288', null, null, '1', '', null, null);
INSERT INTO `act_ru_task` VALUES ('70015', '1', '70007', '70001', 'messagePublish:4:52504', '', null, null, 'publish', null, null, null, '50', '2019-04-10 16:36:50.625', null, null, '1', '', null, null);

-- ----------------------------
-- Table structure for act_ru_timer_job
-- ----------------------------
DROP TABLE IF EXISTS `act_ru_timer_job`;
CREATE TABLE `act_ru_timer_job` (
  `ID_` varchar(64) COLLATE utf8_bin NOT NULL,
  `REV_` int(11) DEFAULT NULL,
  `TYPE_` varchar(255) COLLATE utf8_bin NOT NULL,
  `LOCK_EXP_TIME_` timestamp(3) NULL DEFAULT NULL,
  `LOCK_OWNER_` varchar(255) COLLATE utf8_bin DEFAULT NULL,
  `EXCLUSIVE_` tinyint(1) DEFAULT NULL,
  `EXECUTION_ID_` varchar(64) COLLATE utf8_bin DEFAULT NULL,
  `PROCESS_INSTANCE_ID_` varchar(64) COLLATE utf8_bin DEFAULT NULL,
  `PROC_DEF_ID_` varchar(64) COLLATE utf8_bin DEFAULT NULL,
  `RETRIES_` int(11) DEFAULT NULL,
  `EXCEPTION_STACK_ID_` varchar(64) COLLATE utf8_bin DEFAULT NULL,
  `EXCEPTION_MSG_` varchar(4000) COLLATE utf8_bin DEFAULT NULL,
  `DUEDATE_` timestamp(3) NULL DEFAULT NULL,
  `REPEAT_` varchar(255) COLLATE utf8_bin DEFAULT NULL,
  `HANDLER_TYPE_` varchar(255) COLLATE utf8_bin DEFAULT NULL,
  `HANDLER_CFG_` varchar(4000) COLLATE utf8_bin DEFAULT NULL,
  `TENANT_ID_` varchar(255) COLLATE utf8_bin DEFAULT '',
  PRIMARY KEY (`ID_`),
  KEY `ACT_FK_TIMER_JOB_EXECUTION` (`EXECUTION_ID_`),
  KEY `ACT_FK_TIMER_JOB_PROCESS_INSTANCE` (`PROCESS_INSTANCE_ID_`),
  KEY `ACT_FK_TIMER_JOB_PROC_DEF` (`PROC_DEF_ID_`),
  KEY `ACT_FK_TIMER_JOB_EXCEPTION` (`EXCEPTION_STACK_ID_`),
  CONSTRAINT `ACT_FK_TIMER_JOB_EXCEPTION` FOREIGN KEY (`EXCEPTION_STACK_ID_`) REFERENCES `act_ge_bytearray` (`ID_`),
  CONSTRAINT `ACT_FK_TIMER_JOB_EXECUTION` FOREIGN KEY (`EXECUTION_ID_`) REFERENCES `act_ru_execution` (`ID_`),
  CONSTRAINT `ACT_FK_TIMER_JOB_PROCESS_INSTANCE` FOREIGN KEY (`PROCESS_INSTANCE_ID_`) REFERENCES `act_ru_execution` (`ID_`),
  CONSTRAINT `ACT_FK_TIMER_JOB_PROC_DEF` FOREIGN KEY (`PROC_DEF_ID_`) REFERENCES `act_re_procdef` (`ID_`)
) ENGINE=InnoDB DEFAULT CHARSET=utf8 COLLATE=utf8_bin;

-- ----------------------------
-- Records of act_ru_timer_job
-- ----------------------------

-- ----------------------------
-- Table structure for act_ru_variable
-- ----------------------------
DROP TABLE IF EXISTS `act_ru_variable`;
CREATE TABLE `act_ru_variable` (
  `ID_` varchar(64) COLLATE utf8_bin NOT NULL,
  `REV_` int(11) DEFAULT NULL,
  `TYPE_` varchar(255) COLLATE utf8_bin NOT NULL,
  `NAME_` varchar(255) COLLATE utf8_bin NOT NULL,
  `EXECUTION_ID_` varchar(64) COLLATE utf8_bin DEFAULT NULL,
  `PROC_INST_ID_` varchar(64) COLLATE utf8_bin DEFAULT NULL,
  `TASK_ID_` varchar(64) COLLATE utf8_bin DEFAULT NULL,
  `BYTEARRAY_ID_` varchar(64) COLLATE utf8_bin DEFAULT NULL,
  `DOUBLE_` double DEFAULT NULL,
  `LONG_` bigint(20) DEFAULT NULL,
  `TEXT_` varchar(4000) COLLATE utf8_bin DEFAULT NULL,
  `TEXT2_` varchar(4000) COLLATE utf8_bin DEFAULT NULL,
  PRIMARY KEY (`ID_`),
  KEY `ACT_IDX_VARIABLE_TASK_ID` (`TASK_ID_`),
  KEY `ACT_FK_VAR_EXE` (`EXECUTION_ID_`),
  KEY `ACT_FK_VAR_PROCINST` (`PROC_INST_ID_`),
  KEY `ACT_FK_VAR_BYTEARRAY` (`BYTEARRAY_ID_`),
  CONSTRAINT `ACT_FK_VAR_BYTEARRAY` FOREIGN KEY (`BYTEARRAY_ID_`) REFERENCES `act_ge_bytearray` (`ID_`),
  CONSTRAINT `ACT_FK_VAR_EXE` FOREIGN KEY (`EXECUTION_ID_`) REFERENCES `act_ru_execution` (`ID_`),
  CONSTRAINT `ACT_FK_VAR_PROCINST` FOREIGN KEY (`PROC_INST_ID_`) REFERENCES `act_ru_execution` (`ID_`)
) ENGINE=InnoDB DEFAULT CHARSET=utf8 COLLATE=utf8_bin;

-- ----------------------------
-- Records of act_ru_variable
-- ----------------------------
INSERT INTO `act_ru_variable` VALUES ('35013', '1', 'string', '${publishUserId}', '35012', '35012', null, null, null, null, '1', null);
INSERT INTO `act_ru_variable` VALUES ('35015', '1', 'string', 'auditUserId', '35012', '35012', null, null, null, null, '36f8103bf41c4098b72d28734c5fb2ed', null);
INSERT INTO `act_ru_variable` VALUES ('35016', '1', 'boolean', 'isAudit', '35012', '35012', null, null, null, '1', null, null);
INSERT INTO `act_ru_variable` VALUES ('35017', '1', 'string', 'publishUserId', '35012', '35012', null, null, null, null, '1', null);
INSERT INTO `act_ru_variable` VALUES ('62554', '1', 'string', '${publishUserId}', '62553', '62553', null, null, null, null, '1', null);
INSERT INTO `act_ru_variable` VALUES ('62556', '1', 'string', 'auditUserId', '62553', '62553', null, null, null, null, '1', null);
INSERT INTO `act_ru_variable` VALUES ('62557', '1', 'boolean', 'isAudit', '62553', '62553', null, null, null, '1', null, null);
INSERT INTO `act_ru_variable` VALUES ('62558', '1', 'string', 'publishUserId', '62553', '62553', null, null, null, null, '1', null);
INSERT INTO `act_ru_variable` VALUES ('67501', '1', 'boolean', 'state', '62553', '62553', null, null, null, '0', null, null);
INSERT INTO `act_ru_variable` VALUES ('67506', '1', 'string', '${publishUserId}', '67505', '67505', null, null, null, null, '1', null);
INSERT INTO `act_ru_variable` VALUES ('67508', '1', 'string', 'auditUserId', '67505', '67505', null, null, null, null, '1', null);
INSERT INTO `act_ru_variable` VALUES ('67509', '1', 'boolean', 'isAudit', '67505', '67505', null, null, null, '1', null, null);
INSERT INTO `act_ru_variable` VALUES ('67510', '1', 'string', 'publishUserId', '67505', '67505', null, null, null, null, '1', null);
INSERT INTO `act_ru_variable` VALUES ('70002', '1', 'string', '${publishUserId}', '70001', '70001', null, null, null, null, '1', null);
INSERT INTO `act_ru_variable` VALUES ('70004', '1', 'string', 'auditUserId', '70001', '70001', null, null, null, null, '1', null);
INSERT INTO `act_ru_variable` VALUES ('70005', '1', 'boolean', 'isAudit', '70001', '70001', null, null, null, '1', null, null);
INSERT INTO `act_ru_variable` VALUES ('70006', '1', 'string', 'publishUserId', '70001', '70001', null, null, null, null, '1', null);
INSERT INTO `act_ru_variable` VALUES ('70012', '1', 'boolean', 'state', '70001', '70001', null, null, null, '0', null, null);

-- ----------------------------
-- Table structure for ms_chat_group
-- ----------------------------
DROP TABLE IF EXISTS `ms_chat_group`;
CREATE TABLE `ms_chat_group` (
  `id` varchar(64) COLLATE utf8mb4_bin NOT NULL COMMENT 'ID',
  `name` varchar(64) COLLATE utf8mb4_bin DEFAULT NULL COMMENT '',
  `img` varchar(255) COLLATE utf8mb4_bin DEFAULT NULL COMMENT '',
  `creator` varchar(64) CHARACTER SET utf8 DEFAULT NULL COMMENT '',
  `create_date` timestamp NULL DEFAULT CURRENT_TIMESTAMP COMMENT '',
  `create_by` varchar(64) COLLATE utf8mb4_bin DEFAULT NULL COMMENT '',
  `update_date` timestamp NULL DEFAULT NULL ON UPDATE CURRENT_TIMESTAMP COMMENT '',
  `update_by` varchar(64) COLLATE utf8mb4_bin DEFAULT NULL COMMENT '',
  `remark` varchar(255) COLLATE utf8mb4_bin DEFAULT NULL COMMENT '',
  `delete_flag` varchar(10) COLLATE utf8mb4_bin DEFAULT 'Used' COMMENT 'used disable delete',
  PRIMARY KEY (`id`)
) ENGINE=InnoDB DEFAULT CHARSET=utf8mb4 COLLATE=utf8mb4_bin COMMENT='';

-- ----------------------------
-- Records of ms_chat_group
-- ----------------------------
INSERT INTO `ms_chat_group` VALUES ('048872d527f040c8b459a15b028a9a32', 'test2', null, '1', '2019-02-25 12:21:05', 'admin', null, null, null, 'Used');
INSERT INTO `ms_chat_group` VALUES ('0842d709a93e4f11adeecd95a30726c8', 'test5', null, '1', '2019-02-25 20:41:26', 'admin', '2019-02-28 14:46:02', 'admin', null, 'Delete');
INSERT INTO `ms_chat_group` VALUES ('2bce847a202f40d8ad26a07097435cea', '', '/assets/message/chat/image/f20baff425a14038bc2f80ed0cbae279_2.jpg', '1', '2019-02-25 15:19:20', 'admin', '2019-02-25 20:04:18', null, null, 'Delete');
INSERT INTO `ms_chat_group` VALUES ('3f6d3da6093649a9acb4d45a80a16f21', 'test6', null, '1', '2019-02-26 08:26:38', 'admin', '2019-02-28 14:45:59', null, null, 'Delete');
INSERT INTO `ms_chat_group` VALUES ('51fd4c5661e44e42ac6097a513dd5272', '', '/assets/message/chat/image/cb5d314024424a62a759f8d1fff4644c_.jpg', '1', '2019-02-28 14:46:47', 'admin', null, null, null, 'Used');
INSERT INTO `ms_chat_group` VALUES ('618620b7508945d08c0ea58a365691bb', 'test3', '/assets/message/chat/image/786b104914d047ca8bdf88343e0635d3_.jpg', '1', '2019-02-25 12:53:34', 'admin', null, null, null, 'Used');
INSERT INTO `ms_chat_group` VALUES ('6ec4d51e72154fd892165b9e5ecb2e8e', 'test4', null, '1', '2019-02-25 20:35:16', 'admin', null, null, null, 'Used');
INSERT INTO `ms_chat_group` VALUES ('a72712bc967146dc86dd5358d4886c8b', 'common-tee', '/assets/message/chat/image/c05be91f7f1149b8933993fc83c265dd_42.jpg', '36f8103bf41c4098b72d28734c5fb2ed', '2019-02-26 08:25:57', 'common', null, null, null, 'Used');
INSERT INTO `ms_chat_group` VALUES ('e39156938465400e95c5463b11dc7c21', 'test1-1', '/assets/message/chat/image/f47431f697eb4eb6bfab3088f368236f_1.jpg', '1', '2019-02-25 11:32:03', 'admin', '2019-02-25 20:28:47', 'admin', null, 'Used');

-- ----------------------------
-- Table structure for ms_chat_group_member
-- ----------------------------
DROP TABLE IF EXISTS `ms_chat_group_member`;
CREATE TABLE `ms_chat_group_member` (
  `group_id` varchar(64) COLLATE utf8mb4_bin NOT NULL COMMENT 'id',
  `user_id` varchar(64) COLLATE utf8mb4_bin NOT NULL COMMENT 'id',
  `create_date` timestamp NULL DEFAULT CURRENT_TIMESTAMP COMMENT '',
  `create_by` varchar(64) COLLATE utf8mb4_bin DEFAULT NULL COMMENT '',
  `update_date` timestamp NULL DEFAULT NULL ON UPDATE CURRENT_TIMESTAMP COMMENT '',
  `update_by` varchar(64) COLLATE utf8mb4_bin DEFAULT NULL COMMENT '',
  `remark` varchar(255) COLLATE utf8mb4_bin DEFAULT NULL COMMENT '',
  `delete_flag` varchar(10) COLLATE utf8mb4_bin DEFAULT 'Used' COMMENT 'used disable delete',
  PRIMARY KEY (`group_id`,`user_id`)
) ENGINE=InnoDB DEFAULT CHARSET=utf8mb4 COLLATE=utf8mb4_bin COMMENT='';

-- ----------------------------
-- Records of ms_chat_group_member
-- ----------------------------
INSERT INTO `ms_chat_group_member` VALUES ('048872d527f040c8b459a15b028a9a32', '1', '2019-02-25 12:21:05', 'admin', null, null, null, 'Used');
INSERT INTO `ms_chat_group_member` VALUES ('048872d527f040c8b459a15b028a9a32', '23bae2f290a947ae86e1731dcd2d7988', '2019-02-25 12:21:05', 'admin', null, null, null, 'Used');
INSERT INTO `ms_chat_group_member` VALUES ('048872d527f040c8b459a15b028a9a32', '514122a8c3944f10b245399aafc8978d', '2019-02-25 12:21:05', 'admin', null, null, null, 'Used');
INSERT INTO `ms_chat_group_member` VALUES ('048872d527f040c8b459a15b028a9a32', '5b0048391d5e497398d363cbad1a21eb', '2019-02-25 12:21:05', 'admin', null, null, null, 'Used');
INSERT INTO `ms_chat_group_member` VALUES ('51fd4c5661e44e42ac6097a513dd5272', '1', '2019-02-28 14:46:47', 'admin', null, null, null, 'Used');
INSERT INTO `ms_chat_group_member` VALUES ('51fd4c5661e44e42ac6097a513dd5272', '36f8103bf41c4098b72d28734c5fb2ed', '2019-02-28 14:46:47', 'admin', null, null, null, 'Used');
INSERT INTO `ms_chat_group_member` VALUES ('51fd4c5661e44e42ac6097a513dd5272', '5b0048391d5e497398d363cbad1a21eb', '2019-02-28 14:46:47', 'admin', null, null, null, 'Used');
INSERT INTO `ms_chat_group_member` VALUES ('51fd4c5661e44e42ac6097a513dd5272', '94492b8bd0d74afb9c1af5c8fc36d57e', '2019-02-28 14:46:47', 'admin', null, null, null, 'Used');
INSERT INTO `ms_chat_group_member` VALUES ('618620b7508945d08c0ea58a365691bb', '1', '2019-02-25 12:53:34', 'admin', null, null, null, 'Used');
INSERT INTO `ms_chat_group_member` VALUES ('618620b7508945d08c0ea58a365691bb', '237f91e6cd1245dbb585f585d3f3b75e', '2019-02-25 12:53:34', 'admin', null, null, null, 'Used');
INSERT INTO `ms_chat_group_member` VALUES ('618620b7508945d08c0ea58a365691bb', '23bae2f290a947ae86e1731dcd2d7988', '2019-02-25 12:53:34', 'admin', null, null, null, 'Used');
INSERT INTO `ms_chat_group_member` VALUES ('618620b7508945d08c0ea58a365691bb', '514122a8c3944f10b245399aafc8978d', '2019-02-25 12:53:34', 'admin', null, null, null, 'Used');
INSERT INTO `ms_chat_group_member` VALUES ('618620b7508945d08c0ea58a365691bb', '5b0048391d5e497398d363cbad1a21eb', '2019-02-25 12:53:34', 'admin', null, null, null, 'Used');
INSERT INTO `ms_chat_group_member` VALUES ('618620b7508945d08c0ea58a365691bb', '6e2d55ca9b604e01b17b03c4fd7821d0', '2019-02-25 12:53:34', 'admin', null, null, null, 'Used');
INSERT INTO `ms_chat_group_member` VALUES ('618620b7508945d08c0ea58a365691bb', '94492b8bd0d74afb9c1af5c8fc36d57e', '2019-02-25 12:53:34', 'admin', null, null, null, 'Used');
INSERT INTO `ms_chat_group_member` VALUES ('618620b7508945d08c0ea58a365691bb', '94d8f27841bf40fb942c8d865ba0e002', '2019-02-25 12:53:34', 'admin', null, null, null, 'Used');
INSERT INTO `ms_chat_group_member` VALUES ('618620b7508945d08c0ea58a365691bb', 'd78b19eecc524d5a8ee39126471a92dd', '2019-02-25 12:53:34', 'admin', null, null, null, 'Used');
INSERT INTO `ms_chat_group_member` VALUES ('618620b7508945d08c0ea58a365691bb', 'd8c3368d55d8414cab00bafb5d733aca', '2019-02-25 12:53:34', 'admin', null, null, null, 'Used');
INSERT INTO `ms_chat_group_member` VALUES ('6ec4d51e72154fd892165b9e5ecb2e8e', '1', '2019-02-25 20:35:16', 'admin', null, null, null, 'Used');
INSERT INTO `ms_chat_group_member` VALUES ('6ec4d51e72154fd892165b9e5ecb2e8e', '36f8103bf41c4098b72d28734c5fb2ed', '2019-02-25 20:35:16', 'admin', null, null, null, 'Used');
INSERT INTO `ms_chat_group_member` VALUES ('a72712bc967146dc86dd5358d4886c8b', '1', '2019-02-26 08:25:57', 'common', null, null, null, 'Used');
INSERT INTO `ms_chat_group_member` VALUES ('a72712bc967146dc86dd5358d4886c8b', '36f8103bf41c4098b72d28734c5fb2ed', '2019-02-26 08:25:57', 'common', null, null, null, 'Used');
INSERT INTO `ms_chat_group_member` VALUES ('e39156938465400e95c5463b11dc7c21', '1', '2019-02-25 20:35:07', 'admin', null, null, null, 'Used');
INSERT INTO `ms_chat_group_member` VALUES ('e39156938465400e95c5463b11dc7c21', '36f8103bf41c4098b72d28734c5fb2ed', '2019-02-25 20:35:07', 'admin', null, null, null, 'Used');
INSERT INTO `ms_chat_group_member` VALUES ('e39156938465400e95c5463b11dc7c21', '5b0048391d5e497398d363cbad1a21eb', '2019-02-25 20:35:07', 'admin', null, null, null, 'Used');
INSERT INTO `ms_chat_group_member` VALUES ('e39156938465400e95c5463b11dc7c21', '94492b8bd0d74afb9c1af5c8fc36d57e', '2019-02-25 20:35:07', 'admin', null, null, null, 'Used');
INSERT INTO `ms_chat_group_member` VALUES ('e39156938465400e95c5463b11dc7c21', 'd8c3368d55d8414cab00bafb5d733aca', '2019-02-25 20:35:07', 'admin', null, null, null, 'Used');

-- ----------------------------
-- Table structure for ms_chat_history
-- ----------------------------
DROP TABLE IF EXISTS `ms_chat_history`;
CREATE TABLE `ms_chat_history` (
  `id` varchar(64) COLLATE utf8mb4_bin NOT NULL COMMENT 'ID',
  `sender` varchar(64) COLLATE utf8mb4_bin DEFAULT NULL COMMENT '',
  `receiver` varchar(64) COLLATE utf8mb4_bin DEFAULT NULL COMMENT '',
  `msg` mediumtext COLLATE utf8mb4_bin COMMENT '',
  `type` varchar(1024) COLLATE utf8mb4_bin DEFAULT NULL COMMENT ' Single group',
  `create_date` timestamp NULL DEFAULT CURRENT_TIMESTAMP COMMENT '',
  `create_by` varchar(64) COLLATE utf8mb4_bin DEFAULT NULL COMMENT '',
  `update_date` timestamp NULL DEFAULT NULL ON UPDATE CURRENT_TIMESTAMP COMMENT '',
  `update_by` varchar(64) COLLATE utf8mb4_bin DEFAULT NULL COMMENT '',
  `remark` varchar(255) COLLATE utf8mb4_bin DEFAULT NULL COMMENT '',
  `delete_flag` varchar(10) COLLATE utf8mb4_bin DEFAULT 'Used' COMMENT 'used disable delete',
  PRIMARY KEY (`id`)
) ENGINE=InnoDB DEFAULT CHARSET=utf8mb4 COLLATE=utf8mb4_bin COMMENT='';

-- ----------------------------
-- Records of ms_chat_history
-- ----------------------------
INSERT INTO `ms_chat_history` VALUES ('005f6920a9b94a078f25cad62456a13d', '1', '514122a8c3944f10b245399aafc8978d', 0x53696E676C655F6D73675F35313431323261386333393434663130623234353339396161666338393738645F6D73675F636F6D6D6F6E365F6D73675F6E756C6C5F6D73675F73646166, 'Single', '2019-03-06 08:43:25', null, null, null, null, 'Used');
INSERT INTO `ms_chat_history` VALUES ('0cd1d3e409cb474da4f77aad4f6efdb5', '1', '237f91e6cd1245dbb585f585d3f3b75e', 0x53696E676C655F6D73675F32333766393165366364313234356462623538356635383564336633623735655F6D73675F636F6D6D6F6E375F6D73675F6E756C6C5F6D73675FE68993E58F91, 'Single', '2019-03-06 11:31:20', null, null, null, null, 'Used');
INSERT INTO `ms_chat_history` VALUES ('0f139da100084bd7bf7463ac5dee4d78', '1', '51fd4c5661e44e42ac6097a513dd5272', 0x47726F75705F6D73675F35316664346335363631653434653432616336303937613531336464353237325F6D73675FE698AFE590A6E998BFE890A8E5BEB7E58F91E998BFE890A8E5BEB7E58F915F6D73675F2F6173736574732F6D6573736167652F636861742F696D6167652F63623564333134303234343234613632613735396638643166666634363434635FE5A4B4E5838F2E6A70675F6D73675F3131313131313131, 'Group', '2019-03-06 09:41:49', null, null, null, null, 'Used');
INSERT INTO `ms_chat_history` VALUES ('10f497fdef3d4544a6c167e983b0eab5', '1', '514122a8c3944f10b245399aafc8978d', 0x53696E676C655F6D73675F35313431323261386333393434663130623234353339396161666338393738645F6D73675F636F6D6D6F6E365F6D73675F6E756C6C5F6D73675F32, 'Single', '2019-03-06 10:41:27', null, null, null, null, 'Used');
INSERT INTO `ms_chat_history` VALUES ('24652dcee33f4c4a96f7df534a4af6dc', '1', '51fd4c5661e44e42ac6097a513dd5272', 0x47726F75705F6D73675F35316664346335363631653434653432616336303937613531336464353237325F6D73675FE698AFE590A6E998BFE890A8E5BEB7E58F91E998BFE890A8E5BEB7E58F915F6D73675F2F6173736574732F6D6573736167652F636861742F696D6167652F63623564333134303234343234613632613735396638643166666634363434635FE5A4B4E5838F2E6A70675F6D73675F33, 'Group', '2019-03-06 09:41:36', null, null, null, null, 'Used');
INSERT INTO `ms_chat_history` VALUES ('2ad48bc09f5a49d7ad0ab6403bf7e32d', '1', '514122a8c3944f10b245399aafc8978d', 0x53696E676C655F6D73675F35313431323261386333393434663130623234353339396161666338393738645F6D73675F636F6D6D6F6E365F6D73675F6E756C6C5F6D73675F31, 'Single', '2019-03-06 10:41:26', null, null, null, null, 'Used');
INSERT INTO `ms_chat_history` VALUES ('2cea21c232894b929f25b4a5b3284c04', '1', '51fd4c5661e44e42ac6097a513dd5272', 0x47726F75705F6D73675F35316664346335363631653434653432616336303937613531336464353237325F6D73675FE698AFE590A6E998BFE890A8E5BEB7E58F91E998BFE890A8E5BEB7E58F915F6D73675F2F6173736574732F6D6573736167652F636861742F696D6167652F63623564333134303234343234613632613735396638643166666634363434635FE5A4B4E5838F2E6A70675F6D73675F31313131313131, 'Group', '2019-03-06 09:41:47', null, null, null, null, 'Used');
INSERT INTO `ms_chat_history` VALUES ('330c973b5a574171875a334ab6ced65f', '1', '36f8103bf41c4098b72d28734c5fb2ed', 0x53696E676C655F6D73675F33366638313033626634316334303938623732643238373334633566623265645F6D73675FE699AEE9809AE794A8E688B75F6D73675F2F6173736574732F757365722F70686F746F2F64343266633861333134313634633439383038646338343865363534313339625F313233343536373839302E6A70675F6D73675F3C6120687265663D27687474703A2F2F34392E342E35342E3234353A383038302F6173736574732F6D6573736167652F636861742F696D2F30366630383562383532663634653634396635393334323630616463363933355FE5B9B2E983A8E8BDAFE4BBB6E697A5E5BF972E6C6F672720646F776E6C6F61643D27E5B9B2E983A8E8BDAFE4BBB6E697A5E5BF972E6C6F67273E203C6469763E3C2F6469763E3C7370616E3EE5B9B2E983A8E8BDAFE4BBB6E697A5E5BF972E6C6F673C2F7370616E3E3C2F613E, 'Single', '2019-03-06 14:52:13', null, null, null, null, 'Used');
INSERT INTO `ms_chat_history` VALUES ('36f189833b594f84b7e1c23302d53ce3', '1', 'd78b19eecc524d5a8ee39126471a92dd', 0x53696E676C655F6D73675F64373862313965656363353234643561386565333931323634373161393264645F6D73675F636F6D6D6F6E395F6D73675F6E756C6C5F6D73675F6466, 'Single', '2019-03-06 10:03:24', null, null, null, null, 'Used');
INSERT INTO `ms_chat_history` VALUES ('3a5b4e46b7ee4060aa8bece2c7bf42bf', '1', '23bae2f290a947ae86e1731dcd2d7988', 0x53696E676C655F6D73675F32336261653266323930613934376165383665313733316463643264373938385F6D73675F636F6D6D6F6E355F6D73675F6E756C6C5F6D73675F3131, 'Single', '2019-03-06 10:34:17', null, null, null, null, 'Used');
INSERT INTO `ms_chat_history` VALUES ('3b787054951049e9bae0b7a5a3f125d6', '1', '51fd4c5661e44e42ac6097a513dd5272', 0x47726F75705F6D73675F35316664346335363631653434653432616336303937613531336464353237325F6D73675FE698AFE590A6E998BFE890A8E5BEB7E58F91E998BFE890A8E5BEB7E58F915F6D73675F2F6173736574732F6D6573736167652F636861742F696D6167652F63623564333134303234343234613632613735396638643166666634363434635FE5A4B4E5838F2E6A70675F6D73675F36, 'Group', '2019-03-06 09:41:37', null, null, null, null, 'Used');
INSERT INTO `ms_chat_history` VALUES ('4d95a208c10949fa803eecec93a8dc01', '1', 'd8c3368d55d8414cab00bafb5d733aca', 0x53696E676C655F6D73675F64386333333638643535643834313463616230306261666235643733336163615F6D73675F636F6D6D6F6E325F6D73675F6E756C6C5F6D73675FE6898BE58AA8E99880, 'Single', '2019-03-06 11:11:32', null, null, null, null, 'Used');
INSERT INTO `ms_chat_history` VALUES ('4dce58fa3c7144baaa3d071306dbeadf', '1', '51fd4c5661e44e42ac6097a513dd5272', 0x47726F75705F6D73675F35316664346335363631653434653432616336303937613531336464353237325F6D73675FE698AFE590A6E998BFE890A8E5BEB7E58F91E998BFE890A8E5BEB7E58F915F6D73675F2F6173736574732F6D6573736167652F636861742F696D6167652F63623564333134303234343234613632613735396638643166666634363434635FE5A4B4E5838F2E6A70675F6D73675F31313131, 'Group', '2019-03-06 09:41:42', null, null, null, null, 'Used');
INSERT INTO `ms_chat_history` VALUES ('4f6e4122041845738a94f687a87cb875', '1', '51fd4c5661e44e42ac6097a513dd5272', 0x47726F75705F6D73675F35316664346335363631653434653432616336303937613531336464353237325F6D73675FE698AFE590A6E998BFE890A8E5BEB7E58F91E998BFE890A8E5BEB7E58F915F6D73675F2F6173736574732F6D6573736167652F636861742F696D6167652F63623564333134303234343234613632613735396638643166666634363434635FE5A4B4E5838F2E6A70675F6D73675F3131313131, 'Group', '2019-03-06 09:41:44', null, null, null, null, 'Used');
INSERT INTO `ms_chat_history` VALUES ('594df448c4164d25b72731f17121c351', '1', '23bae2f290a947ae86e1731dcd2d7988', 0x53696E676C655F6D73675F32336261653266323930613934376165383665313733316463643264373938385F6D73675F636F6D6D6F6E355F6D73675F6E756C6C5F6D73675F6173642066, 'Single', '2019-03-12 08:38:47', null, null, null, null, 'Used');
INSERT INTO `ms_chat_history` VALUES ('597ce09904504ff9b70d31dbf63afcca', '1', '23bae2f290a947ae86e1731dcd2d7988', 0x53696E676C655F6D73675F32336261653266323930613934376165383665313733316463643264373938385F6D73675F636F6D6D6F6E355F6D73675F6E756C6C5F6D73675FE68993E58F91, 'Single', '2019-03-06 10:34:11', null, null, null, null, 'Used');
INSERT INTO `ms_chat_history` VALUES ('6f58c199d05e45e3981dc0cb14450182', '1', '51fd4c5661e44e42ac6097a513dd5272', 0x47726F75705F6D73675F35316664346335363631653434653432616336303937613531336464353237325F6D73675FE698AFE590A6E998BFE890A8E5BEB7E58F91E998BFE890A8E5BEB7E58F915F6D73675F2F6173736574732F6D6573736167652F636861742F696D6167652F63623564333134303234343234613632613735396638643166666634363434635FE5A4B4E5838F2E6A70675F6D73675F313131, 'Group', '2019-03-06 09:41:42', null, null, null, null, 'Used');
INSERT INTO `ms_chat_history` VALUES ('742578193d9948348ba7ee1861a0ca24', '1', '5b0048391d5e497398d363cbad1a21eb', 0x53696E676C655F6D73675F35623030343833393164356534393733393864333633636261643161323165625F6D73675F636F6D6D6F6E335F6D73675F6E756C6C5F6D73675F31, 'Single', '2019-03-06 10:10:16', null, null, null, null, 'Used');
INSERT INTO `ms_chat_history` VALUES ('7523fddfb5c64f7f8452258cd3ef2776', '1', '618620b7508945d08c0ea58a365691bb', 0x47726F75705F6D73675F36313836323062373530383934356430386330656135386133363536393162625F6D73675F74657374335F6D73675F2F6173736574732F6D6573736167652F636861742F696D6167652F37383662313034393134643034376361386264663838333433653036333564335FE5A4B4E5838F2E6A70675F6D73675F736466, 'Group', '2019-03-06 13:33:22', null, null, null, null, 'Used');
INSERT INTO `ms_chat_history` VALUES ('76b91acc21c646348a4a4d21a0e9ea91', '1', '36f8103bf41c4098b72d28734c5fb2ed', 0x53696E676C655F6D73675F33366638313033626634316334303938623732643238373334633566623265645F6D73675FE699AEE9809AE794A8E688B75F6D73675F2F6173736574732F757365722F70686F746F2F64343266633861333134313634633439383038646338343865363534313339625F313233343536373839302E6A70675F6D73675F61736466, 'Single', '2019-03-06 14:51:52', null, null, null, null, 'Used');
INSERT INTO `ms_chat_history` VALUES ('7ea5a39b2fcb413284385a48f1dbd0f9', '1', '51fd4c5661e44e42ac6097a513dd5272', 0x47726F75705F6D73675F35316664346335363631653434653432616336303937613531336464353237325F6D73675FE698AFE590A6E998BFE890A8E5BEB7E58F91E998BFE890A8E5BEB7E58F915F6D73675F2F6173736574732F6D6573736167652F636861742F696D6167652F63623564333134303234343234613632613735396638643166666634363434635FE5A4B4E5838F2E6A70675F6D73675F35, 'Group', '2019-03-06 09:41:37', null, null, null, null, 'Used');
INSERT INTO `ms_chat_history` VALUES ('83452675a7fe457796576907ea5797a6', '1', '51fd4c5661e44e42ac6097a513dd5272', 0x47726F75705F6D73675F35316664346335363631653434653432616336303937613531336464353237325F6D73675FE698AFE590A6E998BFE890A8E5BEB7E58F91E998BFE890A8E5BEB7E58F915F6D73675F2F6173736574732F6D6573736167652F636861742F696D6167652F63623564333134303234343234613632613735396638643166666634363434635FE5A4B4E5838F2E6A70675F6D73675F3132, 'Group', '2019-03-06 09:41:40', null, null, null, null, 'Used');
INSERT INTO `ms_chat_history` VALUES ('838aec64b7174dc0b458ad7760477202', '1', '51fd4c5661e44e42ac6097a513dd5272', 0x47726F75705F6D73675F35316664346335363631653434653432616336303937613531336464353237325F6D73675FE698AFE590A6E998BFE890A8E5BEB7E58F91E998BFE890A8E5BEB7E58F915F6D73675F2F6173736574732F6D6573736167652F636861742F696D6167652F63623564333134303234343234613632613735396638643166666634363434635FE5A4B4E5838F2E6A70675F6D73675F34, 'Group', '2019-03-06 09:41:36', null, null, null, null, 'Used');
INSERT INTO `ms_chat_history` VALUES ('8a48f5acb91e47abb1ea1d30ae3bc255', '1', '51fd4c5661e44e42ac6097a513dd5272', 0x47726F75705F6D73675F35316664346335363631653434653432616336303937613531336464353237325F6D73675FE698AFE590A6E998BFE890A8E5BEB7E58F91E998BFE890A8E5BEB7E58F915F6D73675F2F6173736574732F6D6573736167652F636861742F696D6167652F63623564333134303234343234613632613735396638643166666634363434635FE5A4B4E5838F2E6A70675F6D73675F31, 'Group', '2019-03-06 09:41:35', null, null, null, null, 'Used');
INSERT INTO `ms_chat_history` VALUES ('a9e9392784c540b2843cc6bfca4a626f', '1', '6ec4d51e72154fd892165b9e5ecb2e8e', 0x47726F75705F6D73675F36656334643531653732313534666438393231363562396535656362326538655F6D73675F74657374345F6D73675F6E756C6C5F6D73675F61736466, 'Group', '2019-03-06 09:37:34', null, null, null, null, 'Used');
INSERT INTO `ms_chat_history` VALUES ('ab8b32ea5e544bc5aa596cc6178f94b0', '1', '51fd4c5661e44e42ac6097a513dd5272', 0x47726F75705F6D73675F35316664346335363631653434653432616336303937613531336464353237325F6D73675FE698AFE590A6E998BFE890A8E5BEB7E58F91E998BFE890A8E5BEB7E58F915F6D73675F2F6173736574732F6D6573736167652F636861742F696D6167652F63623564333134303234343234613632613735396638643166666634363434635FE5A4B4E5838F2E6A70675F6D73675F3131, 'Group', '2019-03-06 09:41:41', null, null, null, null, 'Used');
INSERT INTO `ms_chat_history` VALUES ('ad2483d95b244db9b23c617245b78407', '1', '237f91e6cd1245dbb585f585d3f3b75e', 0x53696E676C655F6D73675F32333766393165366364313234356462623538356635383564336633623735655F6D73675F636F6D6D6F6E375F6D73675F6E756C6C5F6D73675FE68993E58F91, 'Single', '2019-03-06 11:31:44', null, null, null, null, 'Used');
INSERT INTO `ms_chat_history` VALUES ('b27a4379c4f14155893c9b26698f6800', '1', '51fd4c5661e44e42ac6097a513dd5272', 0x47726F75705F6D73675F35316664346335363631653434653432616336303937613531336464353237325F6D73675FE698AFE590A6E998BFE890A8E5BEB7E58F91E998BFE890A8E5BEB7E58F915F6D73675F2F6173736574732F6D6573736167652F636861742F696D6167652F63623564333134303234343234613632613735396638643166666634363434635FE5A4B4E5838F2E6A70675F6D73675F30, 'Group', '2019-03-06 09:41:39', null, null, null, null, 'Used');
INSERT INTO `ms_chat_history` VALUES ('c224b57e19fa4145ae33922150b202e9', '1', '51fd4c5661e44e42ac6097a513dd5272', 0x47726F75705F6D73675F35316664346335363631653434653432616336303937613531336464353237325F6D73675FE698AFE590A6E998BFE890A8E5BEB7E58F91E998BFE890A8E5BEB7E58F915F6D73675F2F6173736574732F6D6573736167652F636861742F696D6167652F63623564333134303234343234613632613735396638643166666634363434635FE5A4B4E5838F2E6A70675F6D73675F32, 'Group', '2019-03-06 09:41:35', null, null, null, null, 'Used');
INSERT INTO `ms_chat_history` VALUES ('c835b9e16a21466a99684c03b3751700', '1', '51fd4c5661e44e42ac6097a513dd5272', 0x47726F75705F6D73675F35316664346335363631653434653432616336303937613531336464353237325F6D73675FE698AFE590A6E998BFE890A8E5BEB7E58F91E998BFE890A8E5BEB7E58F915F6D73675F2F6173736574732F6D6573736167652F636861742F696D6167652F63623564333134303234343234613632613735396638643166666634363434635FE5A4B4E5838F2E6A70675F6D73675F38, 'Group', '2019-03-06 09:41:38', null, null, null, null, 'Used');
INSERT INTO `ms_chat_history` VALUES ('c8d63d6d648a49bba4c7121802b5d4c1', '1', '5b0048391d5e497398d363cbad1a21eb', 0x53696E676C655F6D73675F35623030343833393164356534393733393864333633636261643161323165625F6D73675F636F6D6D6F6E335F6D73675F6E756C6C5F6D73675F33, 'Single', '2019-03-06 10:41:44', null, null, null, null, 'Used');
INSERT INTO `ms_chat_history` VALUES ('cb229a4be3af4c2b9eb314738a223493', '1', '514122a8c3944f10b245399aafc8978d', 0x53696E676C655F6D73675F35313431323261386333393434663130623234353339396161666338393738645F6D73675F636F6D6D6F6E365F6D73675F6E756C6C5F6D73675FE68993E58F91, 'Single', '2019-03-06 10:41:00', null, null, null, null, 'Used');
INSERT INTO `ms_chat_history` VALUES ('d36ebee397bf45d1afb266637e53191d', '1', '23bae2f290a947ae86e1731dcd2d7988', 0x53696E676C655F6D73675F32336261653266323930613934376165383665313733316463643264373938385F6D73675F636F6D6D6F6E355F6D73675F6E756C6C5F6D73675F61736466, 'Single', '2019-03-12 08:38:43', null, null, null, null, 'Used');
INSERT INTO `ms_chat_history` VALUES ('da48c72f3a464de686e38ec8a0d72322', '1', '36f8103bf41c4098b72d28734c5fb2ed', 0x53696E676C655F6D73675F33366638313033626634316334303938623732643238373334633566623265645F6D73675FE699AEE9809AE794A8E688B75F6D73675F2F6173736574732F757365722F70686F746F2F64343266633861333134313634633439383038646338343865363534313339625F313233343536373839302E6A70675F6D73675F61736466, 'Single', '2019-03-06 14:51:16', null, null, null, null, 'Used');
INSERT INTO `ms_chat_history` VALUES ('dfefe98f03d741538ba12a2d364e67b8', '1', '6e2d55ca9b604e01b17b03c4fd7821d0', 0x53696E676C655F6D73675F36653264353563613962363034653031623137623033633466643738323164305F6D73675F636F6D6D6F6E385F6D73675F6E756C6C5F6D73675F31, 'Single', '2019-03-06 10:41:37', null, null, null, null, 'Used');
INSERT INTO `ms_chat_history` VALUES ('e36ec75d1a184133be4d2f4e10d12b76', '1', '51fd4c5661e44e42ac6097a513dd5272', 0x47726F75705F6D73675F35316664346335363631653434653432616336303937613531336464353237325F6D73675FE698AFE590A6E998BFE890A8E5BEB7E58F91E998BFE890A8E5BEB7E58F915F6D73675F2F6173736574732F6D6573736167652F636861742F696D6167652F63623564333134303234343234613632613735396638643166666634363434635FE5A4B4E5838F2E6A70675F6D73675F39, 'Group', '2019-03-06 09:41:38', null, null, null, null, 'Used');
INSERT INTO `ms_chat_history` VALUES ('e5cb784e8a164dc6b1e9600a275c9209', '1', '5b0048391d5e497398d363cbad1a21eb', 0x53696E676C655F6D73675F35623030343833393164356534393733393864333633636261643161323165625F6D73675F636F6D6D6F6E335F6D73675F6E756C6C5F6D73675F31, 'Single', '2019-03-06 10:05:33', null, null, null, null, 'Used');
INSERT INTO `ms_chat_history` VALUES ('e6a5abf45d834a098e632aff053feb1e', '1', '6e2d55ca9b604e01b17b03c4fd7821d0', 0x53696E676C655F6D73675F36653264353563613962363034653031623137623033633466643738323164305F6D73675F636F6D6D6F6E385F6D73675F6E756C6C5F6D73675F33, 'Single', '2019-03-06 10:41:39', null, null, null, null, 'Used');
INSERT INTO `ms_chat_history` VALUES ('e96913637cb94fd5999e146d0cf70a68', '1', '23bae2f290a947ae86e1731dcd2d7988', 0x53696E676C655F6D73675F32336261653266323930613934376165383665313733316463643264373938385F6D73675F636F6D6D6F6E355F6D73675F6E756C6C5F6D73675F617364, 'Single', '2019-03-12 08:38:46', null, null, null, null, 'Used');
INSERT INTO `ms_chat_history` VALUES ('f1b3dd870aeb45678c36d15d57d03ebb', '1', '51fd4c5661e44e42ac6097a513dd5272', 0x47726F75705F6D73675F35316664346335363631653434653432616336303937613531336464353237325F6D73675FE698AFE590A6E998BFE890A8E5BEB7E58F91E998BFE890A8E5BEB7E58F915F6D73675F2F6173736574732F6D6573736167652F636861742F696D6167652F63623564333134303234343234613632613735396638643166666634363434635FE5A4B4E5838F2E6A70675F6D73675F313131313131, 'Group', '2019-03-06 09:41:45', null, null, null, null, 'Used');
INSERT INTO `ms_chat_history` VALUES ('f45bb5dbb19e45c2be918d7b9e9405a8', '1', '6ec4d51e72154fd892165b9e5ecb2e8e', 0x47726F75705F6D73675F36656334643531653732313534666438393231363562396535656362326538655F6D73675F74657374345F6D73675F6E756C6C5F6D73675F617364, 'Group', '2019-03-06 09:37:23', null, null, null, null, 'Used');
INSERT INTO `ms_chat_history` VALUES ('f87f10efb05a454cbc576edb660d0790', '1', '23bae2f290a947ae86e1731dcd2d7988', 0x53696E676C655F6D73675F32336261653266323930613934376165383665313733316463643264373938385F6D73675F636F6D6D6F6E355F6D73675F6E756C6C5F6D73675F6475, 'Single', '2019-03-06 08:50:16', null, null, null, null, 'Used');
INSERT INTO `ms_chat_history` VALUES ('fa8dee79a31d4e038c4e7af269dc0f26', '1', '51fd4c5661e44e42ac6097a513dd5272', 0x47726F75705F6D73675F35316664346335363631653434653432616336303937613531336464353237325F6D73675FE698AFE590A6E998BFE890A8E5BEB7E58F91E998BFE890A8E5BEB7E58F915F6D73675F2F6173736574732F6D6573736167652F636861742F696D6167652F63623564333134303234343234613632613735396638643166666634363434635FE5A4B4E5838F2E6A70675F6D73675F37, 'Group', '2019-03-06 09:41:37', null, null, null, null, 'Used');

-- ----------------------------
-- Table structure for ms_chat_read
-- ----------------------------
DROP TABLE IF EXISTS `ms_chat_read`;
CREATE TABLE `ms_chat_read` (
  `sender` varchar(64) COLLATE utf8mb4_bin NOT NULL COMMENT ',id',
  `receiver` varchar(64) COLLATE utf8mb4_bin NOT NULL COMMENT '',
  `type` varchar(1024) COLLATE utf8mb4_bin DEFAULT NULL COMMENT ' Single group',
  `create_date` timestamp NULL DEFAULT CURRENT_TIMESTAMP COMMENT '',
  `create_by` varchar(64) COLLATE utf8mb4_bin DEFAULT NULL COMMENT '',
  `update_date` timestamp NULL DEFAULT NULL ON UPDATE CURRENT_TIMESTAMP COMMENT '',
  `update_by` varchar(64) COLLATE utf8mb4_bin DEFAULT NULL COMMENT '',
  `remark` varchar(255) COLLATE utf8mb4_bin DEFAULT NULL COMMENT '',
  `delete_flag` varchar(10) COLLATE utf8mb4_bin DEFAULT 'Used' COMMENT 'used disable delete',
  PRIMARY KEY (`sender`,`receiver`)
) ENGINE=InnoDB DEFAULT CHARSET=utf8mb4 COLLATE=utf8mb4_bin COMMENT='';

-- ----------------------------
-- Records of ms_chat_read
-- ----------------------------

-- ----------------------------
-- Table structure for ms_file
-- ----------------------------
DROP TABLE IF EXISTS `ms_file`;
CREATE TABLE `ms_file` (
  `id` varchar(64) COLLATE utf8mb4_bin NOT NULL COMMENT 'ID',
  `message_id` varchar(64) COLLATE utf8mb4_bin NOT NULL COMMENT 'ID',
  `name` varchar(255) COLLATE utf8mb4_bin NOT NULL COMMENT '',
  `path` varchar(255) COLLATE utf8mb4_bin NOT NULL COMMENT '',
  `create_date` timestamp NULL DEFAULT CURRENT_TIMESTAMP COMMENT '',
  `create_by` varchar(64) COLLATE utf8mb4_bin DEFAULT NULL COMMENT '',
  `update_date` timestamp NULL DEFAULT NULL ON UPDATE CURRENT_TIMESTAMP COMMENT '',
  `update_by` varchar(64) COLLATE utf8mb4_bin DEFAULT NULL COMMENT '',
  `remark` varchar(255) COLLATE utf8mb4_bin DEFAULT NULL COMMENT '',
  `delete_flag` varchar(10) COLLATE utf8mb4_bin DEFAULT 'Used' COMMENT 'used disable delete',
  PRIMARY KEY (`id`)
) ENGINE=InnoDB DEFAULT CHARSET=utf8mb4 COLLATE=utf8mb4_bin COMMENT='';

-- ----------------------------
-- Records of ms_file
-- ----------------------------
INSERT INTO `ms_file` VALUES ('02bd2c9e07c049ed905fbe4d90f0673e', '0ba3fdd7afa3442b922d6fae0328596d', '.log', '/assets/message/file/07f994ec392d44fdb724e9bc91157155_.log', '2019-04-10 16:36:43', 'admin', null, null, null, 'Used');
INSERT INTO `ms_file` VALUES ('50064945b9ed4ed49c36ca1e1cf06c32', 'b1ddbdc193e44978b27c132f4e04e1df', 'kms10.log', '/assets/message/file/3f2724d6d82b45ff98abc83ef47dde2f_kms10.log', '2019-02-15 11:02:08', 'admin', null, null, null, 'Used');
INSERT INTO `ms_file` VALUES ('930cacc237884c22beeef72d8643b450', 'b1ddbdc193e44978b27c132f4e04e1df', '.log', '/assets/message/file/b2284280fb3d4570859a709f3a491c9e_.log', '2019-02-15 11:02:08', 'admin', null, null, null, 'Used');
INSERT INTO `ms_file` VALUES ('f288473836684e85a67ab361176f8555', '0ba3fdd7afa3442b922d6fae0328596d', 'webofficedbg.txt', '/assets/message/file/8218b8debb4543f7bb989f79cb2ff87a_webofficedbg.txt', '2019-04-10 16:36:43', 'admin', null, null, null, 'Used');
INSERT INTO `ms_file` VALUES ('f2ccc749ded24261bbe19073ce4a3eb9', '8bc33626d1514cb3a1b3970f1527934f', 'kms10.log', '/assets/message/file/64542a44236a4a2da19f8fdbe094beaf_kms10.log', '2019-02-13 16:43:04', 'admin', '2019-02-14 08:43:02', null, null, 'Delete');
INSERT INTO `ms_file` VALUES ('f838f07be02d47ea828d22828d8de8fe', '8bc33626d1514cb3a1b3970f1527934f', '.log', '/assets/message/file/35c23ebe30af4bc4b3a308cd2d38b504_.log', '2019-02-13 16:43:04', 'admin', '2019-02-14 08:43:02', null, null, 'Delete');

-- ----------------------------
-- Table structure for ms_message
-- ----------------------------
DROP TABLE IF EXISTS `ms_message`;
CREATE TABLE `ms_message` (
  `id` varchar(64) COLLATE utf8mb4_bin NOT NULL COMMENT 'ID',
  `title` varchar(100) COLLATE utf8mb4_bin DEFAULT NULL COMMENT '',
  `content` mediumtext COLLATE utf8mb4_bin COMMENT '',
  `rate` varchar(10) COLLATE utf8mb4_bin DEFAULT NULL COMMENT '',
  `pi_id` varchar(255) CHARACTER SET utf8 DEFAULT NULL COMMENT 'activiti process_instance_id',
  `create_date` timestamp NULL DEFAULT CURRENT_TIMESTAMP COMMENT '',
  `create_by` varchar(64) COLLATE utf8mb4_bin DEFAULT NULL COMMENT '',
  `update_date` timestamp NULL DEFAULT NULL ON UPDATE CURRENT_TIMESTAMP COMMENT '',
  `update_by` varchar(64) COLLATE utf8mb4_bin DEFAULT NULL COMMENT '',
  `remark` varchar(255) COLLATE utf8mb4_bin DEFAULT NULL COMMENT '',
  `delete_flag` varchar(10) COLLATE utf8mb4_bin DEFAULT 'Used' COMMENT 'used disable delete',
  PRIMARY KEY (`id`)
) ENGINE=InnoDB DEFAULT CHARSET=utf8mb4 COLLATE=utf8mb4_bin COMMENT='';

-- ----------------------------
-- Records of ms_message
-- ----------------------------
INSERT INTO `ms_message` VALUES ('008b8e7efa204062b8774ecea91dca93', '5', '', '5', '52505', '2019-02-14 13:27:48', 'admin', '2019-02-14 13:27:48', 'admin', null, 'Used');
INSERT INTO `ms_message` VALUES ('07cbe5cba0314f0ab8915ad37d54e8f4', '2', '', '5', '35001', '2019-02-14 09:46:16', 'admin', '2019-02-15 08:38:54', 'admin', null, 'Delete');
INSERT INTO `ms_message` VALUES ('0b2f565a4d6b444d888b7edc440a1864', 'yes-1-admin', '', '5', '22505', '2019-02-13 14:23:42', 'admin', '2019-02-14 08:40:45', 'admin', null, 'Delete');
INSERT INTO `ms_message` VALUES ('0ba3fdd7afa3442b922d6fae0328596d', '', 0x3C703EE69687E4BBB6E6B58BE8AF95E69687E4BBB6E6B58BE8AF95E69687E4BBB6E6B58BE8AF95E69687E4BBB6E6B58BE8AF953C2F703E, '5', '70001', '2019-04-10 16:36:43', 'admin', '2019-04-10 16:36:44', 'admin', null, 'Used');
INSERT INTO `ms_message` VALUES ('0ca7d88b06e1410e84eb007d1ee0046e', '2', '', '5', '30012', '2019-02-14 08:47:56', 'admin', '2019-02-14 08:50:21', 'admin', null, 'Delete');
INSERT INTO `ms_message` VALUES ('13f41f641de94090bc36ec2afe8bf5c4', '12', '', '5', '32501', '2019-02-14 08:55:12', 'admin', '2019-02-15 13:32:19', 'admin', null, 'Delete');
INSERT INTO `ms_message` VALUES ('16806956b23a4df0b3f5281afd6dced0', '1289', 0x3C703E313238393C2F703E, '5', '62541', '2019-02-15 13:34:42', 'admin', '2019-02-15 13:34:42', 'admin', null, 'Used');
INSERT INTO `ms_message` VALUES ('1ee2ece2cef54d939a53465146cc81a8', 'NO-2', 0x3C703E4E4F2D323C2F703E, '5', '25001', '2019-02-13 16:00:16', 'admin', '2019-02-14 08:38:42', 'admin', null, 'Delete');
INSERT INTO `ms_message` VALUES ('230e4b7ad46b431ea76863fb654b4565', '6', '', '5', '52519', '2019-02-14 13:28:03', 'admin', '2019-02-14 13:28:03', 'admin', null, 'Used');
INSERT INTO `ms_message` VALUES ('350324b80fdb4c1db7772f0f5b5f60e0', '1', '', '5', '30001', '2019-02-14 08:46:23', 'admin', '2019-02-14 08:46:23', 'admin', null, 'Used');
INSERT INTO `ms_message` VALUES ('557a8e5224bf43bfb95fec82c819bb07', '', 0x3C703EE998BFE890A8E5BEB7E58F913C2F703E, '5', '65008', '2019-02-15 13:53:48', 'common', '2019-02-15 13:53:48', 'common', null, 'Used');
INSERT INTO `ms_message` VALUES ('68e230780301454fb505e2f31e454d9a', '125', 0x3C703E3132353C2F703E, '5', '62507', '2019-02-15 13:32:37', 'admin', '2019-02-15 13:32:37', 'admin', null, 'Used');
INSERT INTO `ms_message` VALUES ('71d19dfd6da145149a4514b2ea27eb5b', 'qwe', 0x3C703EE8AFB7E997AE3C2F703E, '5', '67505', '2019-02-20 09:02:09', 'admin', '2019-02-20 09:02:09', 'admin', null, 'Used');
INSERT INTO `ms_message` VALUES ('8bc33626d1514cb3a1b3970f1527934f', 'NO-3', 0x3C703E4E4F2D333C696D67207372633D22687474703A2F2F34392E342E35342E3234353A383038302F6173736574732F6D6573736167652F696D6167652F35303264386135333036363934363264396363393562363064623565633432325F312E706E67223E3C2F703E, '5', '27501', '2019-02-13 16:43:04', 'admin', '2019-02-14 08:43:02', 'admin', null, 'Delete');
INSERT INTO `ms_message` VALUES ('b1ddbdc193e44978b27c132f4e04e1df', '124', 0x3C703E3C7374726F6E673EE998BFE696AFE8BEBEE68980E5A49A3132333C2F7374726F6E673E3C2F703E3C703E3C656D3EE998BFE890A8E5BEB73132333C2F656D3E3C2F703E3C703E3C62723E3C2F703E3C703E3C656D3EEFBBBF3C2F656D3E3C696D67207372633D22687474703A2F2F34392E342E35342E3234353A383038302F6173736574732F6D6573736167652F696D6167652F63353366366165613431306334393531383364353637613065343063383434635F31322E6A7067223E3C2F703E, '5', '57501', '2019-02-15 08:34:20', 'admin', '2019-02-15 08:34:21', 'admin', null, 'Used');
INSERT INTO `ms_message` VALUES ('b7f5455267f14a569698084625f311f3', 'a', 0x3C703EE998BFE998BFE696AFE9A1BFE58F91E998BFE890A8E5BEB7E58F91E998BFE890A8E5BEB7E58F91E98081E588B066617364663C2F703E, '5', '65018', '2019-02-15 13:53:56', 'common', '2019-02-15 13:53:56', 'common', null, 'Used');
INSERT INTO `ms_message` VALUES ('c1712691fb964f319449f3a5df16b7cc', '3', '', '5', '35012', '2019-02-14 09:46:22', 'admin', '2019-02-14 09:46:22', 'admin', null, 'Used');
INSERT INTO `ms_message` VALUES ('c2e6f96e6c9e426f872cb2c98162245e', '123', '', '5', '55001', '2019-02-14 16:39:46', 'admin', '2019-02-14 16:39:46', 'admin', null, 'Used');
INSERT INTO `ms_message` VALUES ('ccca754fc88540ad98049eb8d81ec1aa', '127', 0x3C703EE788B1E4B88AE5AFB9E696B93C2F703E, '5', '62531', '2019-02-15 13:34:33', 'admin', '2019-02-15 13:34:33', 'admin', null, 'Used');
INSERT INTO `ms_message` VALUES ('e494cc6f8923415daea1eac19a9c8da7', '129', '', '5', '62553', '2019-02-15 13:34:57', 'admin', '2019-02-15 13:34:57', 'admin', null, 'Used');
INSERT INTO `ms_message` VALUES ('e71f239c71464be28c3c2c97efdf62db', '4', '', '5', '50005', '2019-02-14 13:26:04', 'admin', '2019-02-15 13:32:29', 'admin', null, 'Delete');
INSERT INTO `ms_message` VALUES ('f5a107a5e57547eeb7f22afa13a11dfb', '126', 0x3C703E3132363C2F703E, '5', '62517', '2019-02-15 13:32:51', 'admin', '2019-02-15 13:32:51', 'admin', null, 'Used');

-- ----------------------------
-- Table structure for ms_read
-- ----------------------------
DROP TABLE IF EXISTS `ms_read`;
CREATE TABLE `ms_read` (
  `user_id` varchar(64) COLLATE utf8mb4_bin NOT NULL COMMENT 'ID',
  `message_id` varchar(64) COLLATE utf8mb4_bin NOT NULL COMMENT 'ID',
  `state` varchar(10) COLLATE utf8mb4_bin DEFAULT NULL COMMENT ' Yes No',
  `create_date` timestamp NULL DEFAULT CURRENT_TIMESTAMP COMMENT '',
  `create_by` varchar(64) COLLATE utf8mb4_bin DEFAULT NULL COMMENT '',
  `update_date` timestamp NULL DEFAULT NULL ON UPDATE CURRENT_TIMESTAMP COMMENT '',
  `update_by` varchar(64) COLLATE utf8mb4_bin DEFAULT NULL COMMENT '',
  `remark` varchar(255) COLLATE utf8mb4_bin DEFAULT NULL COMMENT '',
  `delete_flag` varchar(10) COLLATE utf8mb4_bin DEFAULT 'Used' COMMENT 'used disable delete',
  PRIMARY KEY (`user_id`,`message_id`)
) ENGINE=InnoDB DEFAULT CHARSET=utf8mb4 COLLATE=utf8mb4_bin COMMENT='';

-- ----------------------------
-- Records of ms_read
-- ----------------------------
INSERT INTO `ms_read` VALUES ('1', 'b1ddbdc193e44978b27c132f4e04e1df', 'No', '2019-02-15 11:02:21', 'admin', null, null, null, 'Used');
INSERT INTO `ms_read` VALUES ('1', 'c1712691fb964f319449f3a5df16b7cc', 'No', '2019-02-15 13:53:15', 'common', null, null, null, 'Used');
INSERT INTO `ms_read` VALUES ('237f91e6cd1245dbb585f585d3f3b75e', '008b8e7efa204062b8774ecea91dca93', 'No', '2019-02-14 13:27:52', 'admin', null, null, null, 'Used');
INSERT INTO `ms_read` VALUES ('237f91e6cd1245dbb585f585d3f3b75e', '16806956b23a4df0b3f5281afd6dced0', 'No', '2019-02-15 13:53:17', 'common', null, null, null, 'Used');
INSERT INTO `ms_read` VALUES ('237f91e6cd1245dbb585f585d3f3b75e', '230e4b7ad46b431ea76863fb654b4565', 'No', '2019-02-15 13:53:02', 'common', null, null, null, 'Used');
INSERT INTO `ms_read` VALUES ('237f91e6cd1245dbb585f585d3f3b75e', '350324b80fdb4c1db7772f0f5b5f60e0', 'No', '2019-02-15 13:54:23', 'admin', null, null, null, 'Used');
INSERT INTO `ms_read` VALUES ('237f91e6cd1245dbb585f585d3f3b75e', '557a8e5224bf43bfb95fec82c819bb07', 'No', '2019-02-15 13:53:48', 'common', null, null, null, 'Used');
INSERT INTO `ms_read` VALUES ('237f91e6cd1245dbb585f585d3f3b75e', '68e230780301454fb505e2f31e454d9a', 'No', '2019-02-15 13:32:37', 'admin', null, null, null, 'Used');
INSERT INTO `ms_read` VALUES ('237f91e6cd1245dbb585f585d3f3b75e', 'b1ddbdc193e44978b27c132f4e04e1df', 'No', '2019-02-15 11:02:21', 'admin', null, null, null, 'Used');
INSERT INTO `ms_read` VALUES ('237f91e6cd1245dbb585f585d3f3b75e', 'b7f5455267f14a569698084625f311f3', 'No', '2019-02-15 13:53:56', 'common', null, null, null, 'Used');
INSERT INTO `ms_read` VALUES ('237f91e6cd1245dbb585f585d3f3b75e', 'c1712691fb964f319449f3a5df16b7cc', 'No', '2019-02-15 13:53:15', 'common', null, null, null, 'Used');
INSERT INTO `ms_read` VALUES ('237f91e6cd1245dbb585f585d3f3b75e', 'c2e6f96e6c9e426f872cb2c98162245e', 'No', '2019-02-14 16:39:46', 'admin', null, null, null, 'Used');
INSERT INTO `ms_read` VALUES ('237f91e6cd1245dbb585f585d3f3b75e', 'ccca754fc88540ad98049eb8d81ec1aa', 'No', '2019-02-15 13:34:33', 'admin', null, null, null, 'Used');
INSERT INTO `ms_read` VALUES ('237f91e6cd1245dbb585f585d3f3b75e', 'f5a107a5e57547eeb7f22afa13a11dfb', 'No', '2019-02-15 13:32:56', 'admin', null, null, null, 'Used');
INSERT INTO `ms_read` VALUES ('23bae2f290a947ae86e1731dcd2d7988', '008b8e7efa204062b8774ecea91dca93', 'No', '2019-02-14 13:27:52', 'admin', null, null, null, 'Used');
INSERT INTO `ms_read` VALUES ('23bae2f290a947ae86e1731dcd2d7988', '16806956b23a4df0b3f5281afd6dced0', 'No', '2019-02-15 13:53:17', 'common', null, null, null, 'Used');
INSERT INTO `ms_read` VALUES ('23bae2f290a947ae86e1731dcd2d7988', '230e4b7ad46b431ea76863fb654b4565', 'No', '2019-02-15 13:53:02', 'common', null, null, null, 'Used');
INSERT INTO `ms_read` VALUES ('23bae2f290a947ae86e1731dcd2d7988', '350324b80fdb4c1db7772f0f5b5f60e0', 'No', '2019-02-15 13:54:23', 'admin', null, null, null, 'Used');
INSERT INTO `ms_read` VALUES ('23bae2f290a947ae86e1731dcd2d7988', '557a8e5224bf43bfb95fec82c819bb07', 'No', '2019-02-15 13:53:48', 'common', null, null, null, 'Used');
INSERT INTO `ms_read` VALUES ('23bae2f290a947ae86e1731dcd2d7988', '68e230780301454fb505e2f31e454d9a', 'No', '2019-02-15 13:32:37', 'admin', null, null, null, 'Used');
INSERT INTO `ms_read` VALUES ('23bae2f290a947ae86e1731dcd2d7988', 'b1ddbdc193e44978b27c132f4e04e1df', 'No', '2019-02-15 11:02:21', 'admin', null, null, null, 'Used');
INSERT INTO `ms_read` VALUES ('23bae2f290a947ae86e1731dcd2d7988', 'b7f5455267f14a569698084625f311f3', 'No', '2019-02-15 13:53:56', 'common', null, null, null, 'Used');
INSERT INTO `ms_read` VALUES ('23bae2f290a947ae86e1731dcd2d7988', 'c1712691fb964f319449f3a5df16b7cc', 'No', '2019-02-15 13:53:15', 'common', null, null, null, 'Used');
INSERT INTO `ms_read` VALUES ('23bae2f290a947ae86e1731dcd2d7988', 'c2e6f96e6c9e426f872cb2c98162245e', 'No', '2019-02-14 16:39:46', 'admin', null, null, null, 'Used');
INSERT INTO `ms_read` VALUES ('23bae2f290a947ae86e1731dcd2d7988', 'ccca754fc88540ad98049eb8d81ec1aa', 'No', '2019-02-15 13:34:33', 'admin', null, null, null, 'Used');
INSERT INTO `ms_read` VALUES ('23bae2f290a947ae86e1731dcd2d7988', 'f5a107a5e57547eeb7f22afa13a11dfb', 'No', '2019-02-15 13:32:56', 'admin', null, null, null, 'Used');
INSERT INTO `ms_read` VALUES ('36f8103bf41c4098b72d28734c5fb2ed', '008b8e7efa204062b8774ecea91dca93', 'No', '2019-02-14 13:27:52', 'admin', null, null, null, 'Used');
INSERT INTO `ms_read` VALUES ('36f8103bf41c4098b72d28734c5fb2ed', '16806956b23a4df0b3f5281afd6dced0', 'No', '2019-02-15 13:53:17', 'common', null, null, null, 'Used');
INSERT INTO `ms_read` VALUES ('36f8103bf41c4098b72d28734c5fb2ed', '230e4b7ad46b431ea76863fb654b4565', 'No', '2019-02-15 13:53:02', 'common', null, null, null, 'Used');
INSERT INTO `ms_read` VALUES ('36f8103bf41c4098b72d28734c5fb2ed', '350324b80fdb4c1db7772f0f5b5f60e0', 'No', '2019-02-15 13:54:23', 'admin', null, null, null, 'Used');
INSERT INTO `ms_read` VALUES ('36f8103bf41c4098b72d28734c5fb2ed', '557a8e5224bf43bfb95fec82c819bb07', 'No', '2019-02-15 13:53:48', 'common', null, null, null, 'Used');
INSERT INTO `ms_read` VALUES ('36f8103bf41c4098b72d28734c5fb2ed', '68e230780301454fb505e2f31e454d9a', 'No', '2019-02-15 13:32:37', 'admin', null, null, null, 'Used');
INSERT INTO `ms_read` VALUES ('36f8103bf41c4098b72d28734c5fb2ed', 'b1ddbdc193e44978b27c132f4e04e1df', 'No', '2019-02-15 11:02:21', 'admin', null, null, null, 'Used');
INSERT INTO `ms_read` VALUES ('36f8103bf41c4098b72d28734c5fb2ed', 'b7f5455267f14a569698084625f311f3', 'No', '2019-02-15 13:53:56', 'common', null, null, null, 'Used');
INSERT INTO `ms_read` VALUES ('36f8103bf41c4098b72d28734c5fb2ed', 'c1712691fb964f319449f3a5df16b7cc', 'No', '2019-02-15 13:53:15', 'common', null, null, null, 'Used');
INSERT INTO `ms_read` VALUES ('36f8103bf41c4098b72d28734c5fb2ed', 'c2e6f96e6c9e426f872cb2c98162245e', 'No', '2019-02-14 16:39:46', 'admin', null, null, null, 'Used');
INSERT INTO `ms_read` VALUES ('36f8103bf41c4098b72d28734c5fb2ed', 'ccca754fc88540ad98049eb8d81ec1aa', 'No', '2019-02-15 13:34:33', 'admin', null, null, null, 'Used');
INSERT INTO `ms_read` VALUES ('36f8103bf41c4098b72d28734c5fb2ed', 'f5a107a5e57547eeb7f22afa13a11dfb', 'No', '2019-02-15 13:32:56', 'admin', null, null, null, 'Used');
INSERT INTO `ms_read` VALUES ('514122a8c3944f10b245399aafc8978d', '008b8e7efa204062b8774ecea91dca93', 'No', '2019-02-14 13:27:52', 'admin', null, null, null, 'Used');
INSERT INTO `ms_read` VALUES ('514122a8c3944f10b245399aafc8978d', '16806956b23a4df0b3f5281afd6dced0', 'No', '2019-02-15 13:53:17', 'common', null, null, null, 'Used');
INSERT INTO `ms_read` VALUES ('514122a8c3944f10b245399aafc8978d', '230e4b7ad46b431ea76863fb654b4565', 'No', '2019-02-15 13:53:02', 'common', null, null, null, 'Used');
INSERT INTO `ms_read` VALUES ('514122a8c3944f10b245399aafc8978d', '350324b80fdb4c1db7772f0f5b5f60e0', 'No', '2019-02-15 13:54:23', 'admin', null, null, null, 'Used');
INSERT INTO `ms_read` VALUES ('514122a8c3944f10b245399aafc8978d', '557a8e5224bf43bfb95fec82c819bb07', 'No', '2019-02-15 13:53:48', 'common', null, null, null, 'Used');
INSERT INTO `ms_read` VALUES ('514122a8c3944f10b245399aafc8978d', '68e230780301454fb505e2f31e454d9a', 'No', '2019-02-15 13:32:37', 'admin', null, null, null, 'Used');
INSERT INTO `ms_read` VALUES ('514122a8c3944f10b245399aafc8978d', 'b1ddbdc193e44978b27c132f4e04e1df', 'No', '2019-02-15 11:02:21', 'admin', null, null, null, 'Used');
INSERT INTO `ms_read` VALUES ('514122a8c3944f10b245399aafc8978d', 'b7f5455267f14a569698084625f311f3', 'No', '2019-02-15 13:53:56', 'common', null, null, null, 'Used');
INSERT INTO `ms_read` VALUES ('514122a8c3944f10b245399aafc8978d', 'c1712691fb964f319449f3a5df16b7cc', 'No', '2019-02-15 13:53:15', 'common', null, null, null, 'Used');
INSERT INTO `ms_read` VALUES ('514122a8c3944f10b245399aafc8978d', 'c2e6f96e6c9e426f872cb2c98162245e', 'No', '2019-02-14 16:39:46', 'admin', null, null, null, 'Used');
INSERT INTO `ms_read` VALUES ('514122a8c3944f10b245399aafc8978d', 'ccca754fc88540ad98049eb8d81ec1aa', 'No', '2019-02-15 13:34:33', 'admin', null, null, null, 'Used');
INSERT INTO `ms_read` VALUES ('514122a8c3944f10b245399aafc8978d', 'f5a107a5e57547eeb7f22afa13a11dfb', 'No', '2019-02-15 13:32:56', 'admin', null, null, null, 'Used');
INSERT INTO `ms_read` VALUES ('5b0048391d5e497398d363cbad1a21eb', '008b8e7efa204062b8774ecea91dca93', 'No', '2019-02-14 13:27:52', 'admin', null, null, null, 'Used');
INSERT INTO `ms_read` VALUES ('5b0048391d5e497398d363cbad1a21eb', '16806956b23a4df0b3f5281afd6dced0', 'No', '2019-02-15 13:53:17', 'common', null, null, null, 'Used');
INSERT INTO `ms_read` VALUES ('5b0048391d5e497398d363cbad1a21eb', '230e4b7ad46b431ea76863fb654b4565', 'No', '2019-02-15 13:53:02', 'common', null, null, null, 'Used');
INSERT INTO `ms_read` VALUES ('5b0048391d5e497398d363cbad1a21eb', '350324b80fdb4c1db7772f0f5b5f60e0', 'No', '2019-02-15 13:54:23', 'admin', null, null, null, 'Used');
INSERT INTO `ms_read` VALUES ('5b0048391d5e497398d363cbad1a21eb', '557a8e5224bf43bfb95fec82c819bb07', 'No', '2019-02-15 13:53:48', 'common', null, null, null, 'Used');
INSERT INTO `ms_read` VALUES ('5b0048391d5e497398d363cbad1a21eb', '68e230780301454fb505e2f31e454d9a', 'No', '2019-02-15 13:32:37', 'admin', null, null, null, 'Used');
INSERT INTO `ms_read` VALUES ('5b0048391d5e497398d363cbad1a21eb', 'b1ddbdc193e44978b27c132f4e04e1df', 'No', '2019-02-15 11:02:21', 'admin', null, null, null, 'Used');
INSERT INTO `ms_read` VALUES ('5b0048391d5e497398d363cbad1a21eb', 'b7f5455267f14a569698084625f311f3', 'No', '2019-02-15 13:53:56', 'common', null, null, null, 'Used');
INSERT INTO `ms_read` VALUES ('5b0048391d5e497398d363cbad1a21eb', 'c1712691fb964f319449f3a5df16b7cc', 'No', '2019-02-15 13:53:15', 'common', null, null, null, 'Used');
INSERT INTO `ms_read` VALUES ('5b0048391d5e497398d363cbad1a21eb', 'c2e6f96e6c9e426f872cb2c98162245e', 'No', '2019-02-14 16:39:46', 'admin', null, null, null, 'Used');
INSERT INTO `ms_read` VALUES ('5b0048391d5e497398d363cbad1a21eb', 'ccca754fc88540ad98049eb8d81ec1aa', 'No', '2019-02-15 13:34:33', 'admin', null, null, null, 'Used');
INSERT INTO `ms_read` VALUES ('5b0048391d5e497398d363cbad1a21eb', 'f5a107a5e57547eeb7f22afa13a11dfb', 'No', '2019-02-15 13:32:56', 'admin', null, null, null, 'Used');
INSERT INTO `ms_read` VALUES ('6e2d55ca9b604e01b17b03c4fd7821d0', '008b8e7efa204062b8774ecea91dca93', 'No', '2019-02-14 13:27:52', 'admin', null, null, null, 'Used');
INSERT INTO `ms_read` VALUES ('6e2d55ca9b604e01b17b03c4fd7821d0', '16806956b23a4df0b3f5281afd6dced0', 'No', '2019-02-15 13:53:17', 'common', null, null, null, 'Used');
INSERT INTO `ms_read` VALUES ('6e2d55ca9b604e01b17b03c4fd7821d0', '230e4b7ad46b431ea76863fb654b4565', 'No', '2019-02-15 13:53:02', 'common', null, null, null, 'Used');
INSERT INTO `ms_read` VALUES ('6e2d55ca9b604e01b17b03c4fd7821d0', '350324b80fdb4c1db7772f0f5b5f60e0', 'No', '2019-02-15 13:54:23', 'admin', null, null, null, 'Used');
INSERT INTO `ms_read` VALUES ('6e2d55ca9b604e01b17b03c4fd7821d0', '557a8e5224bf43bfb95fec82c819bb07', 'No', '2019-02-15 13:53:48', 'common', null, null, null, 'Used');
INSERT INTO `ms_read` VALUES ('6e2d55ca9b604e01b17b03c4fd7821d0', '68e230780301454fb505e2f31e454d9a', 'No', '2019-02-15 13:32:37', 'admin', null, null, null, 'Used');
INSERT INTO `ms_read` VALUES ('6e2d55ca9b604e01b17b03c4fd7821d0', 'b1ddbdc193e44978b27c132f4e04e1df', 'No', '2019-02-15 11:02:21', 'admin', null, null, null, 'Used');
INSERT INTO `ms_read` VALUES ('6e2d55ca9b604e01b17b03c4fd7821d0', 'b7f5455267f14a569698084625f311f3', 'No', '2019-02-15 13:53:56', 'common', null, null, null, 'Used');
INSERT INTO `ms_read` VALUES ('6e2d55ca9b604e01b17b03c4fd7821d0', 'c1712691fb964f319449f3a5df16b7cc', 'No', '2019-02-15 13:53:15', 'common', null, null, null, 'Used');
INSERT INTO `ms_read` VALUES ('6e2d55ca9b604e01b17b03c4fd7821d0', 'c2e6f96e6c9e426f872cb2c98162245e', 'No', '2019-02-14 16:39:46', 'admin', null, null, null, 'Used');
INSERT INTO `ms_read` VALUES ('6e2d55ca9b604e01b17b03c4fd7821d0', 'ccca754fc88540ad98049eb8d81ec1aa', 'No', '2019-02-15 13:34:33', 'admin', null, null, null, 'Used');
INSERT INTO `ms_read` VALUES ('6e2d55ca9b604e01b17b03c4fd7821d0', 'f5a107a5e57547eeb7f22afa13a11dfb', 'No', '2019-02-15 13:32:56', 'admin', null, null, null, 'Used');
INSERT INTO `ms_read` VALUES ('94492b8bd0d74afb9c1af5c8fc36d57e', '008b8e7efa204062b8774ecea91dca93', 'No', '2019-02-14 13:27:52', 'admin', null, null, null, 'Used');
INSERT INTO `ms_read` VALUES ('94492b8bd0d74afb9c1af5c8fc36d57e', '16806956b23a4df0b3f5281afd6dced0', 'No', '2019-02-15 13:53:17', 'common', null, null, null, 'Used');
INSERT INTO `ms_read` VALUES ('94492b8bd0d74afb9c1af5c8fc36d57e', '230e4b7ad46b431ea76863fb654b4565', 'No', '2019-02-15 13:53:02', 'common', null, null, null, 'Used');
INSERT INTO `ms_read` VALUES ('94492b8bd0d74afb9c1af5c8fc36d57e', '350324b80fdb4c1db7772f0f5b5f60e0', 'No', '2019-02-15 13:54:23', 'admin', null, null, null, 'Used');
INSERT INTO `ms_read` VALUES ('94492b8bd0d74afb9c1af5c8fc36d57e', '557a8e5224bf43bfb95fec82c819bb07', 'No', '2019-02-15 13:53:48', 'common', null, null, null, 'Used');
INSERT INTO `ms_read` VALUES ('94492b8bd0d74afb9c1af5c8fc36d57e', '68e230780301454fb505e2f31e454d9a', 'No', '2019-02-15 13:32:37', 'admin', null, null, null, 'Used');
INSERT INTO `ms_read` VALUES ('94492b8bd0d74afb9c1af5c8fc36d57e', 'b1ddbdc193e44978b27c132f4e04e1df', 'No', '2019-02-15 11:02:21', 'admin', null, null, null, 'Used');
INSERT INTO `ms_read` VALUES ('94492b8bd0d74afb9c1af5c8fc36d57e', 'b7f5455267f14a569698084625f311f3', 'No', '2019-02-15 13:53:56', 'common', null, null, null, 'Used');
INSERT INTO `ms_read` VALUES ('94492b8bd0d74afb9c1af5c8fc36d57e', 'c1712691fb964f319449f3a5df16b7cc', 'No', '2019-02-15 13:53:15', 'common', null, null, null, 'Used');
INSERT INTO `ms_read` VALUES ('94492b8bd0d74afb9c1af5c8fc36d57e', 'c2e6f96e6c9e426f872cb2c98162245e', 'No', '2019-02-14 16:39:46', 'admin', null, null, null, 'Used');
INSERT INTO `ms_read` VALUES ('94492b8bd0d74afb9c1af5c8fc36d57e', 'ccca754fc88540ad98049eb8d81ec1aa', 'No', '2019-02-15 13:34:33', 'admin', null, null, null, 'Used');
INSERT INTO `ms_read` VALUES ('94492b8bd0d74afb9c1af5c8fc36d57e', 'f5a107a5e57547eeb7f22afa13a11dfb', 'No', '2019-02-15 13:32:56', 'admin', null, null, null, 'Used');
INSERT INTO `ms_read` VALUES ('94d8f27841bf40fb942c8d865ba0e002', '008b8e7efa204062b8774ecea91dca93', 'No', '2019-02-14 13:27:52', 'admin', null, null, null, 'Used');
INSERT INTO `ms_read` VALUES ('94d8f27841bf40fb942c8d865ba0e002', '16806956b23a4df0b3f5281afd6dced0', 'No', '2019-02-15 13:53:17', 'common', null, null, null, 'Used');
INSERT INTO `ms_read` VALUES ('94d8f27841bf40fb942c8d865ba0e002', '230e4b7ad46b431ea76863fb654b4565', 'No', '2019-02-15 13:53:02', 'common', null, null, null, 'Used');
INSERT INTO `ms_read` VALUES ('94d8f27841bf40fb942c8d865ba0e002', '350324b80fdb4c1db7772f0f5b5f60e0', 'No', '2019-02-15 13:54:23', 'admin', null, null, null, 'Used');
INSERT INTO `ms_read` VALUES ('94d8f27841bf40fb942c8d865ba0e002', '557a8e5224bf43bfb95fec82c819bb07', 'No', '2019-02-15 13:53:48', 'common', null, null, null, 'Used');
INSERT INTO `ms_read` VALUES ('94d8f27841bf40fb942c8d865ba0e002', '68e230780301454fb505e2f31e454d9a', 'No', '2019-02-15 13:32:37', 'admin', null, null, null, 'Used');
INSERT INTO `ms_read` VALUES ('94d8f27841bf40fb942c8d865ba0e002', 'b1ddbdc193e44978b27c132f4e04e1df', 'No', '2019-02-15 11:02:21', 'admin', null, null, null, 'Used');
INSERT INTO `ms_read` VALUES ('94d8f27841bf40fb942c8d865ba0e002', 'b7f5455267f14a569698084625f311f3', 'No', '2019-02-15 13:53:56', 'common', null, null, null, 'Used');
INSERT INTO `ms_read` VALUES ('94d8f27841bf40fb942c8d865ba0e002', 'c1712691fb964f319449f3a5df16b7cc', 'No', '2019-02-15 13:53:15', 'common', null, null, null, 'Used');
INSERT INTO `ms_read` VALUES ('94d8f27841bf40fb942c8d865ba0e002', 'c2e6f96e6c9e426f872cb2c98162245e', 'No', '2019-02-14 16:39:46', 'admin', null, null, null, 'Used');
INSERT INTO `ms_read` VALUES ('94d8f27841bf40fb942c8d865ba0e002', 'ccca754fc88540ad98049eb8d81ec1aa', 'No', '2019-02-15 13:34:33', 'admin', null, null, null, 'Used');
INSERT INTO `ms_read` VALUES ('94d8f27841bf40fb942c8d865ba0e002', 'f5a107a5e57547eeb7f22afa13a11dfb', 'No', '2019-02-15 13:32:56', 'admin', null, null, null, 'Used');
INSERT INTO `ms_read` VALUES ('d78b19eecc524d5a8ee39126471a92dd', '008b8e7efa204062b8774ecea91dca93', 'No', '2019-02-14 13:27:52', 'admin', null, null, null, 'Used');
INSERT INTO `ms_read` VALUES ('d78b19eecc524d5a8ee39126471a92dd', '16806956b23a4df0b3f5281afd6dced0', 'No', '2019-02-15 13:53:17', 'common', null, null, null, 'Used');
INSERT INTO `ms_read` VALUES ('d78b19eecc524d5a8ee39126471a92dd', '230e4b7ad46b431ea76863fb654b4565', 'No', '2019-02-15 13:53:02', 'common', null, null, null, 'Used');
INSERT INTO `ms_read` VALUES ('d78b19eecc524d5a8ee39126471a92dd', '350324b80fdb4c1db7772f0f5b5f60e0', 'No', '2019-02-15 13:54:23', 'admin', null, null, null, 'Used');
INSERT INTO `ms_read` VALUES ('d78b19eecc524d5a8ee39126471a92dd', '557a8e5224bf43bfb95fec82c819bb07', 'No', '2019-02-15 13:53:48', 'common', null, null, null, 'Used');
INSERT INTO `ms_read` VALUES ('d78b19eecc524d5a8ee39126471a92dd', '68e230780301454fb505e2f31e454d9a', 'No', '2019-02-15 13:32:37', 'admin', null, null, null, 'Used');
INSERT INTO `ms_read` VALUES ('d78b19eecc524d5a8ee39126471a92dd', 'b1ddbdc193e44978b27c132f4e04e1df', 'No', '2019-02-15 11:02:21', 'admin', null, null, null, 'Used');
INSERT INTO `ms_read` VALUES ('d78b19eecc524d5a8ee39126471a92dd', 'b7f5455267f14a569698084625f311f3', 'No', '2019-02-15 13:53:56', 'common', null, null, null, 'Used');
INSERT INTO `ms_read` VALUES ('d78b19eecc524d5a8ee39126471a92dd', 'c1712691fb964f319449f3a5df16b7cc', 'No', '2019-02-15 13:53:15', 'common', null, null, null, 'Used');
INSERT INTO `ms_read` VALUES ('d78b19eecc524d5a8ee39126471a92dd', 'c2e6f96e6c9e426f872cb2c98162245e', 'No', '2019-02-14 16:39:46', 'admin', null, null, null, 'Used');
INSERT INTO `ms_read` VALUES ('d78b19eecc524d5a8ee39126471a92dd', 'ccca754fc88540ad98049eb8d81ec1aa', 'No', '2019-02-15 13:34:33', 'admin', null, null, null, 'Used');
INSERT INTO `ms_read` VALUES ('d78b19eecc524d5a8ee39126471a92dd', 'f5a107a5e57547eeb7f22afa13a11dfb', 'No', '2019-02-15 13:32:56', 'admin', null, null, null, 'Used');
INSERT INTO `ms_read` VALUES ('d8c3368d55d8414cab00bafb5d733aca', '008b8e7efa204062b8774ecea91dca93', 'No', '2019-02-14 13:27:52', 'admin', null, null, null, 'Used');
INSERT INTO `ms_read` VALUES ('d8c3368d55d8414cab00bafb5d733aca', '16806956b23a4df0b3f5281afd6dced0', 'No', '2019-02-15 13:53:17', 'common', null, null, null, 'Used');
INSERT INTO `ms_read` VALUES ('d8c3368d55d8414cab00bafb5d733aca', '230e4b7ad46b431ea76863fb654b4565', 'No', '2019-02-15 13:53:02', 'common', null, null, null, 'Used');
INSERT INTO `ms_read` VALUES ('d8c3368d55d8414cab00bafb5d733aca', '350324b80fdb4c1db7772f0f5b5f60e0', 'No', '2019-02-15 13:54:23', 'admin', null, null, null, 'Used');
INSERT INTO `ms_read` VALUES ('d8c3368d55d8414cab00bafb5d733aca', '557a8e5224bf43bfb95fec82c819bb07', 'No', '2019-02-15 13:53:48', 'common', null, null, null, 'Used');
INSERT INTO `ms_read` VALUES ('d8c3368d55d8414cab00bafb5d733aca', '68e230780301454fb505e2f31e454d9a', 'No', '2019-02-15 13:32:37', 'admin', null, null, null, 'Used');
INSERT INTO `ms_read` VALUES ('d8c3368d55d8414cab00bafb5d733aca', 'b1ddbdc193e44978b27c132f4e04e1df', 'No', '2019-02-15 11:02:21', 'admin', null, null, null, 'Used');
INSERT INTO `ms_read` VALUES ('d8c3368d55d8414cab00bafb5d733aca', 'c1712691fb964f319449f3a5df16b7cc', 'No', '2019-02-15 13:53:15', 'common', null, null, null, 'Used');
INSERT INTO `ms_read` VALUES ('d8c3368d55d8414cab00bafb5d733aca', 'c2e6f96e6c9e426f872cb2c98162245e', 'No', '2019-02-14 16:39:46', 'admin', null, null, null, 'Used');
INSERT INTO `ms_read` VALUES ('d8c3368d55d8414cab00bafb5d733aca', 'ccca754fc88540ad98049eb8d81ec1aa', 'No', '2019-02-15 13:34:33', 'admin', null, null, null, 'Used');
INSERT INTO `ms_read` VALUES ('d8c3368d55d8414cab00bafb5d733aca', 'f5a107a5e57547eeb7f22afa13a11dfb', 'No', '2019-02-15 13:32:56', 'admin', null, null, null, 'Used');

-- ----------------------------
-- Table structure for sys_button
-- ----------------------------
DROP TABLE IF EXISTS `sys_button`;
CREATE TABLE `sys_button` (
  `id` varchar(64) NOT NULL COMMENT 'ID',
  `name` varchar(255) CHARACTER SET utf8mb4 COLLATE utf8mb4_bin DEFAULT NULL COMMENT '',
  `permission` varchar(32) CHARACTER SET utf8mb4 COLLATE utf8mb4_bin DEFAULT NULL COMMENT '',
  `url` varchar(128) CHARACTER SET utf8mb4 COLLATE utf8mb4_bin DEFAULT NULL COMMENT '',
  `method` varchar(32) CHARACTER SET utf8mb4 COLLATE utf8mb4_bin DEFAULT NULL COMMENT ' GetPostPutDelete',
  `create_date` timestamp NULL DEFAULT CURRENT_TIMESTAMP COMMENT '',
  `create_by` varchar(64) CHARACTER SET utf8mb4 COLLATE utf8mb4_bin DEFAULT NULL COMMENT '',
  `update_date` timestamp NULL DEFAULT NULL ON UPDATE CURRENT_TIMESTAMP COMMENT '',
  `update_by` varchar(64) CHARACTER SET utf8mb4 COLLATE utf8mb4_bin DEFAULT NULL COMMENT '',
  `remark` varchar(255) CHARACTER SET utf8mb4 COLLATE utf8mb4_bin DEFAULT NULL COMMENT '',
  `delete_flag` varchar(10) CHARACTER SET utf8mb4 COLLATE utf8mb4_bin DEFAULT 'Used' COMMENT 'used disable delete',
  PRIMARY KEY (`id`)
) ENGINE=InnoDB DEFAULT CHARSET=utf8 COMMENT='';

-- ----------------------------
-- Records of sys_button
-- ----------------------------
INSERT INTO `sys_button` VALUES ('03aca5c317bc4e19816f95089ae907f3', 'Delete', '', '/ms/**', 'Delete', '2019-01-29 14:26:49', 'admin', null, null, null, 'Used');
INSERT INTO `sys_button` VALUES ('0c4fba7e8aba4e27b0e7a6f6599363d9', 'ieg-post', '', '/ieg/**', 'Post', '2019-03-24 11:48:51', 'admin', '2019-03-24 11:49:06', 'admin', null, 'Used');
INSERT INTO `sys_button` VALUES ('1bfbac06c98e45d8bfffb40f7b4aae28', '', 'ieg_school_delete', '/ieg/**', 'Get', '2019-04-11 20:08:48', 'ieg', '2019-04-11 20:08:58', 'ieg', null, 'Used');
INSERT INTO `sys_button` VALUES ('241846af380e4cc0bd6b4817565c5a9a', 'sys_get', 'sys_user_get', '/sys/**', 'Get', '2019-01-09 13:50:42', 'admin_test', '2019-01-17 11:31:17', 'admin_test', null, 'Used');
INSERT INTO `sys_button` VALUES ('39444f220fcd414184901a6354775e60', '', 'ieg_school_raise', '/ieg/**', 'Get', '2019-04-11 20:08:04', 'ieg', null, null, null, 'Used');
INSERT INTO `sys_button` VALUES ('5af77dfa167645e4a31faaf501532fdc', 'sys_post', 'sys_user_post', '/sys/**', 'Post', '2019-01-09 13:50:29', 'admin_test', '2019-01-17 11:31:19', 'admin_test', null, 'Used');
INSERT INTO `sys_button` VALUES ('73fb308d5eda4614b36333e0723cad0c', 'Get', '', '/ms/**', 'Get', '2019-01-29 14:26:30', 'admin', null, null, null, 'Used');
INSERT INTO `sys_button` VALUES ('7cbfce77cbd6422aa81dad33ff91ab9e', 'ieg-get', '', '/ieg/**', 'Get', '2019-03-24 11:49:20', 'admin', '2019-03-24 11:49:59', 'admin', null, 'Used');
INSERT INTO `sys_button` VALUES ('95ea2fa6656d439382f8e42e6a926ced', 'sys_put', 'sys_user_put', '/sys/**', 'Put', '2019-01-09 13:50:54', 'admin_test', '2019-01-17 11:31:21', 'admin_test', null, 'Used');
INSERT INTO `sys_button` VALUES ('abee88b1a8ee4427a2b377ab63f75d8f', 'ieg-delete', '', '/ieg/**', 'Delete', '2019-03-24 11:49:47', 'admin', null, null, null, 'Used');
INSERT INTO `sys_button` VALUES ('ade005be6b4e420d9e899284b3869dc2', 'sys_delete', 'sys_user_delete', '/sys/**', 'Delete', '2019-01-09 13:51:04', 'admin_test', '2019-01-17 11:31:23', 'admin_test', null, 'Used');
INSERT INTO `sys_button` VALUES ('cf800ae3d06c4723966963f7c7fd4ea9', 'ieg-put', '', '/ieg/**', 'Put', '2019-03-24 11:49:36', 'admin', null, null, null, 'Used');
INSERT INTO `sys_button` VALUES ('f14184d9c6b540799385b47b3ba9bb45', 'put', '', '/ms/**', 'Put', '2019-01-29 14:26:42', 'admin', null, null, null, 'Used');
INSERT INTO `sys_button` VALUES ('ff4f80b7700f43cdb0b2f6cf168c75cf', 'Post', '', '/ms/**', 'Post', '2019-01-29 14:26:37', 'admin', null, null, null, 'Used');

-- ----------------------------
-- Table structure for sys_data_scope
-- ----------------------------
DROP TABLE IF EXISTS `sys_data_scope`;
CREATE TABLE `sys_data_scope` (
  `id` varchar(64) COLLATE utf8mb4_bin NOT NULL COMMENT 'ID',
  `name` varchar(255) COLLATE utf8mb4_bin DEFAULT NULL COMMENT '',
  `url` varchar(255) COLLATE utf8mb4_bin DEFAULT NULL COMMENT '',
  `create_date` timestamp NULL DEFAULT CURRENT_TIMESTAMP COMMENT '',
  `create_by` varchar(64) COLLATE utf8mb4_bin DEFAULT NULL COMMENT '',
  `update_date` timestamp NULL DEFAULT NULL ON UPDATE CURRENT_TIMESTAMP COMMENT '',
  `update_by` varchar(64) COLLATE utf8mb4_bin DEFAULT NULL COMMENT '',
  `remark` varchar(255) COLLATE utf8mb4_bin DEFAULT NULL COMMENT '',
  `delete_flag` varchar(10) COLLATE utf8mb4_bin DEFAULT 'Used' COMMENT 'used disable delete',
  PRIMARY KEY (`id`)
) ENGINE=InnoDB DEFAULT CHARSET=utf8mb4 COLLATE=utf8mb4_bin ROW_FORMAT=DYNAMIC COMMENT='';

-- ----------------------------
-- Records of sys_data_scope
-- ----------------------------
INSERT INTO `sys_data_scope` VALUES ('42a223f0b63f45389efe3de35316ab74', '1', '/test/1', '2019-03-21 09:23:30', 'admin', '2019-03-21 09:48:17', null, null, 'Delete');
INSERT INTO `sys_data_scope` VALUES ('56438939808846faafebfc6137bf2e64', '3', '3', '2019-03-21 09:55:05', 'admin', '2019-03-22 21:55:37', null, null, 'Delete');
INSERT INTO `sys_data_scope` VALUES ('7d2afda9736c4809a8e9b4c195a66958', '1', '12', '2019-03-21 09:54:13', 'admin', '2019-03-21 09:54:22', 'admin', null, 'Delete');
INSERT INTO `sys_data_scope` VALUES ('899b595d3e294773ad6d1f049166a395', '1', '1', '2019-03-21 09:54:57', 'admin', '2019-03-21 13:38:50', null, null, 'Delete');
INSERT INTO `sys_data_scope` VALUES ('9c800529e4da41c9a3231ccbfc1130c6', '2', '2', '2019-03-21 09:55:02', 'admin', '2019-03-22 21:55:34', null, null, 'Delete');
INSERT INTO `sys_data_scope` VALUES ('a2db7e2bb7044bd1b4fd2d90ffe7d9c3', '4', '4', '2019-03-21 09:55:08', 'admin', '2019-03-22 21:55:32', null, null, 'Delete');
INSERT INTO `sys_data_scope` VALUES ('df27d7c4ac3541e49a8a4ca5fc8c4b2d', 'test', 'test', '2019-03-22 22:02:17', 'common2', null, null, null, 'Used');
INSERT INTO `sys_data_scope` VALUES ('f5faf776f6474e02b2a4081ae1c4f67a', '', '/sys/data/scope/list', '2019-03-21 08:54:33', 'admin', '2019-03-22 20:37:36', 'admin', null, 'Used');

-- ----------------------------
-- Table structure for sys_data_scope_rule
-- ----------------------------
DROP TABLE IF EXISTS `sys_data_scope_rule`;
CREATE TABLE `sys_data_scope_rule` (
  `id` varchar(64) COLLATE utf8mb4_bin NOT NULL COMMENT 'ID',
  `scope_id` varchar(64) COLLATE utf8mb4_bin NOT NULL COMMENT 'ID',
  `name` varchar(255) COLLATE utf8mb4_bin DEFAULT NULL COMMENT '',
  `sql_segment` varchar(1024) COLLATE utf8mb4_bin DEFAULT NULL COMMENT 'sql',
  `create_date` timestamp NULL DEFAULT CURRENT_TIMESTAMP COMMENT '',
  `create_by` varchar(64) COLLATE utf8mb4_bin DEFAULT NULL COMMENT '',
  `update_date` timestamp NULL DEFAULT NULL ON UPDATE CURRENT_TIMESTAMP COMMENT '',
  `update_by` varchar(64) COLLATE utf8mb4_bin DEFAULT NULL COMMENT '',
  `remark` varchar(255) COLLATE utf8mb4_bin DEFAULT NULL COMMENT '',
  `delete_flag` varchar(10) COLLATE utf8mb4_bin DEFAULT 'Used' COMMENT 'used disable delete',
  PRIMARY KEY (`id`)
) ENGINE=InnoDB DEFAULT CHARSET=utf8mb4 COLLATE=utf8mb4_bin ROW_FORMAT=DYNAMIC COMMENT='';

-- ----------------------------
-- Records of sys_data_scope_rule
-- ----------------------------
INSERT INTO `sys_data_scope_rule` VALUES ('155cdbd5e6cd4457958fec98705fc846', '9c800529e4da41c9a3231ccbfc1130c6', '2-1', '2-1', '2019-03-21 13:03:10', 'admin', '2019-03-22 21:55:34', null, null, 'Delete');
INSERT INTO `sys_data_scope_rule` VALUES ('3a962916a13546278993134788446490', '899b595d3e294773ad6d1f049166a395', '1-1', '1-1-1', '2019-03-21 11:18:13', 'admin', '2019-03-21 13:38:50', 'admin', null, 'Delete');
INSERT INTO `sys_data_scope_rule` VALUES ('61b53f14df564436a06ada2531e8c954', 'a2db7e2bb7044bd1b4fd2d90ffe7d9c3', '4-1', '4-1', '2019-03-21 15:02:36', 'admin', '2019-03-22 21:55:32', null, null, 'Delete');
INSERT INTO `sys_data_scope_rule` VALUES ('63941b58cdbe497bb953f2eb3c71b68b', '899b595d3e294773ad6d1f049166a395', '1-2', '1-2', '2019-03-21 13:15:10', 'admin', '2019-03-21 13:38:50', null, null, 'Delete');
INSERT INTO `sys_data_scope_rule` VALUES ('6f5e85677caf40aba4e4fe8cbbb072db', 'f5faf776f6474e02b2a4081ae1c4f67a', '', 'desc', '2019-03-21 15:03:38', 'admin', '2019-03-22 22:02:01', 'common2', null, 'Used');
INSERT INTO `sys_data_scope_rule` VALUES ('86cc57eb6b654196a75a04fbe4abae48', 'a2db7e2bb7044bd1b4fd2d90ffe7d9c3', '4-2', '4-2', '2019-03-21 15:02:42', 'admin', '2019-03-22 21:55:32', null, null, 'Delete');
INSERT INTO `sys_data_scope_rule` VALUES ('9b62b62774d047998a5bb5bbb7226b28', '56438939808846faafebfc6137bf2e64', '3-1', '3-1', '2019-03-21 15:02:21', 'admin', '2019-03-22 21:55:37', null, null, 'Delete');
INSERT INTO `sys_data_scope_rule` VALUES ('c610ad834fdc4fd8a0bffdfa1345cff9', '56438939808846faafebfc6137bf2e64', '3-2', '3-2', '2019-03-21 15:02:26', 'admin', '2019-03-22 21:55:37', null, null, 'Delete');
INSERT INTO `sys_data_scope_rule` VALUES ('cef5f754102149d2b13e71c6f1521d51', 'f5faf776f6474e02b2a4081ae1c4f67a', '', 'asc', '2019-03-21 15:03:13', 'admin', '2019-03-22 22:02:07', 'common2', null, 'Used');

-- ----------------------------
-- Table structure for sys_dept
-- ----------------------------
DROP TABLE IF EXISTS `sys_dept`;
CREATE TABLE `sys_dept` (
  `id` varchar(64) COLLATE utf8mb4_bin NOT NULL COMMENT 'ID',
  `parent_id` varchar(64) COLLATE utf8mb4_bin DEFAULT NULL COMMENT 'ID,null',
  `name` varchar(64) COLLATE utf8mb4_bin NOT NULL COMMENT '',
  `code` varchar(64) COLLATE utf8mb4_bin NOT NULL COMMENT '',
  `sort` int(11) DEFAULT NULL COMMENT '',
  `create_date` timestamp NULL DEFAULT CURRENT_TIMESTAMP COMMENT '',
  `create_by` varchar(64) COLLATE utf8mb4_bin DEFAULT NULL COMMENT '',
  `update_date` timestamp NULL DEFAULT NULL ON UPDATE CURRENT_TIMESTAMP COMMENT '',
  `update_by` varchar(64) COLLATE utf8mb4_bin DEFAULT NULL COMMENT '',
  `remark` varchar(255) COLLATE utf8mb4_bin DEFAULT NULL COMMENT '',
  `delete_flag` varchar(10) COLLATE utf8mb4_bin DEFAULT 'Used' COMMENT 'used disable delete',
  PRIMARY KEY (`id`)
) ENGINE=InnoDB DEFAULT CHARSET=utf8mb4 COLLATE=utf8mb4_bin COMMENT='';

-- ----------------------------
-- Records of sys_dept
-- ----------------------------
INSERT INTO `sys_dept` VALUES ('052bc1e6bc20416dba6a47ea8cd26fa8', '50f2a61a8321423aa6534d36aa2dafb6', '', '002', '10', '2019-01-09 11:03:54', 'admin', '2019-01-09 11:06:44', 'admin', null, 'Used');
INSERT INTO `sys_dept` VALUES ('212b1467fb53491a9b80f7f689d4f435', '50f2a61a8321423aa6534d36aa2dafb6', '', '009', '40', '2019-01-18 13:42:19', 'admin_test', '2019-02-28 15:19:36', 'admin', null, 'Used');
INSERT INTO `sys_dept` VALUES ('2ccf9e01fb194b72bee71008fc8d3b1e', '5020de4a820c4be1bef0144836b26544', '', '020', '33', '2019-01-18 13:43:21', 'admin_test', '2019-02-28 15:20:08', 'admin', null, 'Used');
INSERT INTO `sys_dept` VALUES ('40b09f534fd644f793ecdcf9a243abfe', '5020de4a820c4be1bef0144836b26544', '', '005', '31', '2019-01-09 11:04:37', 'admin', '2019-01-09 11:06:45', 'admin', null, 'Used');
INSERT INTO `sys_dept` VALUES ('5020de4a820c4be1bef0144836b26544', '50f2a61a8321423aa6534d36aa2dafb6', '', '004', '30', '2019-01-09 11:04:24', 'admin', '2019-01-09 11:06:45', 'admin', null, 'Used');
INSERT INTO `sys_dept` VALUES ('50f2a61a8321423aa6534d36aa2dafb6', null, 'xxx', '001', '1', '2019-01-09 11:03:11', 'admin', '2019-01-09 11:06:46', null, null, 'Used');
INSERT INTO `sys_dept` VALUES ('7b5b0cc6c5b8467891c46dc945b0ef12', '50f2a61a8321423aa6534d36aa2dafb6', '', '003', '20', '2019-01-09 11:04:06', 'admin', '2019-01-09 11:06:46', 'admin', null, 'Used');
INSERT INTO `sys_dept` VALUES ('a35e5084e51e486e96615eba477ce68f', '052bc1e6bc20416dba6a47ea8cd26fa8', '', '010', '11', '2019-01-18 13:42:46', 'admin_test', '2019-02-28 15:19:43', 'admin', null, 'Used');
INSERT INTO `sys_dept` VALUES ('cfdfef67079e45139125c91c7e016e8a', '5020de4a820c4be1bef0144836b26544', '', '006', '32', '2019-01-09 11:04:55', 'admin', '2019-01-09 11:06:47', 'admin', null, 'Used');

-- ----------------------------
-- Table structure for sys_dict
-- ----------------------------
DROP TABLE IF EXISTS `sys_dict`;
CREATE TABLE `sys_dict` (
  `id` varchar(64) COLLATE utf8mb4_bin NOT NULL COMMENT 'ID',
  `parent_id` varchar(64) COLLATE utf8mb4_bin DEFAULT NULL COMMENT 'ID',
  `lable` varchar(64) COLLATE utf8mb4_bin NOT NULL COMMENT '',
  `value` varchar(64) COLLATE utf8mb4_bin NOT NULL COMMENT '',
  `sort` int(11) DEFAULT NULL COMMENT '',
  `create_date` timestamp NULL DEFAULT CURRENT_TIMESTAMP COMMENT '',
  `create_by` varchar(64) COLLATE utf8mb4_bin DEFAULT NULL COMMENT '',
  `update_date` timestamp NULL DEFAULT NULL ON UPDATE CURRENT_TIMESTAMP COMMENT '',
  `update_by` varchar(64) COLLATE utf8mb4_bin DEFAULT NULL COMMENT '',
  `remark` varchar(255) COLLATE utf8mb4_bin DEFAULT NULL COMMENT '',
  `delete_flag` varchar(10) COLLATE utf8mb4_bin DEFAULT 'Used' COMMENT 'used disable delete',
  PRIMARY KEY (`id`),
  KEY `sys_dict_value` (`value`)
) ENGINE=InnoDB DEFAULT CHARSET=utf8mb4 COLLATE=utf8mb4_bin ROW_FORMAT=DYNAMIC COMMENT='';

-- ----------------------------
-- Records of sys_dict
-- ----------------------------
INSERT INTO `sys_dict` VALUES ('0c3460177e044015b23a73e240b5fd28', 'a7156ad680da4e779596d563abde3120', '', 'sys_task_sys', '1', '2019-01-24 08:59:25', null, '2019-01-24 08:59:44', null, '', 'Used');
INSERT INTO `sys_dict` VALUES ('14e71a7c2339489bb45ccc982b5604ce', 'b34fd313cd7749cfbc0d7f3ddc5a5294', '', 'linye', '4', '2019-03-27 08:08:17', 'admin', null, null, null, 'Used');
INSERT INTO `sys_dict` VALUES ('17e8c1a818fb4c27b3509ec3a1b73ab2', '70943c7f196e4fdf84b9a19ce28522ef', '', 'junxiao', '4', '2019-03-27 08:12:19', 'admin', null, null, null, 'Used');
INSERT INTO `sys_dict` VALUES ('1b38e15980264dc8bc1adbfbd7a39814', '70943c7f196e4fdf84b9a19ce28522ef', '', 'qitabuwei', '2', '2019-03-27 08:11:53', 'admin', null, null, null, 'Used');
INSERT INTO `sys_dict` VALUES ('1e43c622dac04addae5692fb157b1a26', 'b34fd313cd7749cfbc0d7f3ddc5a5294', '', 'tiyu', '10', '2019-03-27 08:09:29', 'admin', null, null, null, 'Used');
INSERT INTO `sys_dict` VALUES ('1e81d20026464f3899a21a8f5501cff6', 'b34fd313cd7749cfbc0d7f3ddc5a5294', '', 'shifan', '6', '2019-03-27 08:08:39', 'admin', null, null, null, 'Used');
INSERT INTO `sys_dict` VALUES ('1ef53c7e3bc141878480a4e9c70dd6b4', 'fb9696a946654a7bb7420b576fc3bd4a', '211', '211gaoxiao', '2', '2019-03-27 08:14:19', 'admin', null, null, null, 'Used');
INSERT INTO `sys_dict` VALUES ('2a0ea8dde52746199f16f019d74218cd', 'b34fd313cd7749cfbc0d7f3ddc5a5294', '', 'nongye', '3', '2019-03-27 08:08:02', 'admin', null, null, null, 'Used');
INSERT INTO `sys_dict` VALUES ('3e266a736d224c498813bff9d3715be6', 'b34fd313cd7749cfbc0d7f3ddc5a5294', '', 'caijing', '8', '2019-03-27 08:09:08', 'admin', null, null, null, 'Used');
INSERT INTO `sys_dict` VALUES ('5e95fc7c56b143b0a0e3a7742cc58d03', 'b34fd313cd7749cfbc0d7f3ddc5a5294', '', 'minzu', '12', '2019-03-27 08:09:50', 'admin', null, null, null, 'Used');
INSERT INTO `sys_dict` VALUES ('6b7143e5765840bc8a8507089497a942', 'b34fd313cd7749cfbc0d7f3ddc5a5294', '', 'zhengfa', '9', '2019-03-27 08:09:18', 'admin', null, null, null, 'Used');
INSERT INTO `sys_dict` VALUES ('70943c7f196e4fdf84b9a19ce28522ef', null, '', 'ieg-school-attach-type', '3', '2019-03-27 08:11:12', 'admin', null, null, null, 'Used');
INSERT INTO `sys_dict` VALUES ('71edc0494e6749f19807bef485efb6f6', 'fb9696a946654a7bb7420b576fc3bd4a', '', 'dulixueyuan', '4', '2019-03-27 08:14:52', 'admin', null, null, null, 'Used');
INSERT INTO `sys_dict` VALUES ('7bbebd37027f4c178b7ab1aedaec5a7e', '9fb335d5b59944c19f9b4854db92798f', '', 'gjjtszy', '5', '2019-03-31 21:00:02', 'ieg', null, null, null, 'Used');
INSERT INTO `sys_dict` VALUES ('80abb6cc906c45ae9f27426f49895b0b', 'b34fd313cd7749cfbc0d7f3ddc5a5294', '', 'yishu', '11', '2019-03-27 08:09:40', 'admin', null, null, null, 'Used');
INSERT INTO `sys_dict` VALUES ('8241dd7d1c604ec180891f427a857f3a', 'b34fd313cd7749cfbc0d7f3ddc5a5294', '', 'yiyao', '5', '2019-03-27 08:08:28', 'admin', null, null, null, 'Used');
INSERT INTO `sys_dict` VALUES ('897cf96df70a4d3fa598d020f31273a5', '70943c7f196e4fdf84b9a19ce28522ef', '', 'difang', '3', '2019-03-27 08:12:08', 'admin', null, null, null, 'Used');
INSERT INTO `sys_dict` VALUES ('8d8aeee9c0744033a2740a257c94e65d', '9fb335d5b59944c19f9b4854db92798f', '', 'yjgjzdxk', '2', '2019-03-31 20:59:05', 'ieg', null, null, null, 'Used');
INSERT INTO `sys_dict` VALUES ('920b9f897dc94bc892da71dc25c861f1', '9fb335d5b59944c19f9b4854db92798f', '', 'ejgjzdxk', '3', '2019-03-31 20:59:16', 'ieg', null, null, null, 'Used');
INSERT INTO `sys_dict` VALUES ('9434c660f0724f00a91a3a4a01f4810d', 'b34fd313cd7749cfbc0d7f3ddc5a5294', '', 'yuyan', '7', '2019-03-27 08:08:57', 'admin', null, null, null, 'Used');
INSERT INTO `sys_dict` VALUES ('9fb335d5b59944c19f9b4854db92798f', null, '', 'ieg-school-major-features-type', '5', '2019-03-31 20:58:06', 'ieg', null, null, null, 'Used');
INSERT INTO `sys_dict` VALUES ('a7156ad680da4e779596d563abde3120', null, '', 'sys_task', '1', '2019-01-24 08:58:23', null, null, null, 'sys_taskgroup', 'Used');
INSERT INTO `sys_dict` VALUES ('b34fd313cd7749cfbc0d7f3ddc5a5294', null, '', 'ieg-school-major-type', '2', '2019-03-27 08:06:21', 'admin', null, null, null, 'Used');
INSERT INTO `sys_dict` VALUES ('b7c15967ab45435e9af9d36658afcd15', 'fb9696a946654a7bb7420b576fc3bd4a', '', 'yanjiushengyuan', '3', '2019-03-27 08:14:36', 'admin', null, null, null, 'Used');
INSERT INTO `sys_dict` VALUES ('be16ab7c27ca423c9b2a4042dd844602', 'fb9696a946654a7bb7420b576fc3bd4a', '985', '985gaoxiao', '1', '2019-03-27 08:13:57', 'admin', null, null, null, 'Used');
INSERT INTO `sys_dict` VALUES ('c4664d6048ff4ffca028472f8150ad87', 'b34fd313cd7749cfbc0d7f3ddc5a5294', '', 'zonghe', '1', '2019-03-27 08:07:32', 'admin', null, null, null, 'Used');
INSERT INTO `sys_dict` VALUES ('c4acc695ed6c45b9b695880bae6cf999', '9fb335d5b59944c19f9b4854db92798f', '', 'gjzdpyxk', '4', '2019-03-31 20:59:44', 'ieg', null, null, null, 'Used');
INSERT INTO `sys_dict` VALUES ('d83da9778b6a46a38109642f2b09b65b', '9fb335d5b59944c19f9b4854db92798f', '', 'dslxkpgjg', '6', '2019-03-31 21:00:26', 'ieg', '2019-04-15 20:09:46', null, null, 'Delete');
INSERT INTO `sys_dict` VALUES ('ddc398ace11a47d69e64d6cf71390027', 'a7156ad680da4e779596d563abde3120', '', 'sys_task_test', '2', '2019-01-24 13:56:55', null, null, null, null, 'Used');
INSERT INTO `sys_dict` VALUES ('e08d53393e3d415e84fd0016eeb9f595', 'fb9696a946654a7bb7420b576fc3bd4a', '', 'minbangaoxiao', '5', '2019-03-27 08:15:06', 'admin', null, null, null, 'Used');
INSERT INTO `sys_dict` VALUES ('eec9789dbac442d2800baac168b792d6', 'b34fd313cd7749cfbc0d7f3ddc5a5294', '', 'gongke', '2', '2019-03-27 08:07:48', 'admin', null, null, null, 'Used');
INSERT INTO `sys_dict` VALUES ('f2f9131c356f4df8ae02630b09844661', '70943c7f196e4fdf84b9a19ce28522ef', '', 'jiaoyubu', '1', '2019-03-27 08:11:36', 'admin', null, null, null, 'Used');
INSERT INTO `sys_dict` VALUES ('fb9696a946654a7bb7420b576fc3bd4a', null, '', 'ieg-school-features-type', '4', '2019-03-27 08:13:18', 'admin', null, null, null, 'Used');
INSERT INTO `sys_dict` VALUES ('fedd4a9f658e41309d10bcd34d2b25c6', '9fb335d5b59944c19f9b4854db92798f', '', 'syljsxk', '1', '2019-03-31 20:58:39', 'ieg', null, null, null, 'Used');

-- ----------------------------
-- Table structure for sys_log_0
-- ----------------------------
DROP TABLE IF EXISTS `sys_log_0`;
CREATE TABLE `sys_log_0` (
  `id` varchar(64) COLLATE utf8mb4_bin NOT NULL COMMENT 'ID',
  `user_name` varchar(64) COLLATE utf8mb4_bin DEFAULT NULL COMMENT '',
  `ip` varchar(20) COLLATE utf8mb4_bin DEFAULT NULL COMMENT 'ip',
  `url` varchar(256) COLLATE utf8mb4_bin DEFAULT NULL COMMENT '',
  `http_method` varchar(10) COLLATE utf8mb4_bin DEFAULT NULL COMMENT '',
  `class_method` varchar(256) COLLATE utf8mb4_bin DEFAULT NULL COMMENT '',
  `param` text COLLATE utf8mb4_bin COMMENT '',
  `handle_length` varchar(20) COLLATE utf8mb4_bin DEFAULT NULL COMMENT '',
  `create_date` timestamp NULL DEFAULT CURRENT_TIMESTAMP COMMENT '',
  `create_by` varchar(64) COLLATE utf8mb4_bin DEFAULT NULL COMMENT '',
  `update_date` timestamp NULL DEFAULT NULL ON UPDATE CURRENT_TIMESTAMP COMMENT '',
  `update_by` varchar(64) COLLATE utf8mb4_bin DEFAULT NULL COMMENT '',
  `remark` varchar(255) COLLATE utf8mb4_bin DEFAULT NULL COMMENT '',
  `delete_flag` varchar(10) COLLATE utf8mb4_bin DEFAULT 'Used' COMMENT 'used disable delete',
  PRIMARY KEY (`id`)
) ENGINE=InnoDB DEFAULT CHARSET=utf8mb4 COLLATE=utf8mb4_bin COMMENT='';

-- ----------------------------
-- Records of sys_log_0
-- ----------------------------

-- ----------------------------
-- Table structure for sys_log_1
-- ----------------------------
DROP TABLE IF EXISTS `sys_log_1`;
CREATE TABLE `sys_log_1` (
  `id` varchar(64) COLLATE utf8mb4_bin NOT NULL COMMENT 'ID',
  `user_name` varchar(64) COLLATE utf8mb4_bin DEFAULT NULL COMMENT '',
  `ip` varchar(20) COLLATE utf8mb4_bin DEFAULT NULL COMMENT 'ip',
  `url` varchar(256) COLLATE utf8mb4_bin DEFAULT NULL COMMENT '',
  `http_method` varchar(10) COLLATE utf8mb4_bin DEFAULT NULL COMMENT '',
  `class_method` varchar(256) COLLATE utf8mb4_bin DEFAULT NULL COMMENT '',
  `param` text COLLATE utf8mb4_bin COMMENT '',
  `handle_length` varchar(20) COLLATE utf8mb4_bin DEFAULT NULL COMMENT '',
  `create_date` timestamp NULL DEFAULT CURRENT_TIMESTAMP COMMENT '',
  `create_by` varchar(64) COLLATE utf8mb4_bin DEFAULT NULL COMMENT '',
  `update_date` timestamp NULL DEFAULT NULL ON UPDATE CURRENT_TIMESTAMP COMMENT '',
  `update_by` varchar(64) COLLATE utf8mb4_bin DEFAULT NULL COMMENT '',
  `remark` varchar(255) COLLATE utf8mb4_bin DEFAULT NULL COMMENT '',
  `delete_flag` varchar(10) COLLATE utf8mb4_bin DEFAULT 'Used' COMMENT 'used disable delete',
  PRIMARY KEY (`id`)
) ENGINE=InnoDB DEFAULT CHARSET=utf8mb4 COLLATE=utf8mb4_bin COMMENT='';

-- ----------------------------
-- Records of sys_log_1
-- ----------------------------

-- ----------------------------
-- Table structure for sys_log_2
-- ----------------------------
DROP TABLE IF EXISTS `sys_log_2`;
CREATE TABLE `sys_log_2` (
  `id` varchar(64) COLLATE utf8mb4_bin NOT NULL COMMENT 'ID',
  `user_name` varchar(64) COLLATE utf8mb4_bin DEFAULT NULL COMMENT '',
  `ip` varchar(20) COLLATE utf8mb4_bin DEFAULT NULL COMMENT 'ip',
  `url` varchar(256) COLLATE utf8mb4_bin DEFAULT NULL COMMENT '',
  `http_method` varchar(10) COLLATE utf8mb4_bin DEFAULT NULL COMMENT '',
  `class_method` varchar(256) COLLATE utf8mb4_bin DEFAULT NULL COMMENT '',
  `param` text COLLATE utf8mb4_bin COMMENT '',
  `handle_length` varchar(20) COLLATE utf8mb4_bin DEFAULT NULL COMMENT '',
  `create_date` timestamp NULL DEFAULT CURRENT_TIMESTAMP COMMENT '',
  `create_by` varchar(64) COLLATE utf8mb4_bin DEFAULT NULL COMMENT '',
  `update_date` timestamp NULL DEFAULT NULL ON UPDATE CURRENT_TIMESTAMP COMMENT '',
  `update_by` varchar(64) COLLATE utf8mb4_bin DEFAULT NULL COMMENT '',
  `remark` varchar(255) COLLATE utf8mb4_bin DEFAULT NULL COMMENT '',
  `delete_flag` varchar(10) COLLATE utf8mb4_bin DEFAULT 'Used' COMMENT 'used disable delete',
  PRIMARY KEY (`id`)
) ENGINE=InnoDB DEFAULT CHARSET=utf8mb4 COLLATE=utf8mb4_bin COMMENT='';

-- ----------------------------
-- Records of sys_log_2
-- ----------------------------

-- ----------------------------
-- Table structure for sys_log_3
-- ----------------------------
DROP TABLE IF EXISTS `sys_log_3`;
CREATE TABLE `sys_log_3` (
  `id` varchar(64) COLLATE utf8mb4_bin NOT NULL COMMENT 'ID',
  `user_name` varchar(64) COLLATE utf8mb4_bin DEFAULT NULL COMMENT '',
  `ip` varchar(20) COLLATE utf8mb4_bin DEFAULT NULL COMMENT 'ip',
  `url` varchar(256) COLLATE utf8mb4_bin DEFAULT NULL COMMENT '',
  `http_method` varchar(10) COLLATE utf8mb4_bin DEFAULT NULL COMMENT '',
  `class_method` varchar(256) COLLATE utf8mb4_bin DEFAULT NULL COMMENT '',
  `param` text COLLATE utf8mb4_bin COMMENT '',
  `handle_length` varchar(20) COLLATE utf8mb4_bin DEFAULT NULL COMMENT '',
  `create_date` timestamp NULL DEFAULT CURRENT_TIMESTAMP COMMENT '',
  `create_by` varchar(64) COLLATE utf8mb4_bin DEFAULT NULL COMMENT '',
  `update_date` timestamp NULL DEFAULT NULL ON UPDATE CURRENT_TIMESTAMP COMMENT '',
  `update_by` varchar(64) COLLATE utf8mb4_bin DEFAULT NULL COMMENT '',
  `remark` varchar(255) COLLATE utf8mb4_bin DEFAULT NULL COMMENT '',
  `delete_flag` varchar(10) COLLATE utf8mb4_bin DEFAULT 'Used' COMMENT 'used disable delete',
  PRIMARY KEY (`id`)
) ENGINE=InnoDB DEFAULT CHARSET=utf8mb4 COLLATE=utf8mb4_bin COMMENT='';

-- ----------------------------
-- Records of sys_log_3
-- ----------------------------

-- ----------------------------
-- Table structure for sys_log_4
-- ----------------------------
DROP TABLE IF EXISTS `sys_log_4`;
CREATE TABLE `sys_log_4` (
  `id` varchar(64) COLLATE utf8mb4_bin NOT NULL COMMENT 'ID',
  `user_name` varchar(64) COLLATE utf8mb4_bin DEFAULT NULL COMMENT '',
  `ip` varchar(20) COLLATE utf8mb4_bin DEFAULT NULL COMMENT 'ip',
  `url` varchar(256) COLLATE utf8mb4_bin DEFAULT NULL COMMENT '',
  `http_method` varchar(10) COLLATE utf8mb4_bin DEFAULT NULL COMMENT '',
  `class_method` varchar(256) COLLATE utf8mb4_bin DEFAULT NULL COMMENT '',
  `param` text COLLATE utf8mb4_bin COMMENT '',
  `handle_length` varchar(20) COLLATE utf8mb4_bin DEFAULT NULL COMMENT '',
  `create_date` timestamp NULL DEFAULT CURRENT_TIMESTAMP COMMENT '',
  `create_by` varchar(64) COLLATE utf8mb4_bin DEFAULT NULL COMMENT '',
  `update_date` timestamp NULL DEFAULT NULL ON UPDATE CURRENT_TIMESTAMP COMMENT '',
  `update_by` varchar(64) COLLATE utf8mb4_bin DEFAULT NULL COMMENT '',
  `remark` varchar(255) COLLATE utf8mb4_bin DEFAULT NULL COMMENT '',
  `delete_flag` varchar(10) COLLATE utf8mb4_bin DEFAULT 'Used' COMMENT 'used disable delete',
  PRIMARY KEY (`id`)
) ENGINE=InnoDB DEFAULT CHARSET=utf8mb4 COLLATE=utf8mb4_bin COMMENT='';

-- ----------------------------
-- Records of sys_log_4
-- ----------------------------

-- ----------------------------
-- Table structure for sys_log_5
-- ----------------------------
DROP TABLE IF EXISTS `sys_log_5`;
CREATE TABLE `sys_log_5` (
  `id` varchar(64) COLLATE utf8mb4_bin NOT NULL COMMENT 'ID',
  `user_name` varchar(64) COLLATE utf8mb4_bin DEFAULT NULL COMMENT '',
  `ip` varchar(20) COLLATE utf8mb4_bin DEFAULT NULL COMMENT 'ip',
  `url` varchar(256) COLLATE utf8mb4_bin DEFAULT NULL COMMENT '',
  `http_method` varchar(10) COLLATE utf8mb4_bin DEFAULT NULL COMMENT '',
  `class_method` varchar(256) COLLATE utf8mb4_bin DEFAULT NULL COMMENT '',
  `param` text COLLATE utf8mb4_bin COMMENT '',
  `handle_length` varchar(20) COLLATE utf8mb4_bin DEFAULT NULL COMMENT '',
  `create_date` timestamp NULL DEFAULT CURRENT_TIMESTAMP COMMENT '',
  `create_by` varchar(64) COLLATE utf8mb4_bin DEFAULT NULL COMMENT '',
  `update_date` timestamp NULL DEFAULT NULL ON UPDATE CURRENT_TIMESTAMP COMMENT '',
  `update_by` varchar(64) COLLATE utf8mb4_bin DEFAULT NULL COMMENT '',
  `remark` varchar(255) COLLATE utf8mb4_bin DEFAULT NULL COMMENT '',
  `delete_flag` varchar(10) COLLATE utf8mb4_bin DEFAULT 'Used' COMMENT 'used disable delete',
  PRIMARY KEY (`id`)
) ENGINE=InnoDB DEFAULT CHARSET=utf8mb4 COLLATE=utf8mb4_bin COMMENT='';

-- ----------------------------
-- Records of sys_log_5
-- ----------------------------

-- ----------------------------
-- Table structure for sys_log_6
-- ----------------------------
DROP TABLE IF EXISTS `sys_log_6`;
CREATE TABLE `sys_log_6` (
  `id` varchar(64) COLLATE utf8mb4_bin NOT NULL COMMENT 'ID',
  `user_name` varchar(64) COLLATE utf8mb4_bin DEFAULT NULL COMMENT '',
  `ip` varchar(20) COLLATE utf8mb4_bin DEFAULT NULL COMMENT 'ip',
  `url` varchar(256) COLLATE utf8mb4_bin DEFAULT NULL COMMENT '',
  `http_method` varchar(10) COLLATE utf8mb4_bin DEFAULT NULL COMMENT '',
  `class_method` varchar(256) COLLATE utf8mb4_bin DEFAULT NULL COMMENT '',
  `param` text COLLATE utf8mb4_bin COMMENT '',
  `handle_length` varchar(20) COLLATE utf8mb4_bin DEFAULT NULL COMMENT '',
  `create_date` timestamp NULL DEFAULT CURRENT_TIMESTAMP COMMENT '',
  `create_by` varchar(64) COLLATE utf8mb4_bin DEFAULT NULL COMMENT '',
  `update_date` timestamp NULL DEFAULT NULL ON UPDATE CURRENT_TIMESTAMP COMMENT '',
  `update_by` varchar(64) COLLATE utf8mb4_bin DEFAULT NULL COMMENT '',
  `remark` varchar(255) COLLATE utf8mb4_bin DEFAULT NULL COMMENT '',
  `delete_flag` varchar(10) COLLATE utf8mb4_bin DEFAULT 'Used' COMMENT 'used disable delete',
  PRIMARY KEY (`id`)
) ENGINE=InnoDB DEFAULT CHARSET=utf8mb4 COLLATE=utf8mb4_bin COMMENT='';

-- ----------------------------
-- Records of sys_log_6
-- ----------------------------

-- ----------------------------
-- Table structure for sys_log_7
-- ----------------------------
DROP TABLE IF EXISTS `sys_log_7`;
CREATE TABLE `sys_log_7` (
  `id` varchar(64) COLLATE utf8mb4_bin NOT NULL COMMENT 'ID',
  `user_name` varchar(64) COLLATE utf8mb4_bin DEFAULT NULL COMMENT '',
  `ip` varchar(20) COLLATE utf8mb4_bin DEFAULT NULL COMMENT 'ip',
  `url` varchar(256) COLLATE utf8mb4_bin DEFAULT NULL COMMENT '',
  `http_method` varchar(10) COLLATE utf8mb4_bin DEFAULT NULL COMMENT '',
  `class_method` varchar(256) COLLATE utf8mb4_bin DEFAULT NULL COMMENT '',
  `param` text COLLATE utf8mb4_bin COMMENT '',
  `handle_length` varchar(20) COLLATE utf8mb4_bin DEFAULT NULL COMMENT '',
  `create_date` timestamp NULL DEFAULT CURRENT_TIMESTAMP COMMENT '',
  `create_by` varchar(64) COLLATE utf8mb4_bin DEFAULT NULL COMMENT '',
  `update_date` timestamp NULL DEFAULT NULL ON UPDATE CURRENT_TIMESTAMP COMMENT '',
  `update_by` varchar(64) COLLATE utf8mb4_bin DEFAULT NULL COMMENT '',
  `remark` varchar(255) COLLATE utf8mb4_bin DEFAULT NULL COMMENT '',
  `delete_flag` varchar(10) COLLATE utf8mb4_bin DEFAULT 'Used' COMMENT 'used disable delete',
  PRIMARY KEY (`id`)
) ENGINE=InnoDB DEFAULT CHARSET=utf8mb4 COLLATE=utf8mb4_bin COMMENT='';

-- ----------------------------
-- Records of sys_log_7
-- ----------------------------

-- ----------------------------
-- Table structure for sys_log_8
-- ----------------------------
DROP TABLE IF EXISTS `sys_log_8`;
CREATE TABLE `sys_log_8` (
  `id` varchar(64) COLLATE utf8mb4_bin NOT NULL COMMENT 'ID',
  `user_name` varchar(64) COLLATE utf8mb4_bin DEFAULT NULL COMMENT '',
  `ip` varchar(20) COLLATE utf8mb4_bin DEFAULT NULL COMMENT 'ip',
  `url` varchar(256) COLLATE utf8mb4_bin DEFAULT NULL COMMENT '',
  `http_method` varchar(10) COLLATE utf8mb4_bin DEFAULT NULL COMMENT '',
  `class_method` varchar(256) COLLATE utf8mb4_bin DEFAULT NULL COMMENT '',
  `param` text COLLATE utf8mb4_bin COMMENT '',
  `handle_length` varchar(20) COLLATE utf8mb4_bin DEFAULT NULL COMMENT '',
  `create_date` timestamp NULL DEFAULT CURRENT_TIMESTAMP COMMENT '',
  `create_by` varchar(64) COLLATE utf8mb4_bin DEFAULT NULL COMMENT '',
  `update_date` timestamp NULL DEFAULT NULL ON UPDATE CURRENT_TIMESTAMP COMMENT '',
  `update_by` varchar(64) COLLATE utf8mb4_bin DEFAULT NULL COMMENT '',
  `remark` varchar(255) COLLATE utf8mb4_bin DEFAULT NULL COMMENT '',
  `delete_flag` varchar(10) COLLATE utf8mb4_bin DEFAULT 'Used' COMMENT 'used disable delete',
  PRIMARY KEY (`id`)
) ENGINE=InnoDB DEFAULT CHARSET=utf8mb4 COLLATE=utf8mb4_bin COMMENT='';

-- ----------------------------
-- Records of sys_log_8
-- ----------------------------

-- ----------------------------
-- Table structure for sys_log_9
-- ----------------------------
DROP TABLE IF EXISTS `sys_log_9`;
CREATE TABLE `sys_log_9` (
  `id` varchar(64) COLLATE utf8mb4_bin NOT NULL COMMENT 'ID',
  `user_name` varchar(64) COLLATE utf8mb4_bin DEFAULT NULL COMMENT '',
  `ip` varchar(20) COLLATE utf8mb4_bin DEFAULT NULL COMMENT 'ip',
  `url` varchar(256) COLLATE utf8mb4_bin DEFAULT NULL COMMENT '',
  `http_method` varchar(10) COLLATE utf8mb4_bin DEFAULT NULL COMMENT '',
  `class_method` varchar(256) COLLATE utf8mb4_bin DEFAULT NULL COMMENT '',
  `param` text COLLATE utf8mb4_bin COMMENT '',
  `handle_length` varchar(20) COLLATE utf8mb4_bin DEFAULT NULL COMMENT '',
  `create_date` timestamp NULL DEFAULT CURRENT_TIMESTAMP COMMENT '',
  `create_by` varchar(64) COLLATE utf8mb4_bin DEFAULT NULL COMMENT '',
  `update_date` timestamp NULL DEFAULT NULL ON UPDATE CURRENT_TIMESTAMP COMMENT '',
  `update_by` varchar(64) COLLATE utf8mb4_bin DEFAULT NULL COMMENT '',
  `remark` varchar(255) COLLATE utf8mb4_bin DEFAULT NULL COMMENT '',
  `delete_flag` varchar(10) COLLATE utf8mb4_bin DEFAULT 'Used' COMMENT 'used disable delete',
  PRIMARY KEY (`id`)
) ENGINE=InnoDB DEFAULT CHARSET=utf8mb4 COLLATE=utf8mb4_bin COMMENT='';

-- ----------------------------
-- Records of sys_log_9
-- ----------------------------

-- ----------------------------
-- Table structure for sys_menu
-- ----------------------------
DROP TABLE IF EXISTS `sys_menu`;
CREATE TABLE `sys_menu` (
  `id` varchar(64) NOT NULL COMMENT 'ID',
  `name` varchar(255) CHARACTER SET utf8mb4 COLLATE utf8mb4_bin DEFAULT NULL COMMENT '',
  `icon` varchar(128) CHARACTER SET utf8mb4 COLLATE utf8mb4_bin DEFAULT NULL COMMENT '',
  `path` varchar(128) CHARACTER SET utf8mb4 COLLATE utf8mb4_bin DEFAULT NULL COMMENT 'router',
  `component` varchar(64) CHARACTER SET utf8mb4 COLLATE utf8mb4_bin DEFAULT NULL COMMENT 'VUE',
  `is_show` varchar(10) CHARACTER SET utf8mb4 COLLATE utf8mb4_bin DEFAULT 'Yes' COMMENT 'YesNo',
  `is_guide` varchar(10) DEFAULT 'No' COMMENT '',
  `is_index` varchar(10) CHARACTER SET utf8mb4 COLLATE utf8mb4_bin DEFAULT 'No' COMMENT 'YesNo',
  `show_type` varchar(10) CHARACTER SET utf8mb4 COLLATE utf8mb4_bin DEFAULT 'Home' COMMENT 'HomeScreen',
  `sort` int(11) DEFAULT NULL COMMENT '',
  `create_date` timestamp NULL DEFAULT CURRENT_TIMESTAMP COMMENT '',
  `create_by` varchar(64) CHARACTER SET utf8mb4 COLLATE utf8mb4_bin DEFAULT NULL COMMENT '',
  `update_date` timestamp NULL DEFAULT NULL ON UPDATE CURRENT_TIMESTAMP COMMENT '',
  `update_by` varchar(64) CHARACTER SET utf8mb4 COLLATE utf8mb4_bin DEFAULT NULL COMMENT '',
  `remark` varchar(255) CHARACTER SET utf8mb4 COLLATE utf8mb4_bin DEFAULT NULL COMMENT '',
  `delete_flag` varchar(10) CHARACTER SET utf8mb4 COLLATE utf8mb4_bin DEFAULT 'Used' COMMENT 'used disable delete',
  PRIMARY KEY (`id`)
) ENGINE=InnoDB DEFAULT CHARSET=utf8 COMMENT='';

-- ----------------------------
-- Records of sys_menu
-- ----------------------------
INSERT INTO `sys_menu` VALUES ('02409078479444c6967baa22b31a7199', '', null, '/ieg/schoolSubmit', '/ieg/schoolSubmit', 'No', 'No', 'No', 'Home', '13', '2019-04-07 20:49:32', 'ieg', null, null, null, 'Used');
INSERT INTO `sys_menu` VALUES ('14482180614349c39fe9bb70bd3e0fa9', '', 'logo-xbox', '/sys/dept', '/sys/dept', 'Yes', 'Yes', 'No', 'Home', '4', '2019-01-09 11:25:15', 'admin_test', '2019-01-10 13:08:57', 'admin_test', null, 'Used');
INSERT INTO `sys_menu` VALUES ('258dcbbefef04bf19ad39b3bcacfd022', '', null, '/sys/button', '/sys/button', 'Yes', 'No', 'No', 'Home', '3', '2019-01-09 12:24:31', 'admin_test', '2019-01-09 12:24:40', 'admin_test', null, 'Used');
INSERT INTO `sys_menu` VALUES ('26c28c672b764157a29c2fc0ebde4522', '', 'ios-navigate', null, null, 'Yes', 'No', 'No', 'Home', '70', '2019-01-09 11:27:14', 'admin_test', '2019-01-22 17:42:27', null, null, 'Used');
INSERT INTO `sys_menu` VALUES ('2850c181e2664d94a43f0a890af8576d', '', 'ios-flask', '/ieg/school', '/ieg/school', 'Yes', 'No', 'No', 'Home', '2', '2019-03-27 09:26:45', 'admin', null, null, null, 'Used');
INSERT INTO `sys_menu` VALUES ('319b072a4f044442876ee65211f8aa78', '', 'ios-at-outline', '/sys/dict', '/sys/dict', 'Yes', 'Yes', 'No', 'Home', '5', '2019-01-09 11:25:45', 'admin_test', '2019-01-10 13:09:05', 'admin_test', null, 'Used');
INSERT INTO `sys_menu` VALUES ('35e5441365f84896a91777b7880ab10d', '_', null, '/ieg/schoolProblem', '/ieg/schoolProblem', 'No', 'No', 'No', 'Home', '5', '2019-03-29 16:45:05', 'ieg', '2019-03-29 16:45:13', 'ieg', null, 'Used');
INSERT INTO `sys_menu` VALUES ('44d8b4106ec7428c880bff606de532fb', '', null, '/sys/menu', '/sys/menu', 'Yes', 'No', 'No', 'Home', '2', '2019-01-09 12:24:09', 'admin_test', null, null, null, 'Used');
INSERT INTO `sys_menu` VALUES ('4f565e58e7be42c2ab7726494a1a9d1a', '', 'md-home', '/sys/home', '/sys/home', 'Yes', 'No', 'Yes', 'Home', '1', '2019-01-09 11:23:47', 'admin_test', '2019-01-16 10:56:30', 'admin_test', null, 'Used');
INSERT INTO `sys_menu` VALUES ('54941a1a74174d3ead1e003f37429fcb', '_', null, '/ieg/faculty', '/ieg/faculty', 'No', 'No', 'No', 'Home', '4', '2019-03-29 09:18:03', 'ieg', '2019-03-29 09:18:09', 'ieg', null, 'Used');
INSERT INTO `sys_menu` VALUES ('5596a332e87742f59a6ff064401b01e4', '', 'ios-expand', '/ieg/grade', '/ieg/grade', 'Yes', 'No', 'No', 'Home', '10', '2019-04-02 09:42:25', 'ieg', null, null, null, 'Used');
INSERT INTO `sys_menu` VALUES ('56ed32d56af64758b90734393916db84', '', 'ios-chatbubbles-outline', '/message/publish', '/message/publish', 'Yes', 'No', 'Yes', 'Home', '1', '2019-01-29 14:25:16', 'admin', '2019-01-29 14:29:23', 'admin', null, 'Used');
INSERT INTO `sys_menu` VALUES ('5a806b8031b64bc88591edb09f487313', '', 'logo-sass', '/sys/log', '/sys/log', 'Yes', 'No', 'No', 'Home', '6', '2019-01-22 17:43:54', null, '2019-01-29 09:41:03', 'admin', null, 'Used');
INSERT INTO `sys_menu` VALUES ('5c689421c2e0452bbcd5536661dca3be', '', 'md-analytics', '/sys/dataScope', '/sys/dataScope', 'Yes', 'No', 'No', 'Home', '9', '2019-03-19 23:08:46', 'admin', null, null, null, 'Used');
INSERT INTO `sys_menu` VALUES ('60a8ff23bb0048289ec9739223a914ed', '_', null, '/message/publish/form', '/message/publish/form', 'No', 'No', 'No', 'Home', '2', '2019-01-29 16:19:28', 'admin', null, null, null, 'Used');
INSERT INTO `sys_menu` VALUES ('6e4b20a23afe4bf6a4a5d24d3071d550', '_', null, '/ieg/schoolMajorProblem', '/ieg/schoolMajorProblem', 'No', 'No', 'No', 'Home', '8', '2019-04-01 14:30:40', 'ieg', null, null, null, 'Used');
INSERT INTO `sys_menu` VALUES ('71684cea9d654584bad93a20fcd52207', '', 'md-globe', '/sys/role', '/sys/role', 'Yes', 'Yes', 'No', 'Home', '3', '2019-01-09 11:24:53', 'admin_test', '2019-01-10 13:08:52', 'admin_test', null, 'Used');
INSERT INTO `sys_menu` VALUES ('73450906179349219f2821c8e9c2fee9', '', 'ios-bug', '/sys/code', '/sys/code', 'Yes', 'No', 'No', 'Home', '8', '2019-01-29 09:40:40', 'admin', null, null, null, 'Used');
INSERT INTO `sys_menu` VALUES ('75600c17095547008bd02b6bae423193', '_', null, '/ieg/schoolMajor', '/ieg/schoolMajor', 'No', 'No', 'No', 'Home', '7', '2019-03-31 10:15:33', 'ieg', null, null, null, 'Used');
INSERT INTO `sys_menu` VALUES ('786a7fd7783e4bc6bb9f880aecd058a5', '_', null, '/ieg/schoolMajorEnrollRecord', '/ieg/schoolMajorEnrollRecord', 'No', 'No', 'No', 'Home', '9', '2019-04-01 16:11:33', 'ieg', '2019-04-01 16:12:46', 'ieg', null, 'Used');
INSERT INTO `sys_menu` VALUES ('7afcc5eb00c246d78d92e673b9679640', '', null, '/home', '/home', 'Yes', 'No', 'Yes', 'Screen', '1', '2019-01-10 13:29:01', 'admin_test', null, null, null, 'Used');
INSERT INTO `sys_menu` VALUES ('85ae17e4044a4471b873a48a191ad980', '', 'logo-codepen', '/ieg/auth', '/ieg/auth', 'Yes', 'No', 'No', 'Home', '14', '2019-04-10 19:14:00', 'ieg', null, null, null, 'Used');
INSERT INTO `sys_menu` VALUES ('863ea79c022d40f4a57a8ce54954c74d', '', null, '/sys/system', '/sys/system', 'Yes', 'No', 'No', 'Home', '1', '2019-01-09 12:23:37', 'admin_test', '2019-01-10 16:49:31', 'admin_test', null, 'Used');
INSERT INTO `sys_menu` VALUES ('94d4b3ba3991445eb928206730af8be6', '_', null, '/ieg/school/form', '/ieg/school/form', 'No', 'No', 'No', 'Home', '3', '2019-03-27 09:49:22', 'ieg', '2019-03-27 09:49:35', 'ieg', null, 'Used');
INSERT INTO `sys_menu` VALUES ('a8d89cd7a359497c802345d6b1a7892b', '', 'ios-color-filter', '/ieg/enroll', '/ieg/enroll', 'Yes', 'No', 'No', 'Home', '12', '2019-04-04 12:21:21', 'admin', null, null, null, 'Used');
INSERT INTO `sys_menu` VALUES ('ada820e2bd6345a2a882dd2526f16725', '', 'ios-contact', '/sys/user', '/sys/user', 'Yes', 'Yes', 'No', 'Home', '2', '2019-01-09 11:24:16', 'admin_test', '2019-01-16 16:10:46', 'admin_test', null, 'Used');
INSERT INTO `sys_menu` VALUES ('b47334e1f63246edbdfde420f204cd17', '_', null, '/ieg/schoolEnrollRecord', '/ieg/schoolEnrollRecord', 'No', 'No', 'No', 'Home', '6', '2019-03-29 21:02:07', 'admin', '2019-03-29 21:02:56', 'ieg', null, 'Used');
INSERT INTO `sys_menu` VALUES ('b5a6eeea310644e2a25e4e3a10cf0628', '', 'md-clock', '/sys/task', '/sys/task', 'Yes', 'No', 'No', 'Home', '7', '2019-01-24 13:59:20', null, null, null, null, 'Used');
INSERT INTO `sys_menu` VALUES ('b6620f37c1b247a586ae5414663299bc', '', 'md-book', '/ieg/major', '/ieg/major', 'Yes', 'Yes', 'Yes', 'Home', '1', '2019-01-11 09:03:17', 'admin_test', '2019-03-24 11:21:56', 'admin', null, 'Used');
INSERT INTO `sys_menu` VALUES ('bfffe4060ec747b38ac9bd311ac16756', '', 'md-beer', '/ieg/environment', '/ieg/environment', 'Yes', 'No', 'No', 'Home', '11', '2019-04-03 13:29:47', 'ieg', null, null, null, 'Used');
INSERT INTO `sys_menu` VALUES ('f564547f036e4631967ed4ba0c165d38', '', 'logo-css3', '/message/audit', '/message/audit', 'Yes', 'No', 'No', 'Home', '3', '2019-01-29 14:25:53', 'admin', '2019-01-29 14:29:27', 'admin', null, 'Used');
INSERT INTO `sys_menu` VALUES ('f986c3db2cbf46fdbd5c0c057fd282d9', '', 'md-contacts', '/message/chat/group', '/message/chat/group', 'Yes', 'No', 'No', 'Home', '4', '2019-02-24 12:14:12', 'admin', null, null, null, 'Used');

-- ----------------------------
-- Table structure for sys_resource
-- ----------------------------
DROP TABLE IF EXISTS `sys_resource`;
CREATE TABLE `sys_resource` (
  `id` varchar(64) NOT NULL COMMENT 'ID',
  `type` varchar(10) CHARACTER SET utf8mb4 COLLATE utf8mb4_bin DEFAULT NULL COMMENT ' System,Menu,Button',
  `r_id` varchar(64) CHARACTER SET utf8mb4 COLLATE utf8mb4_bin DEFAULT NULL COMMENT 'id  type==System r_id==sys_system.id',
  `parent_id` varchar(64) CHARACTER SET utf8mb4 COLLATE utf8mb4_bin DEFAULT NULL COMMENT 'ID',
  `create_date` timestamp NULL DEFAULT CURRENT_TIMESTAMP COMMENT '',
  `create_by` varchar(64) CHARACTER SET utf8mb4 COLLATE utf8mb4_bin DEFAULT NULL COMMENT '',
  `update_date` timestamp NULL DEFAULT NULL ON UPDATE CURRENT_TIMESTAMP COMMENT '',
  `update_by` varchar(64) CHARACTER SET utf8mb4 COLLATE utf8mb4_bin DEFAULT NULL COMMENT '',
  `remark` varchar(255) CHARACTER SET utf8mb4 COLLATE utf8mb4_bin DEFAULT NULL COMMENT '',
  `delete_flag` varchar(10) CHARACTER SET utf8mb4 COLLATE utf8mb4_bin DEFAULT 'Used' COMMENT 'used disable delete',
  PRIMARY KEY (`id`)
) ENGINE=InnoDB DEFAULT CHARSET=utf8 COMMENT='';

-- ----------------------------
-- Records of sys_resource
-- ----------------------------
INSERT INTO `sys_resource` VALUES ('0254a06c10bb4cc783d7e62cf55ac9c0', 'Menu', '54941a1a74174d3ead1e003f37429fcb', 'dd06238dfa334787a1cba25619d0bbc0', '2019-03-29 09:18:03', 'ieg', '2019-03-29 09:18:09', 'ieg', null, 'Used');
INSERT INTO `sys_resource` VALUES ('101c7ef15cd8474da7586316eb3289c3', 'Button', 'ff4f80b7700f43cdb0b2f6cf168c75cf', 'b860f629bd3f4e118fa2b406c1684689', '2019-01-29 14:26:37', 'admin', null, null, null, 'Used');
INSERT INTO `sys_resource` VALUES ('13704bf763904cfbb4ecd4395a7c7745', 'Menu', 'ada820e2bd6345a2a882dd2526f16725', '394b434defd74548ab04493b5fee924b', '2019-01-09 11:24:16', 'admin_test', '2019-01-10 13:08:41', 'admin_test', null, 'Used');
INSERT INTO `sys_resource` VALUES ('1419331c93f949fda927aa562363f0c9', 'Menu', '7afcc5eb00c246d78d92e673b9679640', '7d3065f62b184acba8be3323c40723ab', '2019-01-10 13:29:01', 'admin_test', null, null, null, 'Used');
INSERT INTO `sys_resource` VALUES ('195da5c9121b40c4b06fba72585f5fe5', 'Button', 'abee88b1a8ee4427a2b377ab63f75d8f', '4196bc3de8254b2a95d03a79d40279bf', '2019-03-24 11:49:47', 'admin', null, null, null, 'Used');
INSERT INTO `sys_resource` VALUES ('21e01b2da75c42e39968d514c25a1f56', 'Button', '5af77dfa167645e4a31faaf501532fdc', '13704bf763904cfbb4ecd4395a7c7745', '2019-01-09 13:50:29', 'admin_test', null, null, null, 'Used');
INSERT INTO `sys_resource` VALUES ('2a63aec9db604fa898c11380e8893dd2', 'Menu', '44d8b4106ec7428c880bff606de532fb', '50226e046cab4cc9bdf88684698ee47f', '2019-01-09 12:24:09', 'admin_test', null, null, null, 'Used');
INSERT INTO `sys_resource` VALUES ('2d481065ccf440a8b45d3acb637eed5e', 'Button', '39444f220fcd414184901a6354775e60', '74a2ee6672dc4bcbba6f86c402903660', '2019-04-11 20:08:04', 'ieg', null, null, null, 'Used');
INSERT INTO `sys_resource` VALUES ('328672b0736b4e57ba1803571ef418d1', 'Menu', '60a8ff23bb0048289ec9739223a914ed', 'b860f629bd3f4e118fa2b406c1684689', '2019-01-29 16:19:28', 'admin', null, null, null, 'Used');
INSERT INTO `sys_resource` VALUES ('394b434defd74548ab04493b5fee924b', 'System', 'c63493fc99c8489294cbe839ce2071ac', null, '2019-01-09 11:19:50', 'admin_test', null, null, null, 'Used');
INSERT INTO `sys_resource` VALUES ('3ef924c74b324a92aee904190a29b318', 'Menu', '5596a332e87742f59a6ff064401b01e4', 'dd06238dfa334787a1cba25619d0bbc0', '2019-04-02 09:42:25', 'ieg', null, null, null, 'Used');
INSERT INTO `sys_resource` VALUES ('408099690e724f70bd655be2ee00dccd', 'Button', '73fb308d5eda4614b36333e0723cad0c', 'b860f629bd3f4e118fa2b406c1684689', '2019-01-29 14:26:30', 'admin', null, null, null, 'Used');
INSERT INTO `sys_resource` VALUES ('4196bc3de8254b2a95d03a79d40279bf', 'Menu', 'b6620f37c1b247a586ae5414663299bc', 'dd06238dfa334787a1cba25619d0bbc0', '2019-01-11 09:03:17', 'admin_test', '2019-03-24 11:21:56', 'admin', null, 'Used');
INSERT INTO `sys_resource` VALUES ('4e1f90aad6594c4d81f232ef28e7d40f', 'Menu', '5c689421c2e0452bbcd5536661dca3be', '394b434defd74548ab04493b5fee924b', '2019-03-19 23:08:46', 'admin', null, null, null, 'Used');
INSERT INTO `sys_resource` VALUES ('4f3355f7ae6c4156ac320f9691e91a4b', 'Menu', '258dcbbefef04bf19ad39b3bcacfd022', '50226e046cab4cc9bdf88684698ee47f', '2019-01-09 12:24:31', 'admin_test', '2019-01-09 12:24:40', 'admin_test', null, 'Used');
INSERT INTO `sys_resource` VALUES ('50226e046cab4cc9bdf88684698ee47f', 'Menu', '26c28c672b764157a29c2fc0ebde4522', '394b434defd74548ab04493b5fee924b', '2019-01-09 11:27:14', 'admin_test', null, null, null, 'Used');
INSERT INTO `sys_resource` VALUES ('52623385f20e4df795f010572512c0e3', 'Menu', 'bfffe4060ec747b38ac9bd311ac16756', 'dd06238dfa334787a1cba25619d0bbc0', '2019-04-03 13:29:47', 'ieg', null, null, null, 'Used');
INSERT INTO `sys_resource` VALUES ('55910164c8fc4dd28a889059697b5b32', 'Button', '95ea2fa6656d439382f8e42e6a926ced', '13704bf763904cfbb4ecd4395a7c7745', '2019-01-09 13:50:54', 'admin_test', null, null, null, 'Used');
INSERT INTO `sys_resource` VALUES ('6730994d67ea410f84028abda4f6f99c', 'Menu', '02409078479444c6967baa22b31a7199', 'dd06238dfa334787a1cba25619d0bbc0', '2019-04-07 20:49:32', 'ieg', null, null, null, 'Used');
INSERT INTO `sys_resource` VALUES ('732f59a4c0df4aa2b2c2e3f952c283f4', 'Menu', '94d4b3ba3991445eb928206730af8be6', 'dd06238dfa334787a1cba25619d0bbc0', '2019-03-27 09:49:22', 'ieg', '2019-03-27 09:49:35', 'ieg', null, 'Used');
INSERT INTO `sys_resource` VALUES ('74a2ee6672dc4bcbba6f86c402903660', 'Menu', '2850c181e2664d94a43f0a890af8576d', 'dd06238dfa334787a1cba25619d0bbc0', '2019-03-27 09:26:45', 'admin', null, null, null, 'Used');
INSERT INTO `sys_resource` VALUES ('76c8fc05ff294ef38b87e6e7a82054d2', 'Button', '0c4fba7e8aba4e27b0e7a6f6599363d9', '4196bc3de8254b2a95d03a79d40279bf', '2019-03-24 11:48:51', 'admin', null, null, null, 'Used');
INSERT INTO `sys_resource` VALUES ('7a684d1e725e4864a4d12b347ef97ce2', 'Menu', '319b072a4f044442876ee65211f8aa78', '394b434defd74548ab04493b5fee924b', '2019-01-09 11:25:45', 'admin_test', '2019-01-10 13:09:05', 'admin_test', null, 'Used');
INSERT INTO `sys_resource` VALUES ('7d3065f62b184acba8be3323c40723ab', 'System', 'd7065f3eba94409397f4d21f2692a8fa', null, '2019-01-10 13:24:35', 'admin_test', null, null, null, 'Used');
INSERT INTO `sys_resource` VALUES ('812368028df247a69bc974adb44cd0b4', 'Menu', 'f986c3db2cbf46fdbd5c0c057fd282d9', 'b860f629bd3f4e118fa2b406c1684689', '2019-02-24 12:14:12', 'admin', null, null, null, 'Used');
INSERT INTO `sys_resource` VALUES ('88139b0b64ae46a5a70ca1c53f43872b', 'Button', '03aca5c317bc4e19816f95089ae907f3', 'b860f629bd3f4e118fa2b406c1684689', '2019-01-29 14:26:49', 'admin', null, null, null, 'Used');
INSERT INTO `sys_resource` VALUES ('88290309f0bd45feb1a2e2e5592b7d9d', 'Menu', '85ae17e4044a4471b873a48a191ad980', 'dd06238dfa334787a1cba25619d0bbc0', '2019-04-10 19:14:00', 'ieg', null, null, null, 'Used');
INSERT INTO `sys_resource` VALUES ('8895ba596a104bdc80b719efaf6162b1', 'Menu', 'a8d89cd7a359497c802345d6b1a7892b', 'dd06238dfa334787a1cba25619d0bbc0', '2019-04-04 12:21:21', 'admin', null, null, null, 'Used');
INSERT INTO `sys_resource` VALUES ('8b181665db794069b476f02f42e1a8f8', 'Button', 'ade005be6b4e420d9e899284b3869dc2', '13704bf763904cfbb4ecd4395a7c7745', '2019-01-09 13:51:04', 'admin_test', null, null, null, 'Used');
INSERT INTO `sys_resource` VALUES ('8eb4b26f990d414285e330fed2292e20', 'Menu', 'b47334e1f63246edbdfde420f204cd17', 'dd06238dfa334787a1cba25619d0bbc0', '2019-03-29 21:02:07', 'admin', '2019-03-29 21:02:56', 'ieg', null, 'Used');
INSERT INTO `sys_resource` VALUES ('9004f54f261f4320b05beb2b82dd4c3f', 'Button', 'f14184d9c6b540799385b47b3ba9bb45', 'b860f629bd3f4e118fa2b406c1684689', '2019-01-29 14:26:42', 'admin', null, null, null, 'Used');
INSERT INTO `sys_resource` VALUES ('95de2c8a8eb54877a9bc3d20dce786f0', 'Menu', '75600c17095547008bd02b6bae423193', 'dd06238dfa334787a1cba25619d0bbc0', '2019-03-31 10:15:33', 'ieg', null, null, null, 'Used');
INSERT INTO `sys_resource` VALUES ('9aa69c54984c455daa3be9c574f4209d', 'Menu', '863ea79c022d40f4a57a8ce54954c74d', '50226e046cab4cc9bdf88684698ee47f', '2019-01-09 12:23:37', 'admin_test', '2019-01-10 16:49:31', 'admin_test', null, 'Used');
INSERT INTO `sys_resource` VALUES ('9cf2b9bf83164fb2978c2f434827b2b9', 'Menu', '5a806b8031b64bc88591edb09f487313', '394b434defd74548ab04493b5fee924b', '2019-01-22 17:43:54', null, '2019-01-29 09:41:03', 'admin', null, 'Used');
INSERT INTO `sys_resource` VALUES ('ade198a8d94d43829fff1ea35fc2bf37', 'Menu', 'b5a6eeea310644e2a25e4e3a10cf0628', '394b434defd74548ab04493b5fee924b', '2019-01-24 13:59:20', null, null, null, null, 'Used');
INSERT INTO `sys_resource` VALUES ('ae76292783734369a20446e20544a5f0', 'Button', '7cbfce77cbd6422aa81dad33ff91ab9e', '4196bc3de8254b2a95d03a79d40279bf', '2019-03-24 11:49:20', 'admin', null, null, null, 'Used');
INSERT INTO `sys_resource` VALUES ('b860f629bd3f4e118fa2b406c1684689', 'System', 'fa904fdc7ce74970a45d731ed3ba2364', null, '2019-01-11 09:01:28', 'admin_test', null, null, null, 'Used');
INSERT INTO `sys_resource` VALUES ('b8c745e5a9ff4159ae4ea141db35a0e8', 'Menu', '71684cea9d654584bad93a20fcd52207', '394b434defd74548ab04493b5fee924b', '2019-01-09 11:24:53', 'admin_test', '2019-01-10 13:08:52', 'admin_test', null, 'Used');
INSERT INTO `sys_resource` VALUES ('b98f836b7276467ea18cca3900071c51', 'Menu', '14482180614349c39fe9bb70bd3e0fa9', '394b434defd74548ab04493b5fee924b', '2019-01-09 11:25:15', 'admin_test', '2019-01-10 13:08:57', 'admin_test', null, 'Used');
INSERT INTO `sys_resource` VALUES ('bda4da4b71a942be9e23883e3386479a', 'Menu', '56ed32d56af64758b90734393916db84', 'b860f629bd3f4e118fa2b406c1684689', '2019-01-29 14:25:16', 'admin', '2019-01-29 14:29:23', 'admin', null, 'Used');
INSERT INTO `sys_resource` VALUES ('d676154546b94379b5851ba52a0295f0', 'Menu', '6e4b20a23afe4bf6a4a5d24d3071d550', 'dd06238dfa334787a1cba25619d0bbc0', '2019-04-01 14:30:40', 'ieg', null, null, null, 'Used');
INSERT INTO `sys_resource` VALUES ('d6f4624a49a54b1a8c45385f5af42786', 'Menu', '35e5441365f84896a91777b7880ab10d', 'dd06238dfa334787a1cba25619d0bbc0', '2019-03-29 16:45:05', 'ieg', '2019-03-29 16:45:13', 'ieg', null, 'Used');
INSERT INTO `sys_resource` VALUES ('d8ba380d157846d691f0eb3ec5902130', 'Menu', '73450906179349219f2821c8e9c2fee9', '394b434defd74548ab04493b5fee924b', '2019-01-29 09:40:40', 'admin', null, null, null, 'Used');
INSERT INTO `sys_resource` VALUES ('d93c6b60ebc8495aa9596ca78f074e26', 'Menu', '786a7fd7783e4bc6bb9f880aecd058a5', 'dd06238dfa334787a1cba25619d0bbc0', '2019-04-01 16:11:33', 'ieg', '2019-04-01 16:12:46', 'ieg', null, 'Used');
INSERT INTO `sys_resource` VALUES ('dd06238dfa334787a1cba25619d0bbc0', 'System', 'e2c1a10b8799418f80b99545d7b83296', null, '2019-01-11 09:01:56', 'admin_test', null, null, null, 'Used');
INSERT INTO `sys_resource` VALUES ('ec624a3e7cad4f5ea107902df3390ba3', 'Menu', '4f565e58e7be42c2ab7726494a1a9d1a', '394b434defd74548ab04493b5fee924b', '2019-01-09 11:23:47', 'admin_test', '2019-01-16 10:56:30', 'admin_test', null, 'Used');
INSERT INTO `sys_resource` VALUES ('ef1bbf18e5b54c63a0d5c2ec4183c7ff', 'Button', '1bfbac06c98e45d8bfffb40f7b4aae28', '74a2ee6672dc4bcbba6f86c402903660', '2019-04-11 20:08:48', 'ieg', null, null, null, 'Used');
INSERT INTO `sys_resource` VALUES ('f3a8a2607e7e4d689565ac596cfbc3b4', 'Button', 'cf800ae3d06c4723966963f7c7fd4ea9', '4196bc3de8254b2a95d03a79d40279bf', '2019-03-24 11:49:36', 'admin', null, null, null, 'Used');
INSERT INTO `sys_resource` VALUES ('f3bb0d693a124fdfbfff1fca745fa160', 'Button', '241846af380e4cc0bd6b4817565c5a9a', '13704bf763904cfbb4ecd4395a7c7745', '2019-01-09 13:50:42', 'admin_test', null, null, null, 'Used');
INSERT INTO `sys_resource` VALUES ('f5224801941644bdad7a0ea7fe6f863e', 'Menu', 'f564547f036e4631967ed4ba0c165d38', 'b860f629bd3f4e118fa2b406c1684689', '2019-01-29 14:25:53', 'admin', '2019-01-29 14:29:27', 'admin', null, 'Used');

-- ----------------------------
-- Table structure for sys_role
-- ----------------------------
DROP TABLE IF EXISTS `sys_role`;
CREATE TABLE `sys_role` (
  `id` varchar(64) COLLATE utf8mb4_bin NOT NULL COMMENT 'ID',
  `name` varchar(64) COLLATE utf8mb4_bin NOT NULL,
  `code` varchar(64) COLLATE utf8mb4_bin NOT NULL,
  `create_date` timestamp NULL DEFAULT CURRENT_TIMESTAMP COMMENT '',
  `create_by` varchar(64) COLLATE utf8mb4_bin DEFAULT NULL COMMENT '',
  `update_date` timestamp NULL DEFAULT NULL ON UPDATE CURRENT_TIMESTAMP COMMENT '',
  `update_by` varchar(64) COLLATE utf8mb4_bin DEFAULT NULL COMMENT '',
  `remark` varchar(255) COLLATE utf8mb4_bin DEFAULT NULL COMMENT '',
  `delete_flag` varchar(10) COLLATE utf8mb4_bin DEFAULT 'Used' COMMENT 'used disable delete',
  PRIMARY KEY (`id`)
) ENGINE=InnoDB DEFAULT CHARSET=utf8mb4 COLLATE=utf8mb4_bin;

-- ----------------------------
-- Records of sys_role
-- ----------------------------
INSERT INTO `sys_role` VALUES ('1', '', 'admin', '2019-01-09 11:05:56', 'admin', '2019-01-09 11:06:12', null, '', 'Used');
INSERT INTO `sys_role` VALUES ('4501a9f26d654722b4877a559c18751a', '', 'ieg_common', '2019-04-10 15:59:44', 'ieg', null, null, null, 'Used');
INSERT INTO `sys_role` VALUES ('74c618cacb7344b58dab4fdb8601bccc', 'ieg', 'ieg', '2019-03-24 11:20:26', 'admin', null, null, null, 'Used');
INSERT INTO `sys_role` VALUES ('b5270709547143e5afb16c1f5c61ce95', '', 'common', '2019-01-17 10:19:20', 'admin_test', null, null, null, 'Used');
INSERT INTO `sys_role` VALUES ('d68fd78cb816477ea948734124de9eb6', '2', 'common2', '2019-01-28 17:02:08', null, null, null, null, 'Used');

-- ----------------------------
-- Table structure for sys_role_data
-- ----------------------------
DROP TABLE IF EXISTS `sys_role_data`;
CREATE TABLE `sys_role_data` (
  `role_id` varchar(64) NOT NULL COMMENT 'ID',
  `rule_id` varchar(64) NOT NULL COMMENT 'ID   sys_data_scope_rule.id',
  `create_date` timestamp NULL DEFAULT CURRENT_TIMESTAMP COMMENT '',
  `create_by` varchar(64) CHARACTER SET utf8mb4 COLLATE utf8mb4_bin DEFAULT NULL COMMENT '',
  `update_date` timestamp NULL DEFAULT NULL ON UPDATE CURRENT_TIMESTAMP COMMENT '',
  `update_by` varchar(64) CHARACTER SET utf8mb4 COLLATE utf8mb4_bin DEFAULT NULL COMMENT '',
  `remark` varchar(255) CHARACTER SET utf8mb4 COLLATE utf8mb4_bin DEFAULT NULL COMMENT '',
  `delete_flag` varchar(10) CHARACTER SET utf8mb4 COLLATE utf8mb4_bin DEFAULT 'Used' COMMENT 'used disable delete',
  PRIMARY KEY (`role_id`,`rule_id`)
) ENGINE=InnoDB DEFAULT CHARSET=utf8 COMMENT='';

-- ----------------------------
-- Records of sys_role_data
-- ----------------------------
INSERT INTO `sys_role_data` VALUES ('1', '6f5e85677caf40aba4e4fe8cbbb072db', '2019-03-21 21:08:48', 'admin', null, null, null, 'Used');
INSERT INTO `sys_role_data` VALUES ('b5270709547143e5afb16c1f5c61ce95', '6f5e85677caf40aba4e4fe8cbbb072db', '2019-03-21 21:09:06', 'admin', null, null, null, 'Used');
INSERT INTO `sys_role_data` VALUES ('d68fd78cb816477ea948734124de9eb6', 'cef5f754102149d2b13e71c6f1521d51', '2019-03-22 21:36:26', 'admin', null, null, null, 'Used');

-- ----------------------------
-- Table structure for sys_role_resource
-- ----------------------------
DROP TABLE IF EXISTS `sys_role_resource`;
CREATE TABLE `sys_role_resource` (
  `role_id` varchar(64) NOT NULL COMMENT 'ID',
  `resource_id` varchar(64) NOT NULL COMMENT 'ID',
  `create_date` timestamp NULL DEFAULT CURRENT_TIMESTAMP COMMENT '',
  `create_by` varchar(64) CHARACTER SET utf8mb4 COLLATE utf8mb4_bin DEFAULT NULL COMMENT '',
  `update_date` timestamp NULL DEFAULT NULL ON UPDATE CURRENT_TIMESTAMP COMMENT '',
  `update_by` varchar(64) CHARACTER SET utf8mb4 COLLATE utf8mb4_bin DEFAULT NULL COMMENT '',
  `remark` varchar(255) CHARACTER SET utf8mb4 COLLATE utf8mb4_bin DEFAULT NULL COMMENT '',
  `delete_flag` varchar(10) CHARACTER SET utf8mb4 COLLATE utf8mb4_bin DEFAULT 'Used' COMMENT 'used disable delete',
  PRIMARY KEY (`role_id`,`resource_id`)
) ENGINE=InnoDB DEFAULT CHARSET=utf8 COMMENT='';

-- ----------------------------
-- Records of sys_role_resource
-- ----------------------------
INSERT INTO `sys_role_resource` VALUES ('1', '101c7ef15cd8474da7586316eb3289c3', '2019-03-19 23:10:09', 'admin', null, null, null, 'Used');
INSERT INTO `sys_role_resource` VALUES ('1', '13704bf763904cfbb4ecd4395a7c7745', '2019-03-19 23:10:09', 'admin', null, null, null, 'Used');
INSERT INTO `sys_role_resource` VALUES ('1', '1419331c93f949fda927aa562363f0c9', '2019-03-19 23:10:09', 'admin', null, null, null, 'Used');
INSERT INTO `sys_role_resource` VALUES ('1', '21e01b2da75c42e39968d514c25a1f56', '2019-03-19 23:10:09', 'admin', null, null, null, 'Used');
INSERT INTO `sys_role_resource` VALUES ('1', '2a63aec9db604fa898c11380e8893dd2', '2019-03-19 23:10:09', 'admin', null, null, null, 'Used');
INSERT INTO `sys_role_resource` VALUES ('1', '328672b0736b4e57ba1803571ef418d1', '2019-03-19 23:10:09', 'admin', null, null, null, 'Used');
INSERT INTO `sys_role_resource` VALUES ('1', '394b434defd74548ab04493b5fee924b', '2019-03-19 23:10:09', 'admin', null, null, null, 'Used');
INSERT INTO `sys_role_resource` VALUES ('1', '408099690e724f70bd655be2ee00dccd', '2019-03-19 23:10:09', 'admin', null, null, null, 'Used');
INSERT INTO `sys_role_resource` VALUES ('1', '4e1f90aad6594c4d81f232ef28e7d40f', '2019-03-19 23:10:09', 'admin', null, null, null, 'Used');
INSERT INTO `sys_role_resource` VALUES ('1', '4f3355f7ae6c4156ac320f9691e91a4b', '2019-03-19 23:10:09', 'admin', null, null, null, 'Used');
INSERT INTO `sys_role_resource` VALUES ('1', '50226e046cab4cc9bdf88684698ee47f', '2019-03-19 23:10:09', 'admin', null, null, null, 'Used');
INSERT INTO `sys_role_resource` VALUES ('1', '55910164c8fc4dd28a889059697b5b32', '2019-03-19 23:10:09', 'admin', null, null, null, 'Used');
INSERT INTO `sys_role_resource` VALUES ('1', '7a684d1e725e4864a4d12b347ef97ce2', '2019-03-19 23:10:09', 'admin', null, null, null, 'Used');
INSERT INTO `sys_role_resource` VALUES ('1', '7d3065f62b184acba8be3323c40723ab', '2019-03-19 23:10:09', 'admin', null, null, null, 'Used');
INSERT INTO `sys_role_resource` VALUES ('1', '812368028df247a69bc974adb44cd0b4', '2019-03-19 23:10:09', 'admin', null, null, null, 'Used');
INSERT INTO `sys_role_resource` VALUES ('1', '88139b0b64ae46a5a70ca1c53f43872b', '2019-03-19 23:10:09', 'admin', null, null, null, 'Used');
INSERT INTO `sys_role_resource` VALUES ('1', '8b181665db794069b476f02f42e1a8f8', '2019-03-19 23:10:09', 'admin', null, null, null, 'Used');
INSERT INTO `sys_role_resource` VALUES ('1', '9004f54f261f4320b05beb2b82dd4c3f', '2019-03-19 23:10:09', 'admin', null, null, null, 'Used');
INSERT INTO `sys_role_resource` VALUES ('1', '9aa69c54984c455daa3be9c574f4209d', '2019-03-19 23:10:09', 'admin', null, null, null, 'Used');
INSERT INTO `sys_role_resource` VALUES ('1', '9cf2b9bf83164fb2978c2f434827b2b9', '2019-03-19 23:10:09', 'admin', null, null, null, 'Used');
INSERT INTO `sys_role_resource` VALUES ('1', 'ade198a8d94d43829fff1ea35fc2bf37', '2019-03-19 23:10:09', 'admin', null, null, null, 'Used');
INSERT INTO `sys_role_resource` VALUES ('1', 'b860f629bd3f4e118fa2b406c1684689', '2019-03-19 23:10:09', 'admin', null, null, null, 'Used');
INSERT INTO `sys_role_resource` VALUES ('1', 'b8c745e5a9ff4159ae4ea141db35a0e8', '2019-03-19 23:10:09', 'admin', null, null, null, 'Used');
INSERT INTO `sys_role_resource` VALUES ('1', 'b98f836b7276467ea18cca3900071c51', '2019-03-19 23:10:09', 'admin', null, null, null, 'Used');
INSERT INTO `sys_role_resource` VALUES ('1', 'bda4da4b71a942be9e23883e3386479a', '2019-03-19 23:10:09', 'admin', null, null, null, 'Used');
INSERT INTO `sys_role_resource` VALUES ('1', 'd8ba380d157846d691f0eb3ec5902130', '2019-03-19 23:10:09', 'admin', null, null, null, 'Used');
INSERT INTO `sys_role_resource` VALUES ('1', 'ec624a3e7cad4f5ea107902df3390ba3', '2019-03-19 23:10:09', 'admin', null, null, null, 'Used');
INSERT INTO `sys_role_resource` VALUES ('1', 'f3bb0d693a124fdfbfff1fca745fa160', '2019-03-19 23:10:09', 'admin', null, null, null, 'Used');
INSERT INTO `sys_role_resource` VALUES ('1', 'f5224801941644bdad7a0ea7fe6f863e', '2019-03-19 23:10:09', 'admin', null, null, null, 'Used');
INSERT INTO `sys_role_resource` VALUES ('4501a9f26d654722b4877a559c18751a', '0254a06c10bb4cc783d7e62cf55ac9c0', '2019-04-11 20:05:54', 'ieg', null, null, null, 'Used');
INSERT INTO `sys_role_resource` VALUES ('4501a9f26d654722b4877a559c18751a', '101c7ef15cd8474da7586316eb3289c3', '2019-04-11 20:05:54', 'ieg', null, null, null, 'Used');
INSERT INTO `sys_role_resource` VALUES ('4501a9f26d654722b4877a559c18751a', '195da5c9121b40c4b06fba72585f5fe5', '2019-04-11 20:05:54', 'ieg', null, null, null, 'Used');
INSERT INTO `sys_role_resource` VALUES ('4501a9f26d654722b4877a559c18751a', '21e01b2da75c42e39968d514c25a1f56', '2019-04-11 20:05:54', 'ieg', null, null, null, 'Used');
INSERT INTO `sys_role_resource` VALUES ('4501a9f26d654722b4877a559c18751a', '408099690e724f70bd655be2ee00dccd', '2019-04-11 20:05:54', 'ieg', null, null, null, 'Used');
INSERT INTO `sys_role_resource` VALUES ('4501a9f26d654722b4877a559c18751a', '4196bc3de8254b2a95d03a79d40279bf', '2019-04-11 20:05:54', 'ieg', null, null, null, 'Used');
INSERT INTO `sys_role_resource` VALUES ('4501a9f26d654722b4877a559c18751a', '52623385f20e4df795f010572512c0e3', '2019-04-11 20:05:54', 'ieg', null, null, null, 'Used');
INSERT INTO `sys_role_resource` VALUES ('4501a9f26d654722b4877a559c18751a', '55910164c8fc4dd28a889059697b5b32', '2019-04-11 20:05:54', 'ieg', null, null, null, 'Used');
INSERT INTO `sys_role_resource` VALUES ('4501a9f26d654722b4877a559c18751a', '6730994d67ea410f84028abda4f6f99c', '2019-04-11 20:05:54', 'ieg', null, null, null, 'Used');
INSERT INTO `sys_role_resource` VALUES ('4501a9f26d654722b4877a559c18751a', '732f59a4c0df4aa2b2c2e3f952c283f4', '2019-04-11 20:05:54', 'ieg', null, null, null, 'Used');
INSERT INTO `sys_role_resource` VALUES ('4501a9f26d654722b4877a559c18751a', '74a2ee6672dc4bcbba6f86c402903660', '2019-04-11 20:05:54', 'ieg', null, null, null, 'Used');
INSERT INTO `sys_role_resource` VALUES ('4501a9f26d654722b4877a559c18751a', '76c8fc05ff294ef38b87e6e7a82054d2', '2019-04-11 20:05:54', 'ieg', null, null, null, 'Used');
INSERT INTO `sys_role_resource` VALUES ('4501a9f26d654722b4877a559c18751a', '88139b0b64ae46a5a70ca1c53f43872b', '2019-04-11 20:05:54', 'ieg', null, null, null, 'Used');
INSERT INTO `sys_role_resource` VALUES ('4501a9f26d654722b4877a559c18751a', '8b181665db794069b476f02f42e1a8f8', '2019-04-11 20:05:54', 'ieg', null, null, null, 'Used');
INSERT INTO `sys_role_resource` VALUES ('4501a9f26d654722b4877a559c18751a', '8eb4b26f990d414285e330fed2292e20', '2019-04-11 20:05:54', 'ieg', null, null, null, 'Used');
INSERT INTO `sys_role_resource` VALUES ('4501a9f26d654722b4877a559c18751a', '9004f54f261f4320b05beb2b82dd4c3f', '2019-04-11 20:05:54', 'ieg', null, null, null, 'Used');
INSERT INTO `sys_role_resource` VALUES ('4501a9f26d654722b4877a559c18751a', '95de2c8a8eb54877a9bc3d20dce786f0', '2019-04-11 20:05:54', 'ieg', null, null, null, 'Used');
INSERT INTO `sys_role_resource` VALUES ('4501a9f26d654722b4877a559c18751a', 'ae76292783734369a20446e20544a5f0', '2019-04-11 20:05:54', 'ieg', null, null, null, 'Used');
INSERT INTO `sys_role_resource` VALUES ('4501a9f26d654722b4877a559c18751a', 'd676154546b94379b5851ba52a0295f0', '2019-04-11 20:05:54', 'ieg', null, null, null, 'Used');
INSERT INTO `sys_role_resource` VALUES ('4501a9f26d654722b4877a559c18751a', 'd6f4624a49a54b1a8c45385f5af42786', '2019-04-11 20:05:54', 'ieg', null, null, null, 'Used');
INSERT INTO `sys_role_resource` VALUES ('4501a9f26d654722b4877a559c18751a', 'd93c6b60ebc8495aa9596ca78f074e26', '2019-04-11 20:05:54', 'ieg', null, null, null, 'Used');
INSERT INTO `sys_role_resource` VALUES ('4501a9f26d654722b4877a559c18751a', 'dd06238dfa334787a1cba25619d0bbc0', '2019-04-11 20:05:54', 'ieg', null, null, null, 'Used');
INSERT INTO `sys_role_resource` VALUES ('4501a9f26d654722b4877a559c18751a', 'f3a8a2607e7e4d689565ac596cfbc3b4', '2019-04-11 20:05:54', 'ieg', null, null, null, 'Used');
INSERT INTO `sys_role_resource` VALUES ('4501a9f26d654722b4877a559c18751a', 'f3bb0d693a124fdfbfff1fca745fa160', '2019-04-11 20:05:54', 'ieg', null, null, null, 'Used');
INSERT INTO `sys_role_resource` VALUES ('74c618cacb7344b58dab4fdb8601bccc', '0254a06c10bb4cc783d7e62cf55ac9c0', '2019-04-11 20:09:26', 'ieg', null, null, null, 'Used');
INSERT INTO `sys_role_resource` VALUES ('74c618cacb7344b58dab4fdb8601bccc', '101c7ef15cd8474da7586316eb3289c3', '2019-04-11 20:09:26', 'ieg', null, null, null, 'Used');
INSERT INTO `sys_role_resource` VALUES ('74c618cacb7344b58dab4fdb8601bccc', '13704bf763904cfbb4ecd4395a7c7745', '2019-04-11 20:09:26', 'ieg', null, null, null, 'Used');
INSERT INTO `sys_role_resource` VALUES ('74c618cacb7344b58dab4fdb8601bccc', '195da5c9121b40c4b06fba72585f5fe5', '2019-04-11 20:09:26', 'ieg', null, null, null, 'Used');
INSERT INTO `sys_role_resource` VALUES ('74c618cacb7344b58dab4fdb8601bccc', '21e01b2da75c42e39968d514c25a1f56', '2019-04-11 20:09:26', 'ieg', null, null, null, 'Used');
INSERT INTO `sys_role_resource` VALUES ('74c618cacb7344b58dab4fdb8601bccc', '2a63aec9db604fa898c11380e8893dd2', '2019-04-11 20:09:26', 'ieg', null, null, null, 'Used');
INSERT INTO `sys_role_resource` VALUES ('74c618cacb7344b58dab4fdb8601bccc', '2d481065ccf440a8b45d3acb637eed5e', '2019-04-11 20:09:26', 'ieg', null, null, null, 'Used');
INSERT INTO `sys_role_resource` VALUES ('74c618cacb7344b58dab4fdb8601bccc', '394b434defd74548ab04493b5fee924b', '2019-04-11 20:09:26', 'ieg', null, null, null, 'Used');
INSERT INTO `sys_role_resource` VALUES ('74c618cacb7344b58dab4fdb8601bccc', '3ef924c74b324a92aee904190a29b318', '2019-04-11 20:09:26', 'ieg', null, null, null, 'Used');
INSERT INTO `sys_role_resource` VALUES ('74c618cacb7344b58dab4fdb8601bccc', '408099690e724f70bd655be2ee00dccd', '2019-04-11 20:09:26', 'ieg', null, null, null, 'Used');
INSERT INTO `sys_role_resource` VALUES ('74c618cacb7344b58dab4fdb8601bccc', '4196bc3de8254b2a95d03a79d40279bf', '2019-04-11 20:09:26', 'ieg', null, null, null, 'Used');
INSERT INTO `sys_role_resource` VALUES ('74c618cacb7344b58dab4fdb8601bccc', '4e1f90aad6594c4d81f232ef28e7d40f', '2019-04-11 20:09:26', 'ieg', null, null, null, 'Used');
INSERT INTO `sys_role_resource` VALUES ('74c618cacb7344b58dab4fdb8601bccc', '4f3355f7ae6c4156ac320f9691e91a4b', '2019-04-11 20:09:26', 'ieg', null, null, null, 'Used');
INSERT INTO `sys_role_resource` VALUES ('74c618cacb7344b58dab4fdb8601bccc', '50226e046cab4cc9bdf88684698ee47f', '2019-04-11 20:09:26', 'ieg', null, null, null, 'Used');
INSERT INTO `sys_role_resource` VALUES ('74c618cacb7344b58dab4fdb8601bccc', '52623385f20e4df795f010572512c0e3', '2019-04-11 20:09:26', 'ieg', null, null, null, 'Used');
INSERT INTO `sys_role_resource` VALUES ('74c618cacb7344b58dab4fdb8601bccc', '55910164c8fc4dd28a889059697b5b32', '2019-04-11 20:09:26', 'ieg', null, null, null, 'Used');
INSERT INTO `sys_role_resource` VALUES ('74c618cacb7344b58dab4fdb8601bccc', '6730994d67ea410f84028abda4f6f99c', '2019-04-11 20:09:26', 'ieg', null, null, null, 'Used');
INSERT INTO `sys_role_resource` VALUES ('74c618cacb7344b58dab4fdb8601bccc', '732f59a4c0df4aa2b2c2e3f952c283f4', '2019-04-11 20:09:26', 'ieg', null, null, null, 'Used');
INSERT INTO `sys_role_resource` VALUES ('74c618cacb7344b58dab4fdb8601bccc', '74a2ee6672dc4bcbba6f86c402903660', '2019-04-11 20:09:26', 'ieg', null, null, null, 'Used');
INSERT INTO `sys_role_resource` VALUES ('74c618cacb7344b58dab4fdb8601bccc', '76c8fc05ff294ef38b87e6e7a82054d2', '2019-04-11 20:09:26', 'ieg', null, null, null, 'Used');
INSERT INTO `sys_role_resource` VALUES ('74c618cacb7344b58dab4fdb8601bccc', '7a684d1e725e4864a4d12b347ef97ce2', '2019-04-11 20:09:26', 'ieg', null, null, null, 'Used');
INSERT INTO `sys_role_resource` VALUES ('74c618cacb7344b58dab4fdb8601bccc', '88139b0b64ae46a5a70ca1c53f43872b', '2019-04-11 20:09:26', 'ieg', null, null, null, 'Used');
INSERT INTO `sys_role_resource` VALUES ('74c618cacb7344b58dab4fdb8601bccc', '88290309f0bd45feb1a2e2e5592b7d9d', '2019-04-11 20:09:26', 'ieg', null, null, null, 'Used');
INSERT INTO `sys_role_resource` VALUES ('74c618cacb7344b58dab4fdb8601bccc', '8895ba596a104bdc80b719efaf6162b1', '2019-04-11 20:09:26', 'ieg', null, null, null, 'Used');
INSERT INTO `sys_role_resource` VALUES ('74c618cacb7344b58dab4fdb8601bccc', '8b181665db794069b476f02f42e1a8f8', '2019-04-11 20:09:26', 'ieg', null, null, null, 'Used');
INSERT INTO `sys_role_resource` VALUES ('74c618cacb7344b58dab4fdb8601bccc', '8eb4b26f990d414285e330fed2292e20', '2019-04-11 20:09:26', 'ieg', null, null, null, 'Used');
INSERT INTO `sys_role_resource` VALUES ('74c618cacb7344b58dab4fdb8601bccc', '9004f54f261f4320b05beb2b82dd4c3f', '2019-04-11 20:09:26', 'ieg', null, null, null, 'Used');
INSERT INTO `sys_role_resource` VALUES ('74c618cacb7344b58dab4fdb8601bccc', '95de2c8a8eb54877a9bc3d20dce786f0', '2019-04-11 20:09:26', 'ieg', null, null, null, 'Used');
INSERT INTO `sys_role_resource` VALUES ('74c618cacb7344b58dab4fdb8601bccc', '9aa69c54984c455daa3be9c574f4209d', '2019-04-11 20:09:26', 'ieg', null, null, null, 'Used');
INSERT INTO `sys_role_resource` VALUES ('74c618cacb7344b58dab4fdb8601bccc', '9cf2b9bf83164fb2978c2f434827b2b9', '2019-04-11 20:09:26', 'ieg', null, null, null, 'Used');
INSERT INTO `sys_role_resource` VALUES ('74c618cacb7344b58dab4fdb8601bccc', 'ade198a8d94d43829fff1ea35fc2bf37', '2019-04-11 20:09:26', 'ieg', null, null, null, 'Used');
INSERT INTO `sys_role_resource` VALUES ('74c618cacb7344b58dab4fdb8601bccc', 'ae76292783734369a20446e20544a5f0', '2019-04-11 20:09:26', 'ieg', null, null, null, 'Used');
INSERT INTO `sys_role_resource` VALUES ('74c618cacb7344b58dab4fdb8601bccc', 'b8c745e5a9ff4159ae4ea141db35a0e8', '2019-04-11 20:09:26', 'ieg', null, null, null, 'Used');
INSERT INTO `sys_role_resource` VALUES ('74c618cacb7344b58dab4fdb8601bccc', 'b98f836b7276467ea18cca3900071c51', '2019-04-11 20:09:26', 'ieg', null, null, null, 'Used');
INSERT INTO `sys_role_resource` VALUES ('74c618cacb7344b58dab4fdb8601bccc', 'd676154546b94379b5851ba52a0295f0', '2019-04-11 20:09:26', 'ieg', null, null, null, 'Used');
INSERT INTO `sys_role_resource` VALUES ('74c618cacb7344b58dab4fdb8601bccc', 'd6f4624a49a54b1a8c45385f5af42786', '2019-04-11 20:09:26', 'ieg', null, null, null, 'Used');
INSERT INTO `sys_role_resource` VALUES ('74c618cacb7344b58dab4fdb8601bccc', 'd8ba380d157846d691f0eb3ec5902130', '2019-04-11 20:09:26', 'ieg', null, null, null, 'Used');
INSERT INTO `sys_role_resource` VALUES ('74c618cacb7344b58dab4fdb8601bccc', 'd93c6b60ebc8495aa9596ca78f074e26', '2019-04-11 20:09:26', 'ieg', null, null, null, 'Used');
INSERT INTO `sys_role_resource` VALUES ('74c618cacb7344b58dab4fdb8601bccc', 'dd06238dfa334787a1cba25619d0bbc0', '2019-04-11 20:09:26', 'ieg', null, null, null, 'Used');
INSERT INTO `sys_role_resource` VALUES ('74c618cacb7344b58dab4fdb8601bccc', 'ec624a3e7cad4f5ea107902df3390ba3', '2019-04-11 20:09:26', 'ieg', null, null, null, 'Used');
INSERT INTO `sys_role_resource` VALUES ('74c618cacb7344b58dab4fdb8601bccc', 'ef1bbf18e5b54c63a0d5c2ec4183c7ff', '2019-04-11 20:09:26', 'ieg', null, null, null, 'Used');
INSERT INTO `sys_role_resource` VALUES ('74c618cacb7344b58dab4fdb8601bccc', 'f3a8a2607e7e4d689565ac596cfbc3b4', '2019-04-11 20:09:26', 'ieg', null, null, null, 'Used');
INSERT INTO `sys_role_resource` VALUES ('74c618cacb7344b58dab4fdb8601bccc', 'f3bb0d693a124fdfbfff1fca745fa160', '2019-04-11 20:09:26', 'ieg', null, null, null, 'Used');
INSERT INTO `sys_role_resource` VALUES ('b5270709547143e5afb16c1f5c61ce95', '101c7ef15cd8474da7586316eb3289c3', '2019-02-15 13:52:47', 'admin', null, null, null, 'Used');
INSERT INTO `sys_role_resource` VALUES ('b5270709547143e5afb16c1f5c61ce95', '1419331c93f949fda927aa562363f0c9', '2019-02-15 13:52:47', 'admin', null, null, null, 'Used');
INSERT INTO `sys_role_resource` VALUES ('b5270709547143e5afb16c1f5c61ce95', '21e01b2da75c42e39968d514c25a1f56', '2019-02-15 13:52:47', 'admin', null, null, null, 'Used');
INSERT INTO `sys_role_resource` VALUES ('b5270709547143e5afb16c1f5c61ce95', '328672b0736b4e57ba1803571ef418d1', '2019-02-15 13:52:47', 'admin', null, null, null, 'Used');
INSERT INTO `sys_role_resource` VALUES ('b5270709547143e5afb16c1f5c61ce95', '408099690e724f70bd655be2ee00dccd', '2019-02-15 13:52:47', 'admin', null, null, null, 'Used');
INSERT INTO `sys_role_resource` VALUES ('b5270709547143e5afb16c1f5c61ce95', '55910164c8fc4dd28a889059697b5b32', '2019-02-15 13:52:47', 'admin', null, null, null, 'Used');
INSERT INTO `sys_role_resource` VALUES ('b5270709547143e5afb16c1f5c61ce95', '7d3065f62b184acba8be3323c40723ab', '2019-02-15 13:52:47', 'admin', null, null, null, 'Used');
INSERT INTO `sys_role_resource` VALUES ('b5270709547143e5afb16c1f5c61ce95', '88139b0b64ae46a5a70ca1c53f43872b', '2019-02-15 13:52:47', 'admin', null, null, null, 'Used');
INSERT INTO `sys_role_resource` VALUES ('b5270709547143e5afb16c1f5c61ce95', '8b181665db794069b476f02f42e1a8f8', '2019-02-15 13:52:47', 'admin', null, null, null, 'Used');
INSERT INTO `sys_role_resource` VALUES ('b5270709547143e5afb16c1f5c61ce95', '9004f54f261f4320b05beb2b82dd4c3f', '2019-02-15 13:52:47', 'admin', null, null, null, 'Used');
INSERT INTO `sys_role_resource` VALUES ('b5270709547143e5afb16c1f5c61ce95', 'b860f629bd3f4e118fa2b406c1684689', '2019-02-15 13:52:47', 'admin', null, null, null, 'Used');
INSERT INTO `sys_role_resource` VALUES ('b5270709547143e5afb16c1f5c61ce95', 'bda4da4b71a942be9e23883e3386479a', '2019-02-15 13:52:47', 'admin', null, null, null, 'Used');
INSERT INTO `sys_role_resource` VALUES ('b5270709547143e5afb16c1f5c61ce95', 'f3bb0d693a124fdfbfff1fca745fa160', '2019-02-15 13:52:47', 'admin', null, null, null, 'Used');
INSERT INTO `sys_role_resource` VALUES ('b5270709547143e5afb16c1f5c61ce95', 'f5224801941644bdad7a0ea7fe6f863e', '2019-02-15 13:52:47', 'admin', null, null, null, 'Used');
INSERT INTO `sys_role_resource` VALUES ('d68fd78cb816477ea948734124de9eb6', '101c7ef15cd8474da7586316eb3289c3', '2019-04-04 14:32:06', 'ieg', null, null, null, 'Used');
INSERT INTO `sys_role_resource` VALUES ('d68fd78cb816477ea948734124de9eb6', '1419331c93f949fda927aa562363f0c9', '2019-04-04 14:32:06', 'ieg', null, null, null, 'Used');
INSERT INTO `sys_role_resource` VALUES ('d68fd78cb816477ea948734124de9eb6', '21e01b2da75c42e39968d514c25a1f56', '2019-04-04 14:32:06', 'ieg', null, null, null, 'Used');
INSERT INTO `sys_role_resource` VALUES ('d68fd78cb816477ea948734124de9eb6', '408099690e724f70bd655be2ee00dccd', '2019-04-04 14:32:06', 'ieg', null, null, null, 'Used');
INSERT INTO `sys_role_resource` VALUES ('d68fd78cb816477ea948734124de9eb6', '55910164c8fc4dd28a889059697b5b32', '2019-04-04 14:32:06', 'ieg', null, null, null, 'Used');
INSERT INTO `sys_role_resource` VALUES ('d68fd78cb816477ea948734124de9eb6', '7d3065f62b184acba8be3323c40723ab', '2019-04-04 14:32:06', 'ieg', null, null, null, 'Used');
INSERT INTO `sys_role_resource` VALUES ('d68fd78cb816477ea948734124de9eb6', '88139b0b64ae46a5a70ca1c53f43872b', '2019-04-04 14:32:06', 'ieg', null, null, null, 'Used');
INSERT INTO `sys_role_resource` VALUES ('d68fd78cb816477ea948734124de9eb6', '8b181665db794069b476f02f42e1a8f8', '2019-04-04 14:32:06', 'ieg', null, null, null, 'Used');
INSERT INTO `sys_role_resource` VALUES ('d68fd78cb816477ea948734124de9eb6', '9004f54f261f4320b05beb2b82dd4c3f', '2019-04-04 14:32:06', 'ieg', null, null, null, 'Used');
INSERT INTO `sys_role_resource` VALUES ('d68fd78cb816477ea948734124de9eb6', 'f3bb0d693a124fdfbfff1fca745fa160', '2019-04-04 14:32:06', 'ieg', null, null, null, 'Used');

-- ----------------------------
-- Table structure for sys_system
-- ----------------------------
DROP TABLE IF EXISTS `sys_system`;
CREATE TABLE `sys_system` (
  `id` varchar(64) NOT NULL COMMENT 'ID',
  `name` varchar(255) CHARACTER SET utf8mb4 COLLATE utf8mb4_bin DEFAULT NULL COMMENT '',
  `icon` varchar(128) CHARACTER SET utf8mb4 COLLATE utf8mb4_bin DEFAULT NULL COMMENT '',
  `is_show` varchar(10) CHARACTER SET utf8mb4 COLLATE utf8mb4_bin DEFAULT 'Yes' COMMENT 'YesNo',
  `show_guide` varchar(10) CHARACTER SET utf8mb4 COLLATE utf8mb4_bin DEFAULT 'No' COMMENT 'YesNo',
  `show_menu` varchar(10) CHARACTER SET utf8mb4 COLLATE utf8mb4_bin DEFAULT 'No' COMMENT 'YesNo',
  `show_type` varchar(10) CHARACTER SET utf8mb4 COLLATE utf8mb4_bin DEFAULT 'Tabs' COMMENT 'Tabs Breadcrumb',
  `sort` int(11) DEFAULT '0' COMMENT '',
  `create_date` timestamp NULL DEFAULT CURRENT_TIMESTAMP COMMENT '',
  `create_by` varchar(64) CHARACTER SET utf8mb4 COLLATE utf8mb4_bin DEFAULT NULL COMMENT '',
  `update_date` timestamp NULL DEFAULT NULL ON UPDATE CURRENT_TIMESTAMP COMMENT '',
  `update_by` varchar(64) CHARACTER SET utf8mb4 COLLATE utf8mb4_bin DEFAULT NULL COMMENT '',
  `remark` varchar(255) CHARACTER SET utf8mb4 COLLATE utf8mb4_bin DEFAULT NULL COMMENT '',
  `delete_flag` varchar(10) CHARACTER SET utf8mb4 COLLATE utf8mb4_bin DEFAULT 'Used' COMMENT 'used disable delete',
  PRIMARY KEY (`id`)
) ENGINE=InnoDB DEFAULT CHARSET=utf8 COMMENT='';

-- ----------------------------
-- Records of sys_system
-- ----------------------------
INSERT INTO `sys_system` VALUES ('c63493fc99c8489294cbe839ce2071ac', '', 'md-cog', 'Yes', 'Yes', 'Yes', 'Breadcrumb', '1', '2019-01-09 11:19:50', '', '2019-01-25 14:10:19', 'admin', null, 'Used');
INSERT INTO `sys_system` VALUES ('d7065f3eba94409397f4d21f2692a8fa', '', 'logo-angular', 'Yes', 'No', 'Yes', 'Breadcrumb', '2', '2019-01-10 13:24:35', '', '2019-01-25 14:10:19', '', null, 'Used');
INSERT INTO `sys_system` VALUES ('e2c1a10b8799418f80b99545d7b83296', '', 'ios-briefcase', 'Yes', 'No', 'Yes', 'Breadcrumb', '4', '2019-01-11 09:01:56', '', '2019-01-25 14:10:20', 'ieg', null, 'Used');
INSERT INTO `sys_system` VALUES ('fa904fdc7ce74970a45d731ed3ba2364', '', 'logo-playstation', 'Yes', 'No', 'Yes', 'Tabs', '3', '2019-01-11 09:01:28', '', '2019-01-25 14:10:21', 'admin', null, 'Used');

-- ----------------------------
-- Table structure for sys_task
-- ----------------------------
DROP TABLE IF EXISTS `sys_task`;
CREATE TABLE `sys_task` (
  `id` varchar(64) COLLATE utf8mb4_bin NOT NULL COMMENT 'ID',
  `name` varchar(255) COLLATE utf8mb4_bin DEFAULT NULL COMMENT '',
  `group` varchar(255) COLLATE utf8mb4_bin DEFAULT NULL COMMENT '',
  `rule` varchar(40) COLLATE utf8mb4_bin DEFAULT NULL COMMENT '',
  `status` varchar(10) COLLATE utf8mb4_bin DEFAULT NULL COMMENT ' Yes No',
  `class_name` varchar(255) COLLATE utf8mb4_bin DEFAULT NULL COMMENT '',
  `create_date` timestamp NULL DEFAULT CURRENT_TIMESTAMP COMMENT '',
  `create_by` varchar(64) COLLATE utf8mb4_bin DEFAULT NULL COMMENT '',
  `update_date` timestamp NULL DEFAULT NULL ON UPDATE CURRENT_TIMESTAMP COMMENT '',
  `update_by` varchar(64) COLLATE utf8mb4_bin DEFAULT NULL COMMENT '',
  `remark` varchar(255) COLLATE utf8mb4_bin DEFAULT NULL COMMENT '',
  `delete_flag` varchar(10) COLLATE utf8mb4_bin DEFAULT 'Used' COMMENT 'used disable delete',
  PRIMARY KEY (`id`)
) ENGINE=InnoDB DEFAULT CHARSET=utf8mb4 COLLATE=utf8mb4_bin COMMENT='';

-- ----------------------------
-- Records of sys_task
-- ----------------------------
INSERT INTO `sys_task` VALUES ('79eb74272c124cd388c659916711c9a2', '', 'sys_task_sys', '0 0 23 * * ?', 'No', 'com.wang.jmonkey.modules.sys.task.SysClearLogTask', '2019-01-25 15:31:09', null, '2019-01-25 15:51:54', null, null, 'Delete');
INSERT INTO `sys_task` VALUES ('7ec18b47366e4b058820ed09ccdce156', '', 'sys_task_sys', '0 0 23 * * ?', 'No', 'com.wang.jmonkey.modules.message.task.MsChatClearHistoryTask', '2019-02-24 10:47:23', 'admin', '2019-03-11 13:43:58', 'admin', '', 'Used');
INSERT INTO `sys_task` VALUES ('98dcb9db37374495b45dcafb4f032638', '', 'sys_task_sys', '0 0 23 * * ?', 'No', 'com.wang.jmonkey.modules.message.task.MsChatClearHistoryTask', '2019-02-24 10:47:23', 'admin', '2019-03-11 14:20:24', 'admin', '', 'Delete');
INSERT INTO `sys_task` VALUES ('99ef4a1cd212432898afae4793094aa1', '', 'sys_task_test', '0 */1 * * * ?', 'No', 'com.wang.jmonkey.modules.sys.task.SysTestTask', '2019-01-25 15:23:56', null, '2019-01-25 15:27:08', 'admin', null, 'Used');
INSERT INTO `sys_task` VALUES ('c9c5681b0d794e708d00a728e453ed8a', '', 'sys_task_sys', '0 0 23 * * ?', 'No', 'com.wang.jmonkey.modules.sys.task.SysClearLogTask', '2019-01-25 15:31:09', null, '2019-01-25 15:32:36', 'admin', null, 'Used');
INSERT INTO `sys_task` VALUES ('db75dc06b7ae44fa944c9b4c953de01a', '', 'sys_task_sys', '0 */1 * * * ?', 'Yes', 'com.wang.jmonkey.modules.message.task.MsChatClearHistoryTask', '2019-02-24 10:47:23', 'admin', '2019-02-24 10:50:09', null, '', 'Delete');

-- ----------------------------
-- Table structure for sys_user
-- ----------------------------
DROP TABLE IF EXISTS `sys_user`;
CREATE TABLE `sys_user` (
  `id` varchar(64) COLLATE utf8mb4_bin NOT NULL COMMENT 'ID',
  `username` varchar(64) COLLATE utf8mb4_bin NOT NULL COMMENT '',
  `password` varchar(255) COLLATE utf8mb4_bin NOT NULL,
  `phone` varchar(20) COLLATE utf8mb4_bin DEFAULT NULL COMMENT '',
  `real_name` varchar(64) COLLATE utf8mb4_bin DEFAULT NULL COMMENT '',
  `birthday` date DEFAULT NULL COMMENT '',
  `sex` varchar(20) COLLATE utf8mb4_bin DEFAULT NULL COMMENT ' man woman other',
  `photo` varchar(255) COLLATE utf8mb4_bin DEFAULT NULL COMMENT '',
  `create_date` timestamp NULL DEFAULT CURRENT_TIMESTAMP COMMENT '',
  `create_by` varchar(64) COLLATE utf8mb4_bin DEFAULT NULL COMMENT '',
  `update_date` timestamp NULL DEFAULT NULL ON UPDATE CURRENT_TIMESTAMP COMMENT '',
  `update_by` varchar(64) COLLATE utf8mb4_bin DEFAULT NULL COMMENT '',
  `remark` varchar(255) COLLATE utf8mb4_bin DEFAULT NULL COMMENT '',
  `delete_flag` varchar(10) COLLATE utf8mb4_bin DEFAULT 'Used' COMMENT 'used disable delete',
  PRIMARY KEY (`id`)
) ENGINE=InnoDB DEFAULT CHARSET=utf8mb4 COLLATE=utf8mb4_bin COMMENT='';

-- ----------------------------
-- Records of sys_user
-- ----------------------------
INSERT INTO `sys_user` VALUES ('1', 'admin', '$2a$10$2KkX8XQk5D0/eOhoOZX/cuTGDId.0qa7iu4s21bhe.lTcIC7QkqnW', '13888888888', '', '2019-01-09', 'Other', '/assets/user/photo/df5152039a8349d8a6bb63c6d3a8f7de_16f351735c21400024da7bb264c4f8c2.jpg', '2019-01-09 11:07:45', 'admin_test', '2019-01-10 08:43:40', 'admin_test', null, 'Used');
INSERT INTO `sys_user` VALUES ('237f91e6cd1245dbb585f585d3f3b75e', 'common7', '$2a$10$M7ibF/Meny/wfT6csrKBw.MNJ9SaIJb45IedWl5OTtd0qEGlEdFgC', '13333333333', 'common7', '2019-02-12', 'Man', null, '2019-02-01 14:36:22', 'admin', null, null, null, 'Used');
INSERT INTO `sys_user` VALUES ('23bae2f290a947ae86e1731dcd2d7988', 'common5', '$2a$10$7RPCB6LRJ9DlgUIWR84R3eCzjMRtQYxqer1sLsNl.dDqsFOp6ydZO', '13666666666', 'common5', '2019-02-07', 'Man', null, '2019-02-01 14:35:44', 'admin', null, null, null, 'Used');
INSERT INTO `sys_user` VALUES ('2a635f6c3875401497c9953e311faeff', 'common10', '$2a$10$z.pbmc7L/5RUWegLkROCP.L.ms6TAEyTrQPDahxBUkUSYS2pktjni', '13888888888', '', '2019-03-11', 'Woman', '/assets/user/photo/fc8a3d23cd75496f80f589afba39d4a9_.jpg', '2019-03-17 11:46:29', 'admin', null, null, null, 'Used');
INSERT INTO `sys_user` VALUES ('36f8103bf41c4098b72d28734c5fb2ed', 'common', '$2a$10$7y1IOxvikqw3RmYTsRkDA.lBcp9sPWvvG8zHkLDIFAd7h3qMRHqia', '13555555555', '', '2019-01-18', 'Man', '/assets/user/photo/d42fc8a314164c49808dc848e654139b_1234567890.jpg', '2019-01-17 10:20:25', 'admin_test', '2019-01-30 14:48:58', 'admin', null, 'Used');
INSERT INTO `sys_user` VALUES ('514122a8c3944f10b245399aafc8978d', 'common6', '$2a$10$JjB8SExZ/T3vFMVkjBRsQuP/ga2pOP9ldcDXaiE3x4e3dQqg/sGC2', '13333333333', 'common6', '2019-02-06', 'Man', null, '2019-02-01 14:36:03', 'admin', null, null, null, 'Used');
INSERT INTO `sys_user` VALUES ('5b0048391d5e497398d363cbad1a21eb', 'common3', '$2a$10$fXIqrzrSenIm.dCk3zSdaeFGQ0AMkC1IkEP8v0DrmReLA6ahfq5fq', '13888889999', 'common3', '2019-02-13', 'Man', '/assets/user/photo/3ed0cc1f191640e9bb18f81804e823a5_a2.jpg', '2019-02-01 14:35:03', 'admin', '2019-02-01 14:35:24', 'admin', null, 'Used');
INSERT INTO `sys_user` VALUES ('6e2d55ca9b604e01b17b03c4fd7821d0', 'common8', '$2a$10$QcRSLD49p3avg67OGvlSK.jOY1iZIVRHYeskvCp5eI0Mr2C9u85ve', '13333333333', 'common8', '2019-02-13', 'Man', null, '2019-02-01 14:36:38', 'admin', null, null, null, 'Used');
INSERT INTO `sys_user` VALUES ('732a403df9364ceb9b0203210339eb44', 'ieg_common', '$2a$10$ygVTWSro2J2V0ZB7Kj65k.oogAmdXMa7gxsILPJWZNOFT0qkkfBQ.', '13888888888', '', '2019-04-11', 'Man', null, '2019-04-11 20:03:47', 'ieg', null, null, null, 'Used');
INSERT INTO `sys_user` VALUES ('94492b8bd0d74afb9c1af5c8fc36d57e', 'common1', '$2a$10$1Y.BV0PuHPyz06FRxOE1J.AfZmZcso9MswvP7AUlOWyBaZwuFnc16', '13333333333', 'common1', '2019-01-25', 'Man', '/assets/user/photo/e4e0cad0e81449dda2ff343478f8f02f_2.jpg', '2019-01-22 13:32:51', null, '2019-03-28 13:48:39', 'ieg', null, 'Used');
INSERT INTO `sys_user` VALUES ('94d8f27841bf40fb942c8d865ba0e002', 'common4', '$2a$10$OVoglXKNQzkQLwI8CCdpAu3WFH8m353e2A36ncHaVx4OD7GJ90bcm', '13555555555', 'common4', '2019-02-06', 'Man', null, '2019-02-01 14:35:19', 'admin', null, null, null, 'Used');
INSERT INTO `sys_user` VALUES ('b55e207f09334fe98a1047fa87d802f6', 'ieg', '$2a$10$c6FyBQIab4RhWbj1EhbBgurvR5pf7SxMGybxMDU39.af.PWheaxeS', '13333333333', 'ieg', '2019-03-05', 'Man', '/assets/user/photo/0b7207e97bb246489d3f55bf27828260_2.jpg', '2019-03-24 11:25:47', 'admin', '2019-03-28 13:49:05', 'ieg', null, 'Used');
INSERT INTO `sys_user` VALUES ('d78b19eecc524d5a8ee39126471a92dd', 'common9', '$2a$10$6dyAm/ue2A2MTJ2tp6MxJOjRq.hYAvNsOhDfEAdXCpH3KIlyP0hKC', '13333333333', 'common9', '2019-02-22', 'Man', null, '2019-02-01 14:37:00', 'admin', null, null, null, 'Used');
INSERT INTO `sys_user` VALUES ('d8c3368d55d8414cab00bafb5d733aca', 'common2', '$2a$10$9D9Mq5nj7ssoytVNJJrB.OvZZuM.xIqwPC64D6fFwQpvK78phhtsS', '13888888888', 'common2', '2019-01-28', 'Man', null, '2019-01-28 17:06:22', null, null, null, null, 'Used');

-- ----------------------------
-- Table structure for sys_user_dept
-- ----------------------------
DROP TABLE IF EXISTS `sys_user_dept`;
CREATE TABLE `sys_user_dept` (
  `user_id` varchar(64) NOT NULL COMMENT 'ID',
  `dept_id` varchar(64) NOT NULL COMMENT 'ID',
  `create_date` timestamp NULL DEFAULT CURRENT_TIMESTAMP COMMENT '',
  `create_by` varchar(64) CHARACTER SET utf8mb4 COLLATE utf8mb4_bin DEFAULT NULL COMMENT '',
  `update_date` timestamp NULL DEFAULT NULL ON UPDATE CURRENT_TIMESTAMP COMMENT '',
  `update_by` varchar(64) CHARACTER SET utf8mb4 COLLATE utf8mb4_bin DEFAULT NULL COMMENT '',
  `remark` varchar(255) CHARACTER SET utf8mb4 COLLATE utf8mb4_bin DEFAULT NULL COMMENT '',
  `delete_flag` varchar(10) CHARACTER SET utf8mb4 COLLATE utf8mb4_bin DEFAULT 'Used' COMMENT 'used disable delete',
  PRIMARY KEY (`user_id`,`dept_id`)
) ENGINE=InnoDB DEFAULT CHARSET=utf8 COMMENT='';

-- ----------------------------
-- Records of sys_user_dept
-- ----------------------------
INSERT INTO `sys_user_dept` VALUES ('1', '50f2a61a8321423aa6534d36aa2dafb6', '2019-02-27 16:08:00', 'admin', null, null, null, 'Used');
INSERT INTO `sys_user_dept` VALUES ('237f91e6cd1245dbb585f585d3f3b75e', '212b1467fb53491a9b80f7f689d4f435', '2019-02-01 14:36:22', 'admin', null, null, null, 'Used');
INSERT INTO `sys_user_dept` VALUES ('23bae2f290a947ae86e1731dcd2d7988', 'a35e5084e51e486e96615eba477ce68f', '2019-02-01 14:35:44', 'admin', null, null, null, 'Used');
INSERT INTO `sys_user_dept` VALUES ('2a635f6c3875401497c9953e311faeff', '7b5b0cc6c5b8467891c46dc945b0ef12', '2019-03-17 11:46:29', 'admin', null, null, null, 'Used');
INSERT INTO `sys_user_dept` VALUES ('36f8103bf41c4098b72d28734c5fb2ed', 'cfdfef67079e45139125c91c7e016e8a', '2019-01-30 14:48:58', 'admin', null, null, null, 'Used');
INSERT INTO `sys_user_dept` VALUES ('514122a8c3944f10b245399aafc8978d', '5020de4a820c4be1bef0144836b26544', '2019-02-01 14:36:03', 'admin', null, null, null, 'Used');
INSERT INTO `sys_user_dept` VALUES ('5b0048391d5e497398d363cbad1a21eb', '212b1467fb53491a9b80f7f689d4f435', '2019-04-10 19:22:26', 'ieg', null, null, null, 'Used');
INSERT INTO `sys_user_dept` VALUES ('6e2d55ca9b604e01b17b03c4fd7821d0', '212b1467fb53491a9b80f7f689d4f435', '2019-02-01 14:36:38', 'admin', null, null, null, 'Used');
INSERT INTO `sys_user_dept` VALUES ('732a403df9364ceb9b0203210339eb44', '7b5b0cc6c5b8467891c46dc945b0ef12', '2019-04-11 20:03:47', 'ieg', null, null, null, 'Used');
INSERT INTO `sys_user_dept` VALUES ('94492b8bd0d74afb9c1af5c8fc36d57e', '7b5b0cc6c5b8467891c46dc945b0ef12', '2019-03-28 13:48:39', 'ieg', null, null, null, 'Used');
INSERT INTO `sys_user_dept` VALUES ('94d8f27841bf40fb942c8d865ba0e002', '7b5b0cc6c5b8467891c46dc945b0ef12', '2019-02-01 14:35:19', 'admin', null, null, null, 'Used');
INSERT INTO `sys_user_dept` VALUES ('b55e207f09334fe98a1047fa87d802f6', '50f2a61a8321423aa6534d36aa2dafb6', '2019-03-28 13:49:05', 'ieg', null, null, null, 'Used');
INSERT INTO `sys_user_dept` VALUES ('d78b19eecc524d5a8ee39126471a92dd', '7b5b0cc6c5b8467891c46dc945b0ef12', '2019-02-01 14:37:00', 'admin', null, null, null, 'Used');
INSERT INTO `sys_user_dept` VALUES ('d8c3368d55d8414cab00bafb5d733aca', 'cfdfef67079e45139125c91c7e016e8a', '2019-01-28 17:06:22', null, null, null, null, 'Used');

-- ----------------------------
-- Table structure for sys_user_role
-- ----------------------------
DROP TABLE IF EXISTS `sys_user_role`;
CREATE TABLE `sys_user_role` (
  `user_id` varchar(64) NOT NULL COMMENT 'ID',
  `role_id` varchar(64) NOT NULL COMMENT 'ID',
  `create_date` timestamp NULL DEFAULT CURRENT_TIMESTAMP COMMENT '',
  `create_by` varchar(64) CHARACTER SET utf8mb4 COLLATE utf8mb4_bin DEFAULT NULL COMMENT '',
  `update_date` timestamp NULL DEFAULT NULL ON UPDATE CURRENT_TIMESTAMP COMMENT '',
  `update_by` varchar(64) CHARACTER SET utf8mb4 COLLATE utf8mb4_bin DEFAULT NULL COMMENT '',
  `remark` varchar(255) CHARACTER SET utf8mb4 COLLATE utf8mb4_bin DEFAULT NULL COMMENT '',
  `delete_flag` varchar(10) CHARACTER SET utf8mb4 COLLATE utf8mb4_bin DEFAULT 'Used' COMMENT 'used disable delete',
  PRIMARY KEY (`user_id`,`role_id`)
) ENGINE=InnoDB DEFAULT CHARSET=utf8 COMMENT='';

-- ----------------------------
-- Records of sys_user_role
-- ----------------------------
INSERT INTO `sys_user_role` VALUES ('1', '1', '2019-02-27 16:08:00', 'admin', null, null, null, 'Used');
INSERT INTO `sys_user_role` VALUES ('237f91e6cd1245dbb585f585d3f3b75e', 'b5270709547143e5afb16c1f5c61ce95', '2019-02-01 14:36:22', 'admin', null, null, null, 'Used');
INSERT INTO `sys_user_role` VALUES ('23bae2f290a947ae86e1731dcd2d7988', 'b5270709547143e5afb16c1f5c61ce95', '2019-02-01 14:35:44', 'admin', null, null, null, 'Used');
INSERT INTO `sys_user_role` VALUES ('2a635f6c3875401497c9953e311faeff', 'b5270709547143e5afb16c1f5c61ce95', '2019-03-17 11:46:29', 'admin', null, null, null, 'Used');
INSERT INTO `sys_user_role` VALUES ('36f8103bf41c4098b72d28734c5fb2ed', 'b5270709547143e5afb16c1f5c61ce95', '2019-01-30 14:48:58', 'admin', null, null, null, 'Used');
INSERT INTO `sys_user_role` VALUES ('514122a8c3944f10b245399aafc8978d', 'b5270709547143e5afb16c1f5c61ce95', '2019-02-01 14:36:03', 'admin', null, null, null, 'Used');
INSERT INTO `sys_user_role` VALUES ('5b0048391d5e497398d363cbad1a21eb', 'b5270709547143e5afb16c1f5c61ce95', '2019-04-10 19:22:26', 'ieg', null, null, null, 'Used');
INSERT INTO `sys_user_role` VALUES ('6e2d55ca9b604e01b17b03c4fd7821d0', 'b5270709547143e5afb16c1f5c61ce95', '2019-02-01 14:36:38', 'admin', null, null, null, 'Used');
INSERT INTO `sys_user_role` VALUES ('732a403df9364ceb9b0203210339eb44', '4501a9f26d654722b4877a559c18751a', '2019-04-11 20:03:47', 'ieg', null, null, null, 'Used');
INSERT INTO `sys_user_role` VALUES ('94492b8bd0d74afb9c1af5c8fc36d57e', 'b5270709547143e5afb16c1f5c61ce95', '2019-03-28 13:48:39', 'ieg', null, null, null, 'Used');
INSERT INTO `sys_user_role` VALUES ('94d8f27841bf40fb942c8d865ba0e002', 'b5270709547143e5afb16c1f5c61ce95', '2019-02-01 14:35:19', 'admin', null, null, null, 'Used');
INSERT INTO `sys_user_role` VALUES ('b55e207f09334fe98a1047fa87d802f6', '74c618cacb7344b58dab4fdb8601bccc', '2019-03-28 13:49:05', 'ieg', null, null, null, 'Used');
INSERT INTO `sys_user_role` VALUES ('d78b19eecc524d5a8ee39126471a92dd', 'b5270709547143e5afb16c1f5c61ce95', '2019-02-01 14:37:00', 'admin', null, null, null, 'Used');
INSERT INTO `sys_user_role` VALUES ('d78b19eecc524d5a8ee39126471a92dd', 'd68fd78cb816477ea948734124de9eb6', '2019-02-01 14:37:00', 'admin', null, null, null, 'Used');
INSERT INTO `sys_user_role` VALUES ('d8c3368d55d8414cab00bafb5d733aca', 'd68fd78cb816477ea948734124de9eb6', '2019-01-28 17:06:22', null, null, null, null, 'Used');

-- ----------------------------
-- Table structure for test_mb
-- ----------------------------
DROP TABLE IF EXISTS `test_mb`;
CREATE TABLE `test_mb` (
  `id` varchar(64) COLLATE utf8mb4_bin NOT NULL COMMENT 'ID',
  `username` varchar(64) COLLATE utf8mb4_bin NOT NULL COMMENT '',
  `password` varchar(255) COLLATE utf8mb4_bin NOT NULL,
  `create_date` timestamp NULL DEFAULT CURRENT_TIMESTAMP COMMENT '',
  `create_by` varchar(64) COLLATE utf8mb4_bin DEFAULT NULL COMMENT '',
  `update_date` timestamp NULL DEFAULT NULL ON UPDATE CURRENT_TIMESTAMP COMMENT '',
  `update_by` varchar(64) COLLATE utf8mb4_bin DEFAULT NULL COMMENT '',
  `remark` varchar(255) COLLATE utf8mb4_bin DEFAULT NULL COMMENT '',
  `delete_flag` varchar(10) COLLATE utf8mb4_bin DEFAULT 'Used' COMMENT 'used disable delete',
  `b` tinyint(1) DEFAULT NULL,
  PRIMARY KEY (`id`)
) ENGINE=InnoDB DEFAULT CHARSET=utf8mb4 COLLATE=utf8mb4_bin COMMENT='mybatis ';

-- ----------------------------
-- Records of test_mb
-- ----------------------------
INSERT INTO `test_mb` VALUES ('dd44edee2c1c4f4f81fd35ab9357327a', 'update', '123', '2018-11-09 11:25:36', 'admin_test', '2018-12-08 10:04:38', 'admin_test', null, 'Delete', '1');

-- ----------------------------
-- View structure for sys_log
-- ----------------------------
DROP VIEW IF EXISTS `sys_log`;
CREATE ALGORITHM=UNDEFINED DEFINER=`root`@`localhost` SQL SECURITY DEFINER VIEW `sys_log` AS select `sys_log_0`.`id` AS `id`,`sys_log_0`.`user_name` AS `user_name`,`sys_log_0`.`ip` AS `ip`,`sys_log_0`.`url` AS `url`,`sys_log_0`.`http_method` AS `http_method`,`sys_log_0`.`class_method` AS `class_method`,`sys_log_0`.`param` AS `param`,`sys_log_0`.`handle_length` AS `handle_length`,`sys_log_0`.`create_date` AS `create_date`,`sys_log_0`.`create_by` AS `create_by`,`sys_log_0`.`update_date` AS `update_date`,`sys_log_0`.`update_by` AS `update_by`,`sys_log_0`.`remark` AS `remark`,`sys_log_0`.`delete_flag` AS `delete_flag` from `sys_log_0` union all select `sys_log_1`.`id` AS `id`,`sys_log_1`.`user_name` AS `user_name`,`sys_log_1`.`ip` AS `ip`,`sys_log_1`.`url` AS `url`,`sys_log_1`.`http_method` AS `http_method`,`sys_log_1`.`class_method` AS `class_method`,`sys_log_1`.`param` AS `param`,`sys_log_1`.`handle_length` AS `handle_length`,`sys_log_1`.`create_date` AS `create_date`,`sys_log_1`.`create_by` AS `create_by`,`sys_log_1`.`update_date` AS `update_date`,`sys_log_1`.`update_by` AS `update_by`,`sys_log_1`.`remark` AS `remark`,`sys_log_1`.`delete_flag` AS `delete_flag` from `sys_log_1` union all select `sys_log_2`.`id` AS `id`,`sys_log_2`.`user_name` AS `user_name`,`sys_log_2`.`ip` AS `ip`,`sys_log_2`.`url` AS `url`,`sys_log_2`.`http_method` AS `http_method`,`sys_log_2`.`class_method` AS `class_method`,`sys_log_2`.`param` AS `param`,`sys_log_2`.`handle_length` AS `handle_length`,`sys_log_2`.`create_date` AS `create_date`,`sys_log_2`.`create_by` AS `create_by`,`sys_log_2`.`update_date` AS `update_date`,`sys_log_2`.`update_by` AS `update_by`,`sys_log_2`.`remark` AS `remark`,`sys_log_2`.`delete_flag` AS `delete_flag` from `sys_log_2` union all select `sys_log_3`.`id` AS `id`,`sys_log_3`.`user_name` AS `user_name`,`sys_log_3`.`ip` AS `ip`,`sys_log_3`.`url` AS `url`,`sys_log_3`.`http_method` AS `http_method`,`sys_log_3`.`class_method` AS `class_method`,`sys_log_3`.`param` AS `param`,`sys_log_3`.`handle_length` AS `handle_length`,`sys_log_3`.`create_date` AS `create_date`,`sys_log_3`.`create_by` AS `create_by`,`sys_log_3`.`update_date` AS `update_date`,`sys_log_3`.`update_by` AS `update_by`,`sys_log_3`.`remark` AS `remark`,`sys_log_3`.`delete_flag` AS `delete_flag` from `sys_log_3` union all select `sys_log_4`.`id` AS `id`,`sys_log_4`.`user_name` AS `user_name`,`sys_log_4`.`ip` AS `ip`,`sys_log_4`.`url` AS `url`,`sys_log_4`.`http_method` AS `http_method`,`sys_log_4`.`class_method` AS `class_method`,`sys_log_4`.`param` AS `param`,`sys_log_4`.`handle_length` AS `handle_length`,`sys_log_4`.`create_date` AS `create_date`,`sys_log_4`.`create_by` AS `create_by`,`sys_log_4`.`update_date` AS `update_date`,`sys_log_4`.`update_by` AS `update_by`,`sys_log_4`.`remark` AS `remark`,`sys_log_4`.`delete_flag` AS `delete_flag` from `sys_log_4` union all select `sys_log_5`.`id` AS `id`,`sys_log_5`.`user_name` AS `user_name`,`sys_log_5`.`ip` AS `ip`,`sys_log_5`.`url` AS `url`,`sys_log_5`.`http_method` AS `http_method`,`sys_log_5`.`class_method` AS `class_method`,`sys_log_5`.`param` AS `param`,`sys_log_5`.`handle_length` AS `handle_length`,`sys_log_5`.`create_date` AS `create_date`,`sys_log_5`.`create_by` AS `create_by`,`sys_log_5`.`update_date` AS `update_date`,`sys_log_5`.`update_by` AS `update_by`,`sys_log_5`.`remark` AS `remark`,`sys_log_5`.`delete_flag` AS `delete_flag` from `sys_log_5` union all select `sys_log_6`.`id` AS `id`,`sys_log_6`.`user_name` AS `user_name`,`sys_log_6`.`ip` AS `ip`,`sys_log_6`.`url` AS `url`,`sys_log_6`.`http_method` AS `http_method`,`sys_log_6`.`class_method` AS `class_method`,`sys_log_6`.`param` AS `param`,`sys_log_6`.`handle_length` AS `handle_length`,`sys_log_6`.`create_date` AS `create_date`,`sys_log_6`.`create_by` AS `create_by`,`sys_log_6`.`update_date` AS `update_date`,`sys_log_6`.`update_by` AS `update_by`,`sys_log_6`.`remark` AS `remark`,`sys_log_6`.`delete_flag` AS `delete_flag` from `sys_log_6` union all select `sys_log_7`.`id` AS `id`,`sys_log_7`.`user_name` AS `user_name`,`sys_log_7`.`ip` AS `ip`,`sys_log_7`.`url` AS `url`,`sys_log_7`.`http_method` AS `http_method`,`sys_log_7`.`class_method` AS `class_method`,`sys_log_7`.`param` AS `param`,`sys_log_7`.`handle_length` AS `handle_length`,`sys_log_7`.`create_date` AS `create_date`,`sys_log_7`.`create_by` AS `create_by`,`sys_log_7`.`update_date` AS `update_date`,`sys_log_7`.`update_by` AS `update_by`,`sys_log_7`.`remark` AS `remark`,`sys_log_7`.`delete_flag` AS `delete_flag` from `sys_log_7` union all select `sys_log_8`.`id` AS `id`,`sys_log_8`.`user_name` AS `user_name`,`sys_log_8`.`ip` AS `ip`,`sys_log_8`.`url` AS `url`,`sys_log_8`.`http_method` AS `http_method`,`sys_log_8`.`class_method` AS `class_method`,`sys_log_8`.`param` AS `param`,`sys_log_8`.`handle_length` AS `handle_length`,`sys_log_8`.`create_date` AS `create_date`,`sys_log_8`.`create_by` AS `create_by`,`sys_log_8`.`update_date` AS `update_date`,`sys_log_8`.`update_by` AS `update_by`,`sys_log_8`.`remark` AS `remark`,`sys_log_8`.`delete_flag` AS `delete_flag` from `sys_log_8` union all select `sys_log_9`.`id` AS `id`,`sys_log_9`.`user_name` AS `user_name`,`sys_log_9`.`ip` AS `ip`,`sys_log_9`.`url` AS `url`,`sys_log_9`.`http_method` AS `http_method`,`sys_log_9`.`class_method` AS `class_method`,`sys_log_9`.`param` AS `param`,`sys_log_9`.`handle_length` AS `handle_length`,`sys_log_9`.`create_date` AS `create_date`,`sys_log_9`.`create_by` AS `create_by`,`sys_log_9`.`update_date` AS `update_date`,`sys_log_9`.`update_by` AS `update_by`,`sys_log_9`.`remark` AS `remark`,`sys_log_9`.`delete_flag` AS `delete_flag` from `sys_log_9` ;
